date,RV_BTC,btc_close,btc_volume,btc_trade_count,hash_rate,difficulty,avg_conf_time,tx_per_block,avg_block_size,fear_greed,sp500_close,sp500_volume,vix_close,RV_lag1,RV_lag2,RV_lag3,RV_ma7,RV_ma30
2019-07-17,5.827713033642321,9439.59,97219.443413,796646.0,72994256.2884298,9064159826491.0,13.7131741272164,2242.82098765432,1.09887527777778,34.0,3004.0400390625,3297030000.0,12.859999656677246,7.43067590503789,5.516580120486648,4.679081534554226,5.730279983828098,5.6456980061402255
2019-07-18,10.519965649232729,9667.92,84942.672717,757742.0,59927383.249143,9064159826491.0,43.4039324564751,2442.7969924812,1.15372490977444,19.0,2984.419921875,3185650000.0,13.970000267028809,7.461419728980688,7.43067590503789,5.516580120486648,5.992262616751263,5.723315027876189
2019-07-19,4.558965251611931,10627.16,80283.310252,734821.0,54520401.3018519,9064159826491.0,55.5722361262786,2609.46280991736,1.26103424793388,40.0,2995.110107421875,3369820000.0,13.529999732971191,5.827713033642321,7.461419728980688,7.43067590503789,5.968672920656582,5.79067982083255
2019-07-20,3.252035486946397,10504.29,56546.932133,567735.0,53168655.8150291,9064159826491.0,120.624187405745,2541.44915254237,1.26290437288136,42.0,2976.610107421875,3285890000.0,14.449999809265137,10.519965649232729,5.827713033642321,7.461419728980688,6.525107530776947,6.046798001011922
2019-07-21,3.3506696362214963,10740.23,47331.899848,461660.0,79752983.7225436,9064159826491.0,179.729274369951,1824.87005649718,1.04757059322034,34.0,2976.610107421875,3285890000.0,14.449999809265137,4.558965251611931,10.519965649232729,5.827713033642321,6.570628746220919,6.13492551326004
2019-07-22,4.085464738896973,10589.45,38834.287935,395452.0,67136692.5121977,9064159826491.0,14.392218001175,1905.59731543624,0.887190201342282,42.0,2976.610107421875,3285890000.0,14.449999809265137,3.252035486946397,4.558965251611931,10.519965649232729,6.366765025134086,6.17447163282005
2019-07-23,3.069841988546288,10340.31,40467.954839,389565.0,71191928.9726661,9064159826491.0,21.4896473972591,2021.51265822785,1.00448546835443,42.0,2985.030029296875,3016200000.0,13.529999732971191,3.3506696362214963,3.252035486946397,4.558965251611931,6.057349241667636,6.167512534801785
2019-07-24,4.523132318831958,9864.91,47624.37071,448147.0,64212845.1846116,9033161130737.77,37.1977307513705,2240.22377622378,1.1037651048951,40.0,3005.469970703125,3333810000.0,12.609999656677246,4.085464738896973,3.3506696362214963,3.252035486946397,5.579461932218933,6.0609531513929085
2019-07-25,4.153849516874419,9763.28,43475.380377,424762.0,62282811.3455415,9013786945892.0,20.8095517264464,2126.53956834532,1.10729387769784,20.0,3019.56005859375,3433220000.0,12.069999694824219,3.069841988546288,4.085464738896973,3.3506696362214963,4.952093683585447,6.033263384400388
2019-07-26,2.0618057974082125,9879.87,37873.354728,368176.0,67211666.9196491,9013786945892.0,36.5219532695638,2243.57333333333,1.13333078666667,42.0,3003.669921875,3657050000.0,12.739999771118164,4.523132318831958,3.069841988546288,4.085464738896973,4.76572501004111,6.080151372195414
2019-07-27,6.333218720170093,9824.0,27167.463217,299935.0,74380911.3910783,9013786945892.0,13.6325961111061,1925.3734939759,0.957042542168674,24.0,3025.860107421875,3260170000.0,12.15999984741211,4.153849516874419,4.523132318831958,3.069841988546288,3.856279848275637,6.103749851778911
2019-07-28,1.7470792928152128,9476.52,43809.778301,401418.0,68107822.4785777,9013786945892.0,11.9364774478899,1867.71052631579,0.85809665131579,47.0,3025.860107421875,3260170000.0,12.15999984741211,2.0618057974082125,4.153849516874419,4.523132318831958,3.4995427833893915,5.741400412280786
2019-07-29,2.2674248642935555,9541.54,29401.022937,271327.0,78413611.4062573,9013786945892.0,8.25645254719534,1559.85142857143,0.70364656,16.0,3025.860107421875,3260170000.0,12.15999984741211,6.333218720170093,2.0618057974082125,4.153849516874419,3.939711816707063,5.579427641468106
2019-07-30,2.0552165000909617,9507.64,29021.937411,294468.0,75277066.950007,9013786945892.0,14.4852095928556,1985.82738095238,0.960283160714286,19.0,3020.969970703125,3224490000.0,12.829999923706055,1.7470792928152128,6.333218720170093,2.0618057974082125,3.7106274819347362,5.365446363257616
2019-07-31,2.876682145587689,9574.21,32536.368834,283961.0,63627044.6839344,9013786945892.0,47.06662815325,2312.5,1.168352,22.0,3013.179931640625,3632770000.0,13.9399995803833,2.2674248642935555,1.7470792928152128,6.333218720170093,3.4509074998485336,5.230166715550634
2019-08-01,2.2888611431894077,10080.53,39515.35456,364212.0,76621300.2883999,9013786945892.0,18.6628126279472,2113.08187134503,1.00736548538012,31.0,2980.3798828125,4626330000.0,16.1200008392334,2.0552165000909617,2.2674248642935555,1.7470792928152128,3.3059610014977734,5.074227997016348
2019-08-02,2.758145124252229,10374.99,41727.637028,378062.0,63627044.6839344,9013786945892.0,27.6101681587632,2365.79577464789,1.15085085915493,57.0,2953.56005859375,4793810000.0,17.8700008392334,2.876682145587689,2.0552165000909617,2.2674248642935555,3.0707538338914486,4.95326595587401
2019-08-03,2.417725967806002,10523.75,42990.444221,431322.0,75725144.7294713,9013786945892.0,15.9427039519774,2068.37869822485,1.0332159408284,61.0,2932.050048828125,3882810000.0,17.610000610351562,2.2888611431894077,2.876682145587689,2.0552165000909617,2.8043269233650188,4.735192342091556
2019-08-04,2.8186746146191153,10816.86,33802.318824,348893.0,77517455.8473286,9013786945892.0,8.92732166356241,1893.57225433526,0.847532514450867,61.0,2932.050048828125,3882810000.0,17.610000610351562,2.758145124252229,2.2888611431894077,2.876682145587689,2.9038039700570217,4.551544130259486
2019-08-05,4.297636259301123,10929.23,39924.745141,353721.0,74828989.1705426,9013786945892.0,9.20503477891746,1789.25149700599,0.825016580838323,62.0,2932.050048828125,3882810000.0,17.610000610351562,2.417725967806002,2.758145124252229,2.2888611431894077,2.3444478625764367,4.453241934960575
2019-08-06,5.998546527020629,11828.8,65153.673713,622610.0,70305379.0080994,9890230141833.76,29.4139018510657,2371.58041958042,1.17950344055944,64.0,2844.739990234375,4542850000.0,24.59000015258789,2.8186746146191153,2.417725967806002,2.758145124252229,2.497532908548423,4.370462952012705
2019-08-07,4.690504077170832,11481.69,76705.389875,625827.0,79916269.034042,9985348008060.0,37.5627131535352,2287.87577639752,1.14529517391304,66.0,2881.77001953125,4156640000.0,20.170000076293945,4.297636259301123,2.8186746146191153,2.417725967806002,2.787563107835218,4.336667766855069
2019-08-08,2.942317201069492,11975.03,69173.390353,592916.0,75945274.2994312,9985348008060.0,20.2724519089719,2424.24183006536,1.13438988235294,45.0,2883.97998046875,4512720000.0,19.489999771118164,5.998546527020629,4.297636259301123,2.8186746146191153,3.3508959688251707,4.43083028657637
2019-08-09,1.8817674296410922,11999.77,51207.257174,473584.0,70485156.5393414,9985348008060.0,98.6164955852286,2367.47183098592,1.23935686619718,61.0,2938.090087890625,4118530000.0,16.90999984741211,4.690504077170832,5.998546527020629,4.297636259301123,3.6100133876227622,4.450884609010232
2019-08-10,4.406123844306388,11879.99,39427.152588,410902.0,72967028.2484731,9985348008060.0,27.5970567668051,2320.57823129252,1.15657972789116,60.0,2918.64990234375,3356850000.0,17.969999313354492,2.942317201069492,4.690504077170832,5.998546527020629,3.703364253034203,4.361377139095263
2019-08-11,1.898095565581255,11309.31,42633.087048,399237.0,74952525.6157785,9985348008060.0,10.0749602522987,2014.15894039735,0.910549139072848,59.0,2918.64990234375,3356850000.0,17.969999313354492,1.8817674296410922,2.942317201069492,4.690504077170832,3.5781674395183267,4.224341356539798
2019-08-12,1.3449007532564083,11549.97,26772.90691,306234.0,75945274.2994312,9985348008060.0,8.23197421519449,1786.14379084967,0.791410215686274,45.0,2918.64990234375,3356850000.0,17.969999313354492,4.406123844306388,1.8817674296410922,2.942317201069492,3.8622242790183816,4.1503813720703375
2019-08-13,2.249559506895088,11396.08,17568.227075,255966.0,66017787.4629043,9985348008060.0,16.9752824809575,2236.43609022556,1.03599922556391,48.0,2882.699951171875,3328570000.0,21.09000015258789,1.898095565581255,4.406123844306388,1.8817674296410922,3.730712986298687,4.0723073328062425
2019-08-14,4.007891014962791,10892.71,33234.72968,337834.0,77930771.6667366,9985348008060.0,80.4517397927845,2361.44585987261,1.18956887261147,45.0,2926.320068359375,3857190000.0,17.520000457763672,1.3449007532564083,1.898095565581255,4.406123844306388,3.3088936282922994,3.9611679734296477
2019-08-15,3.7299031864097443,10050.37,54451.847499,534507.0,75448899.9576049,9985348008060.0,24.3890414669612,2368.40131578947,1.13971276973684,11.0,2840.60009765625,4325150000.0,22.100000381469727,2.249559506895088,1.3449007532564083,1.898095565581255,2.773324053988651,3.8522672863099294
2019-08-16,4.738457892545099,10293.93,38174.45112,373368.0,77930771.6667366,9985348008060.0,20.7043727783933,2265.24840764331,1.06614657961783,13.0,2847.60009765625,4041720000.0,21.18000030517578,4.007891014962791,2.249559506895088,1.3449007532564083,2.675807902244645,3.7381744566407593
2019-08-17,3.4756362697236787,10331.54,51758.142918,504740.0,72967028.2484731,9985348008060.0,36.2140498280111,2201.5306122449,1.0359847414966,31.0,2888.679931640625,3524080000.0,18.469999313354492,3.7299031864097443,4.007891014962791,2.249559506895088,2.788320185864681,3.6137905718883947
2019-08-18,2.39836222529619,10216.02,29000.581201,332795.0,63535915.7537725,9985348008060.0,18.5930185764865,2252.0,0.9967702890625,20.0,2888.679931640625,3524080000.0,18.469999313354492,4.738457892545099,3.7299031864097443,4.007891014962791,3.196418823422396,3.5774820671851537
2019-08-19,3.243713132578225,10306.78,24085.395172,265705.0,62740159.3489764,10016798869144.1,17.3049294411841,2193.37301587302,0.949509166666667,14.0,2888.679931640625,3524080000.0,18.469999313354492,3.4756362697236787,4.738457892545099,3.7299031864097443,3.063492027053438,3.3426710878681853
2019-08-20,2.462978047325476,10915.54,37243.319217,337022.0,82514504.7903757,10183488432890.0,20.8938323865671,2027.44171779141,0.938905619631902,30.0,2923.64990234375,3221050000.0,16.8799991607666,2.39836222529619,3.4756362697236787,4.738457892545099,3.134958692727,3.270650986990994
2019-08-21,4.35961211789546,10760.51,32298.921679,305065.0,77452265.232684,10183488432890.0,24.8355380679256,2178.45751633987,1.0772132745098,39.0,2900.510009765625,3067710000.0,17.5,3.243713132578225,2.39836222529619,3.4756362697236787,3.4062176040586882,3.2703735751787217
2019-08-22,3.6149868067150868,10142.57,47355.719282,458814.0,68846457.984608,10183488432890.0,32.3899248030473,2270.64705882353,1.18841401470588,11.0,2924.429931640625,3016540000.0,15.800000190734863,2.462978047325476,3.243713132578225,2.39836222529619,3.436705966977315,3.2407838555488544
2019-08-23,2.3341693051491306,10099.88,34059.642738,401148.0,71377577.7634539,10183488432890.0,44.7557622967746,2286.90070921986,1.24188624113475,5.0,2922.949951171875,2893660000.0,16.68000030517578,4.35961211789546,2.462978047325476,3.243713132578225,3.4869518388248393,3.249922101515471
2019-08-24,2.7707082046080336,10389.55,27550.336173,326866.0,77452265.232684,10183488432890.0,16.8202688870834,2223.66013071895,1.09552086928105,33.0,2847.110107421875,3942520000.0,19.8700008392334,3.6149868067150868,4.35961211789546,2.462978047325476,3.470535213154174,3.2680935954544306
2019-08-25,3.230427309215015,10134.35,27692.456844,313227.0,80995832.9230682,10183488432890.0,13.5548501240521,1903.00625,0.97712728125,39.0,2847.110107421875,3942520000.0,19.8700008392334,2.3341693051491306,3.6149868067150868,4.35961211789546,3.127065414954749,3.1951281616650027
2019-08-26,3.8166693602129014,10142.69,26271.657398,289956.0,78464713.1442223,10183488432890.0,9.20165534223505,1864.09032258065,0.804201896774194,33.0,2847.110107421875,3942520000.0,19.8700008392334,2.7707082046080336,2.3341693051491306,3.6149868067150868,3.0263614056525148,3.1490234512561233
2019-08-27,1.4462799204343346,10372.25,41687.511599,405316.0,69352681.9403772,10183488432890.0,43.5422972127893,2322.76642335766,1.17041413868613,41.0,2878.3798828125,2859790000.0,19.31999969482422,3.230427309215015,2.7707082046080336,2.3341693051491306,3.145227846212347,3.1879775016496836
2019-08-28,5.016221270046891,10185.05,28402.775383,292888.0,68340234.0288388,10183488432890.0,29.7763470279035,2414.6962962963,1.15973937777778,30.0,2869.159912109375,3537490000.0,20.309999465942383,3.8166693602129014,3.230427309215015,2.7707082046080336,3.2270787358744433,3.104092522984444
2019-08-29,2.579217659374652,9721.0,42110.555375,381293.0,76439817.3211456,10183488432890.0,30.6289844175681,2259.60264900662,1.03846713907285,32.0,2887.93994140625,3102480000.0,19.350000381469727,1.4462799204343346,3.8166693602129014,3.230427309215015,3.0818361463185657,3.0940658772384144
2019-08-30,1.6470779548693586,9498.44,35532.69491,343887.0,83526952.7019141,10183488432890.0,15.375625484894,2101.41818181818,0.995517387878788,20.0,2924.580078125,3177150000.0,17.8799991607666,5.016221270046891,1.4462799204343346,3.8166693602129014,3.1756374537687706,3.185692424096859
2019-08-31,2.112530402450683,9584.54,26834.318104,259270.0,80995832.9230682,10183488432890.0,19.0494036023392,2182.5,1.0054113,24.0,2926.4599609375,3009910000.0,18.979999542236328,2.579217659374652,5.016221270046891,1.4462799204343346,3.0276704327201367,3.2031591294063153
2019-09-01,1.4331113753265337,9587.47,17130.290074,199188.0,84033176.6576833,10183488432890.0,8.99777016050343,2061.4156626506,0.874326186746988,20.0,2926.4599609375,3009910000.0,18.979999542236328,1.6470779548693586,2.579217659374652,5.016221270046891,2.929514525537312,3.1621723230490373
2019-09-02,2.858005565509256,9724.98,19545.404843,191324.0,75959123.8204752,10685572378039.5,11.5723787677286,1996.27972027972,0.885620447552447,24.0,2926.4599609375,3009910000.0,18.979999542236328,2.112530402450683,1.6470779548693586,2.579217659374652,2.8354891252291194,3.1562946316910803
2019-09-03,2.502211828283462,10340.0,44740.248093,354155.0,79786349.9315495,10771996663680.0,29.1429433763589,2196.29530201342,1.0557643557047,28.0,2926.4599609375,3009910000.0,18.979999542236328,1.4331113753265337,2.112530402450683,1.6470779548693586,2.5787297061021937,3.1121268400602236
2019-09-04,2.8999840925628715,10615.28,47998.376781,416076.0,87818532.8105646,10771996663680.0,21.9982133643921,2259.94512195122,1.08815423170732,41.0,2906.27001953125,3427830000.0,19.65999984741211,2.858005565509256,1.4331113753265337,2.112530402450683,2.441777735430244,3.1268028266503323
2019-09-05,1.5614286475780572,10567.02,43943.889026,383457.0,72825124.7697365,10771996663680.0,48.4303444262459,2387.80147058824,1.17799423529412,43.0,2937.780029296875,3167900000.0,17.329999923706055,2.502211828283462,2.858005565509256,1.4331113753265337,2.592625150837262,3.1162540671058108
2019-09-06,4.395446652949066,10564.49,33970.960639,309846.0,88354011.6691656,10771996663680.0,19.3352024833411,2135.81818181818,1.02078255757576,41.0,2976.0,3902600000.0,16.270000457763672,2.8999840925628715,2.502211828283462,2.858005565509256,2.290305554053831,3.069665661547868
2019-09-07,1.3547828961657955,10298.73,58799.640959,455334.0,84605659.6589586,10771996663680.0,20.3752132023172,2313.48734177215,1.09143871518987,43.0,2978.7099609375,3209340000.0,15.0,1.5614286475780572,2.8999840925628715,2.502211828283462,2.1449071237971746,2.9217617322331164
2019-09-08,1.639561406147875,10455.88,27637.877392,272011.0,80321828.7901505,10771996663680.0,11.910011933659,2096.19333333333,0.92503502,39.0,2978.7099609375,3209340000.0,15.0,4.395446652949066,1.5614286475780572,2.8999840925628715,2.537531223522847,2.9119264847590576
2019-09-09,2.826053252013997,10381.18,23984.672018,237752.0,94779757.9723776,10771996663680.0,9.58714497184427,1629.98305084746,0.707172129943503,43.0,2978.7099609375,3209340000.0,15.0,1.3547828961657955,4.395446652949066,1.5614286475780572,2.429281579767863,2.8590086745956005
2019-09-10,2.054950468171768,10303.12,39835.727608,330459.0,78179913.3557465,10771996663680.0,26.5855105906771,2170.21917808219,1.08986510273973,41.0,2978.429931640625,4031120000.0,15.270000457763672,1.639561406147875,1.3547828961657955,4.395446652949066,2.4587744413137687,2.85093514047916
2019-09-11,2.0483117204021717,10098.15,28915.412225,286763.0,97457152.2653826,10771996663680.0,14.1217987818688,1867.35164835165,0.957443978021978,41.0,2979.389892578125,4393040000.0,15.199999809265137,2.826053252013997,1.639561406147875,1.3547828961657955,2.4542098251001607,2.7982661207360806
2019-09-12,1.8227029821041734,10158.33,31953.824562,309120.0,98528109.9825847,10771996663680.0,16.5100618988273,1838.45652173913,0.953451777173913,38.0,3000.929931640625,3934370000.0,14.609999656677246,2.054950468171768,2.826053252013997,1.639561406147875,2.390315345084204,2.803494617489098
2019-09-13,1.5080568630993123,10415.01,34511.162755,317881.0,84605659.6589586,10771996663680.0,12.4574523539289,2125.74683544304,0.97985764556962,39.0,3009.570068359375,3796990000.0,14.220000267028809,2.0483117204021717,2.054950468171768,2.826053252013997,2.2686478633469616,2.82694164972729
2019-09-14,1.0427193722248758,10342.06,30280.339776,304947.0,81711974.361587,10958429712866.0,17.8328660464771,2059.04,1.06961826666667,38.0,3007.389892578125,3557010000.0,13.739999771118164,1.8227029821041734,2.0483117204021717,2.054950468171768,2.305972768279264,2.812713098900926
2019-09-15,0.7757909156835068,10335.02,23621.533519,253929.0,91618125.6260619,11890594958796.0,16.0514178642996,1934.8,0.903661329032258,39.0,3007.389892578125,3557010000.0,13.739999771118164,1.5080568630993123,1.8227029821041734,2.0483117204021717,1.8934885125864418,2.72938529383881
2019-09-16,1.9011537297763441,10302.01,18047.654013,194733.0,86889448.1743942,11890594958796.0,21.1041604175361,1864.9387755102,0.86785037414966,38.0,3007.389892578125,3557010000.0,13.739999771118164,1.0427193722248758,1.5080568630993123,1.8227029821041734,1.8489080091663104,2.6398125000326473
2019-09-17,1.2148510791454248,10251.31,28971.401657,274368.0,96346803.0777296,11890594958796.0,16.7621546526943,2130.9263803681,1.05493929447853,38.0,2997.9599609375,4285860000.0,14.670000076293945,0.7757909156835068,1.0427193722248758,1.5080568630993123,1.7255122248142578,2.507723600803928
2019-09-18,0.8625279719182934,10187.82,22914.324563,287483.0,87480532.8558527,11890594958796.0,27.2609503494476,2322.82432432432,1.15771241216216,41.0,3005.699951171875,3673250000.0,14.4399995803833,1.9011537297763441,0.7757909156835068,1.0427193722248758,1.5933837216374502,2.4552408494723497
2019-09-19,3.7025952954140102,10156.99,24250.249303,299466.0,102848734.573773,11890594958796.0,18.5642324202751,2087.27011494253,1.06990544827586,38.0,3006.72998046875,3458800000.0,13.949999809265137,1.2148510791454248,1.9011537297763441,0.7757909156835068,1.4733695232051154,2.4157904779339914
2019-09-20,1.3046078939812045,10244.29,44826.282579,429727.0,87480532.8558527,11890594958796.0,17.8576130055998,2338.58108108108,1.10439114189189,31.0,3006.7900390625,3265660000.0,14.050000190734863,0.8625279719182934,1.2148510791454248,1.9011537297763441,1.3039718448502757,2.336417639245327
2019-09-21,1.4728810886355188,10168.59,25088.491069,267032.0,89253786.9002281,11890594958796.0,22.8196099303769,2257.80794701987,1.04026201324503,41.0,2992.070068359375,6103440000.0,15.319999694824219,3.7025952954140102,0.8625279719182934,1.2148510791454248,1.5725278896088237,2.3777382141816115
2019-09-22,1.59927472294505,9986.39,20544.175196,245439.0,98120057.122105,11890594958796.0,9.66923286644651,2024.17469879518,0.884734271084337,37.0,2992.070068359375,6103440000.0,15.319999694824219,1.3046078939812045,3.7025952954140102,0.8625279719182934,1.54346375116338,2.275904740051136
2019-09-23,1.2820089888875175,10028.87,22049.275256,253713.0,98120057.122105,11890594958796.0,8.70194749786648,1919.9578313253,0.850795608433735,37.0,2992.070068359375,6103440000.0,15.319999694824219,1.4728810886355188,1.3046078939812045,3.7025952954140102,1.604915424936329,2.2045012161151507
2019-09-24,10.498559904010563,9702.25,31937.232356,332817.0,67383653.6862649,11890594958796.0,34.1685347656724,2527.62280701754,1.24371952631579,41.0,2991.780029296875,3187250000.0,14.90999984741211,1.59927472294505,1.4728810886355188,1.3046078939812045,1.7225559688308354,2.180004730041681
2019-09-25,4.834301945491418,8493.14,94007.345203,748712.0,92800294.9889788,11890594958796.0,57.4497121548585,2250.08280254777,1.16361812101911,39.0,2966.60009765625,3872800000.0,17.049999237060547,1.2820089888875175,1.59927472294505,1.4728810886355188,1.6341067201324313,2.130381422850997
2019-09-26,4.9506468314755425,8430.05,60783.892258,544806.0,92209210.3075204,11890594958796.0,21.3366094582221,2229.14743589744,1.10453433974359,15.0,2984.8701171875,3331200000.0,15.960000038146973,10.498559904010563,1.2820089888875175,1.59927472294505,2.960350837970308,2.3726525093441824
2019-09-27,3.0598831784698968,8063.73,67930.853749,522062.0,102155715.0684,12017674556107.8,13.3258107083118,2080.55555555556,0.970737502923977,12.0,2977.6201171875,3084910000.0,16.06999969482422,4.834301945491418,10.498559904010563,1.2820089888875175,3.5277471199093258,2.406573595520133
2019-09-28,1.9782592890393556,8177.91,43882.924625,369518.0,83726816.3184488,12759819404409.0,35.6501596042316,2302.29545454545,1.0954235,24.0,2961.7900390625,3246480000.0,17.219999313354492,4.9506468314755425,4.834301945491418,10.498559904010563,3.706040196489545,2.5233858258881727
2019-09-29,1.9253996877169621,8198.81,34473.605165,319113.0,100852756.01995,12759819404409.0,17.6810062416547,1977.56603773585,0.887235503144653,32.0,2961.7900390625,3246480000.0,17.219999313354492,3.0598831784698968,4.9506468314755425,4.834301945491418,3.956793808559358,2.45817455616894
2019-09-30,3.8394526769592097,8043.82,31544.211388,322501.0,86263992.570523,12759819404409.0,10.9377820094844,2099.57352941176,0.899054970588235,33.0,2961.7900390625,3246480000.0,17.219999313354492,1.9782592890393556,3.0598831784698968,4.9506468314755425,4.028990694331335,2.438142610491097
2019-10-01,3.3888813981225474,8289.34,55865.48726,455556.0,82458228.1924117,12759819404409.0,44.8137303634472,2395.35384615385,1.15052539230769,27.0,2976.739990234375,3249130000.0,16.239999771118164,1.9253996877169621,1.9782592890393556,3.0598831784698968,4.075579975013037,2.447420001586017
2019-10-02,1.8480347678992186,8292.44,43472.418091,387653.0,90704051.0116529,12759819404409.0,31.8190487874959,2358.34965034965,1.12006802797203,38.0,2940.25,3560750000.0,18.559999465942383,3.8394526769592097,1.9253996877169621,1.9782592890393556,4.440929073308992,2.504984077402968
2019-10-03,2.2153806018125066,8359.94,26243.386644,261430.0,93875521.3267456,12759819404409.0,16.2673974894575,2206.46621621622,1.00596792567568,39.0,2887.610107421875,3914180000.0,20.559999465942383,3.3888813981225474,3.8394526769592097,1.9253996877169621,3.4252607153249905,2.5701764114961683
2019-10-04,2.0719380088256942,8223.96,30488.284058,281307.0,93241227.2637271,12759819404409.0,25.0912328717564,2221.18367346939,1.03809310204082,37.0,2910.6298828125,3515130000.0,19.1200008392334,1.8480347678992186,3.3888813981225474,3.8394526769592097,2.9986511185261047,2.5365107182425004
2019-10-05,1.3591246446814886,8137.13,26476.330404,259012.0,93241227.2637271,12759819404409.0,12.8108947979064,2294.02721088435,1.08692838095238,30.0,2952.010009765625,3005600000.0,17.040000915527344,2.2153806018125066,1.8480347678992186,3.3888813981225474,2.607898800002814,2.526949677360135
2019-10-06,3.3350577603991125,8126.19,21907.615564,237769.0,100218461.956931,12759819404409.0,9.70414101563169,2067.61392405063,0.885488658227848,31.0,2952.010009765625,3005600000.0,17.040000915527344,2.0719380088256942,2.2153806018125066,1.8480347678992186,2.466763775767928,2.4993481412355627
2019-10-07,2.4778663524169837,7854.25,34676.104049,325795.0,94509815.3897642,12759819404409.0,10.5290577816768,1863.1744966443,0.813034281879195,32.0,2952.010009765625,3005600000.0,17.040000915527344,1.3591246446814886,2.0719380088256942,2.2153806018125066,2.3783159694310894,2.492604674472344
2019-10-08,1.6261217385075504,8190.09,52202.072297,482605.0,98315579.7678755,12759819404409.0,16.4932793121313,2121.30967741936,1.00581012258065,27.0,2938.7900390625,2959050000.0,17.860000610351562,3.3350577603991125,1.3591246446814886,2.0719380088256942,2.5796956940999682,2.457258378054012
2019-10-09,3.06394849008117,8168.39,35452.657423,395685.0,102755638.209005,12759819404409.0,13.0962549383246,2076.25925925926,0.966500944444444,39.0,2893.06005859375,3370700000.0,20.280000686645508,2.4778663524169837,3.3350577603991125,1.3591246446814886,2.385183362022507,2.4946944932623847
2019-10-10,1.6757467131271786,8560.74,55038.704378,537805.0,87532580.6965601,12759819404409.0,47.747143658642,2253.97826086957,1.03239113768116,37.0,2919.39990234375,2735350000.0,18.639999389648438,1.6261217385075504,2.4778663524169837,3.3350577603991125,2.1333605535060793,2.4942465043410404
2019-10-11,3.8364017741992917,8558.03,39137.946167,406932.0,103681264.292523,12874760266706.7,14.4067911674506,2129.92592592593,0.968209895061729,41.0,2938.1298828125,3234400000.0,17.56999969482422,3.06394849008117,1.6261217385075504,2.4778663524169837,2.3070625138177867,2.5021763456099464
2019-10-12,1.1354910880539462,8258.5,50405.284418,471818.0,100875176.08461,13008091666972.0,17.7505657812071,2214.26282051282,1.01707467307692,39.0,2970.27001953125,3581320000.0,15.579999923706055,1.6757467131271786,3.06394849008117,1.6261217385075504,2.229971958291311,2.4895362204417935
2019-10-13,2.322420515011849,8300.09,21339.334098,280633.0,86002553.9695715,13008091666972.0,12.7554942877945,2268.36842105263,0.971500255639098,38.0,2970.27001953125,3581320000.0,15.579999923706055,3.8364017741992917,1.6757467131271786,3.06394849008117,2.482038210487539,2.549139222235031
2019-10-14,1.4761202918613912,8275.01,27840.739953,320051.0,91822275.6667605,13008091666972.0,10.8459583141819,1968.21830985915,0.817165204225352,38.0,2970.27001953125,3581320000.0,15.579999923706055,1.1354910880539462,3.8364017741992917,1.6757467131271786,2.4500905595407474,2.5262321591000236
2019-10-15,2.0781206829247236,8348.2,29810.663253,345679.0,87295825.4578357,13008091666972.0,34.442515885436,2255.3037037037,1.05937131851852,37.0,2966.14990234375,2559270000.0,14.569999694824219,2.322420515011849,1.1354910880539462,3.8364017741992917,2.305428095913996,2.5533776141637743
2019-10-16,1.6394179837048888,8159.29,32773.062476,399447.0,98935268.8522138,13008091666972.0,18.7769331835887,2220.24836601307,0.995947320261438,39.0,2995.679931640625,3345090000.0,13.539999961853027,1.4761202918613912,2.322420515011849,1.1354910880539462,2.1623215158346256,2.5678243114849915
2019-10-17,1.4794348376180948,7991.74,34733.593966,421026.0,92468911.4108927,13008091666972.0,20.9095306449981,2366.94405594406,1.11676388111888,40.0,2989.68994140625,3230320000.0,13.680000305175781,2.0781206829247236,1.4761202918613912,2.322420515011849,2.2268927936085072,2.6112353037263656
2019-10-18,2.201880887057049,8070.58,29656.949158,356490.0,96995361.6198175,13008091666972.0,23.9274747536604,2227.36666666667,1.09859798,40.0,2997.949951171875,3103470000.0,13.789999961853027,1.6394179837048888,2.0781206829247236,1.4761202918613912,2.023388435554753,2.6025107788573165
2019-10-19,1.5467707129931243,7947.01,31353.181416,399783.0,103461719.061139,13008091666972.0,15.482881314486,2121.1875,0.9423605,40.0,2986.199951171875,3268970000.0,14.25,1.4794348376180948,1.6394179837048888,2.0781206829247236,1.995343881910598,2.6113302374730725
2019-10-20,1.9560497595618853,7948.01,26627.889388,349746.0,91822275.6667605,13008091666972.0,12.6603685472913,2146.02816901408,0.968948147887323,41.0,2986.199951171875,3268970000.0,14.25,2.201880887057049,1.4794348376180948,1.6394179837048888,1.7618408980331346,2.6559753346443644
2019-10-21,1.627437767818143,8223.35,34286.452654,396091.0,94408818.643289,13008091666972.0,9.01978135419436,1984.90410958904,0.845296609589041,37.0,2986.199951171875,3268970000.0,14.25,1.5467707129931243,2.201880887057049,1.4794348376180948,1.8205951301673031,2.5841145152303344
2019-10-22,1.5241583165216661,8197.27,30448.679539,367169.0,102815083.317007,13008091666972.0,10.1860881087778,2212.52201257862,1.00909333962264,37.0,3006.719970703125,3271960000.0,14.0,1.9560497595618853,1.5467707129931243,2.201880887057049,1.7682564508173082,2.6058292440830244
2019-10-23,5.748526713452212,8020.0,34651.828663,384699.0,109281440.758328,13008091666972.0,19.6265748562006,2020.49704142012,0.95907425443787,39.0,2995.989990234375,3527540000.0,14.460000038146973,1.627437767818143,1.9560497595618853,1.5467707129931243,1.7898732330968439,2.6109811333891115
2019-10-24,1.6356006142864719,7466.62,63897.457098,610241.0,109144376.317496,13069108485875.8,13.4078678499913,2079.28571428571,0.978411523809523,33.0,3004.52001953125,3413600000.0,14.010000228881836,1.5241583165216661,1.627437767818143,1.9560497595618853,1.7107357521821218,2.6084772531749985
2019-10-25,8.221769672402662,7412.41,32714.383265,403778.0,90520752.8588387,13691480038694.0,27.562575104018,2284.53383458647,1.09147323308271,20.0,3010.2900390625,3696510000.0,13.710000038146973,5.748526713452212,1.5241583165216661,1.627437767818143,2.297751285003168,2.7573611773271556
2019-10-26,12.125077330802291,8655.02,90748.218174,775418.0,93923788.6805996,13691480038694.0,52.1686755154571,2381.14492753623,1.19020037681159,24.0,3022.550048828125,3379060000.0,12.649999618530273,1.6356006142864719,5.748526713452212,1.5241583165216661,2.320060681670079,2.461929201003019
2019-10-27,3.959600645531605,9230.0,162588.585413,1185369.0,95285003.0093039,13691480038694.0,54.9845971076458,2183.72857142857,1.22502357857143,53.0,3022.550048828125,3379060000.0,12.649999618530273,8.221769672402662,1.6356006142864719,5.748526713452212,3.180044793862309,2.5748447919000608
2019-10-28,4.020224097675981,9529.93,93833.541604,799978.0,78269823.9004996,13691480038694.0,33.5084048661897,2228.28695652174,1.10233194782609,50.0,3022.550048828125,3379060000.0,12.649999618530273,12.125077330802291,8.221769672402662,1.6356006142864719,4.691231453549333,2.813992475210952
2019-10-29,3.3921602325562703,9205.14,80174.217323,681128.0,91201360.0231908,13691480038694.0,37.0224258145398,2310.52985074627,1.20098594776119,52.0,3039.419921875,3524970000.0,13.109999656677246,3.959600645531605,12.125077330802291,8.221769672402662,4.977453008687865,2.8439830574463425
2019-10-30,2.7060113829752597,9407.62,64158.462446,559589.0,90520752.8588387,13691480038694.0,29.0002131476869,2315.43609022556,1.15925070676692,54.0,3036.889892578125,3594430000.0,13.199999809265137,4.020224097675981,3.959600645531605,12.125077330802291,5.319279627238984,2.912048551067563
2019-10-31,2.9669229370643455,9154.72,55241.786434,524035.0,91201360.0231908,13691480038694.0,24.0231354915113,2344.5,1.09922310447761,53.0,3046.77001953125,3779660000.0,12.329999923706055,3.3921602325562703,4.020224097675981,3.959600645531605,5.586137043815357,2.9609405692288737
2019-11-01,2.14968328722589,9140.85,54376.024902,490183.0,89840145.6944865,13691480038694.0,21.5522986519322,2225.59848484848,1.08091862121212,50.0,3037.56005859375,4149310000.0,13.220000267028809,2.7060113829752597,3.3921602325562703,4.020224097675981,5.1514919966043635,2.923159192762742
2019-11-02,1.3402965536307387,9231.61,43594.814115,478002.0,88478931.3657822,13691480038694.0,61.9129494172175,2432.20769230769,1.24109290769231,49.0,3066.909912109375,3956290000.0,12.300000190734863,2.9669229370643455,2.7060113829752597,3.3921602325562703,5.3416808998583445,2.9090939107274685
2019-11-03,1.534333912129965,9289.52,28923.060828,325421.0,91201360.0231908,13691480038694.0,15.1455912991202,2122.70895522388,0.989604156716418,51.0,3066.909912109375,3956290000.0,12.300000190734863,2.14968328722589,2.9669229370643455,2.7060113829752597,4.474239987690235,2.9191488613716907
2019-11-04,2.4415349638120953,9194.71,27894.378279,326024.0,93923788.6805996,13691480038694.0,19.8936523294148,2133.09420289855,0.969651876811594,56.0,3066.909912109375,3956290000.0,12.300000190734863,1.3402965536307387,2.14968328722589,2.9669229370643455,2.9335570195228695,2.8899793930989657
2019-11-05,2.223088766218206,9393.35,45894.456277,453749.0,89840145.6944865,13691480038694.0,32.8739351934053,2355.90151515152,1.16507156060606,49.0,3078.27001953125,4178040000.0,12.829999923706055,1.534333912129965,1.3402965536307387,2.14968328722589,2.587090343322636,2.872059256542441
2019-11-06,1.0489953954968263,9308.66,45935.873665,492885.0,98007431.6667126,13691480038694.0,33.9779198246697,2311.38194444444,1.13751359722222,54.0,3074.6201171875,4490590000.0,13.100000381469727,2.4415349638120953,1.534333912129965,1.3402965536307387,2.3615633241992238,2.908139600513461
2019-11-07,0.9454351526837341,9339.05,37336.170372,402997.0,89840145.6944865,13691480038694.0,37.4188111040305,2384.07575757576,1.27383224242424,53.0,3076.780029296875,4465510000.0,12.619999885559082,2.223088766218206,2.4415349638120953,1.534333912129965,2.1945531147223574,2.8710739673740977
2019-11-08,2.94789992137007,9216.2,39117.470853,401984.0,91737090.3690835,13669891710442.8,39.0744688620756,2403.60740740741,1.17878198518518,54.0,3085.179931640625,4151990000.0,12.729999542236328,1.0489953954968263,2.223088766218206,2.4415349638120953,1.957836545082581,2.823444935476759
2019-11-09,1.3915678408512517,8773.73,62107.289243,567331.0,80936306.1161364,12720005267391.0,22.81066560494,2433.1328125,1.165534265625,42.0,3093.080078125,3508160000.0,12.069999694824219,0.9454351526837341,1.0489953954968263,2.223088766218206,1.6690525758853507,2.8007553826159657
2019-11-10,2.8285752130110193,8809.41,29469.481405,326730.0,91053344.3806535,12720005267391.0,30.3917169562664,2126.13194444444,1.06281304861111,38.0,3093.080078125,3508160000.0,12.069999694824219,2.94789992137007,0.9454351526837341,1.0489953954968263,1.7830835236202336,2.796887096992262
2019-11-11,2.371714184781863,9039.47,34422.029797,375946.0,104964271.994364,12720005267391.0,10.4435382991275,1805.49397590361,0.82914291566265,39.0,3093.080078125,3508160000.0,12.069999694824219,1.3915678408512517,2.94789992137007,0.9454351526837341,1.790407993223164,2.7874144679163977
2019-11-12,1.098234881090667,8733.27,44888.053545,415982.0,95479548.6213797,12720005267391.0,15.3614480448772,2163.62251655629,1.0036290397351,40.0,3087.010009765625,3041120000.0,12.6899995803833,2.8285752130110193,1.3915678408512517,2.94789992137007,1.9752996076347433,2.753820249210122
2019-11-13,0.9425555161817719,8821.94,40366.629471,406765.0,85362510.3568626,12720005267391.0,19.3405985000043,2232.45925925926,1.03411178518519,39.0,3091.840087890625,3495560000.0,12.680000305175781,2.371714184781863,2.8285752130110193,1.3915678408512517,1.9653252106304244,2.795027685767719
2019-11-14,1.4050183582417248,8777.12,26810.116918,281593.0,85362510.3568626,12720005267391.0,73.1086378732713,2362.55555555556,1.15540325185185,38.0,3094.0400390625,3513720000.0,13.0,1.098234881090667,2.371714184781863,2.8285752130110193,1.8046317984693474,2.7542214979703465
2019-11-15,2.7642371135510286,8646.68,33468.468961,337019.0,106861216.668961,12720005267391.0,11.099094189862,2071.14201183432,0.981337769230769,41.0,3096.6298828125,3282090000.0,13.050000190734863,0.9425555161817719,1.098234881090667,2.371714184781863,1.7894261014243398,2.7364360054476924
2019-11-16,0.8057691693500383,8471.73,46087.417751,423919.0,99905752.8621059,12720005267391.0,20.5985660743916,2057.87974683544,1.11335342405063,38.0,3120.4599609375,3359800000.0,12.050000190734863,1.4050183582417248,0.9425555161817719,1.098234881090667,1.8550808450754812,2.7139992612915926
2019-11-17,1.8970119768829525,8491.02,20902.299752,231473.0,93582603.9467827,12720005267391.0,48.3937748139532,1915.32432432432,1.17150405405405,41.0,3120.4599609375,3359800000.0,12.050000190734863,2.7642371135510286,1.4050183582417248,0.9425555161817719,1.8288433011013325,2.751493232286464
2019-11-18,2.1172226711013127,8502.4,27009.037082,259594.0,97376493.2959766,12720005267391.0,91.7371915915663,1716.68831168831,1.10850748051948,38.0,3120.4599609375,3359800000.0,12.050000190734863,0.8057691693500383,2.7642371135510286,1.4050183582417248,1.7451577766011592,2.729037710010862
2019-11-19,1.4053309419031708,8187.17,43017.69094,366263.0,88524084.8145242,12720005267391.0,18.8320651186116,2176.22142857143,1.01904766428571,38.0,3122.030029296875,3440140000.0,12.460000038146973,1.8970119768829525,0.8057691693500383,2.7642371135510286,1.6120773142971496,2.7188754130050587
2019-11-20,1.2510179259469172,8133.64,43556.061025,357382.0,92950289.0552504,12720005267391.0,60.5745447600601,2228.77551020408,1.14381743537415,32.0,3120.179931640625,3613670000.0,12.859999656677246,2.1172226711013127,1.8970119768829525,0.8057691693500383,1.5757213837713568,2.737890478275332
2019-11-21,3.3667274353259424,8098.01,32466.23098,288843.0,89788714.5975888,12720005267391.0,18.5452468182985,2261.16901408451,1.0259243028169,32.0,3108.4599609375,4041010000.0,12.779999732971191,1.4053309419031708,2.1172226711013127,1.8970119768829525,1.6195922496017143,2.7195331843533745
2019-11-22,5.971991981668885,7627.74,58418.780261,430062.0,87143254.9641945,12795789637885.7,32.5799196705178,2364.62773722628,1.21447980291971,30.0,3103.5400390625,3744010000.0,13.130000114440918,1.2510179259469172,1.4053309419031708,2.1172226711013127,1.663658308139592,2.7069858562910003
2019-11-23,2.2935811748477057,7268.23,126603.140259,817604.0,85127203.6530772,12973235968800.0,56.6074800080724,2352.56818181818,1.25072833333333,20.0,3110.2900390625,3235270000.0,12.34000015258789,3.3667274353259424,1.2510179259469172,1.4053309419031708,1.9439024620087662,2.7684048269178096
2019-11-24,3.625538274818637,7311.57,50449.894755,414045.0,111568229.030169,12973235968800.0,11.8082633218207,1771.23699421965,0.841518728323699,23.0,3110.2900390625,3235270000.0,12.34000015258789,5.971991981668885,3.3667274353259424,1.2510179259469172,2.402153157454174,2.7758536691916986
2019-11-25,6.125402228296569,6903.28,67890.206483,446014.0,84482300.5950993,12973235968800.0,16.7603958901239,2040.97709923664,0.875593328244275,21.0,3110.2900390625,3235270000.0,12.34000015258789,2.2935811748477057,5.971991981668885,3.3667274353259424,2.6146977296681264,2.7977863545437396
2019-11-26,2.8323478817546635,7109.57,119645.735197,679721.0,80612882.2472322,12973235968800.0,23.0386891771464,2235.76,1.076081424,17.0,3133.639892578125,3514310000.0,11.869999885559082,3.625538274818637,2.2935811748477057,5.971991981668885,2.861630057944653,2.644578641290939
2019-11-27,5.348940633593245,7156.14,65722.39769,433933.0,78678173.0732986,12973235968800.0,151.262013214272,2633.68852459016,1.25408726229508,21.0,3140.52001953125,4600450000.0,11.539999961853027,6.125402228296569,3.625538274818637,2.2935811748477057,3.4342271375439752,2.444589471207415
2019-11-28,3.4323734504539747,7508.52,92452.87349,582055.0,89641525.0589222,12973235968800.0,68.4953796260146,2284.87050359712,1.18565310071942,20.0,3153.6298828125,3035470000.0,11.75,2.8323478817546635,6.125402228296569,3.625538274818637,3.6380867003799033,2.4070143790815166
2019-11-29,2.98051488193083,7419.49,56933.981109,388953.0,105119198.450391,12973235968800.0,13.2614682970773,1899.52760736196,0.873442441717792,32.0,3153.6298828125,3035470000.0,11.75,5.348940633593245,2.8323478817546635,6.125402228296569,4.223504230043664,2.4513049302787593
2019-11-30,2.422860903367016,7739.68,60745.300873,412929.0,87706815.8849886,12973235968800.0,39.5721315941054,2288.89705882353,1.05551775735294,31.0,3140.97998046875,1743420000.0,12.619999885559082,3.4323734504539747,5.348940633593245,2.8323478817546635,4.232882232204812,2.452645370875349
2019-12-01,3.0543914259190967,7541.89,46989.433619,346506.0,81257785.30521,12973235968800.0,33.1633207005663,2202.04761904762,1.07056258730159,38.0,3140.97998046875,1743420000.0,12.619999885559082,2.98051488193083,3.4323734504539747,5.348940633593245,3.805528360813661,2.4617954875072012
2019-12-02,2.056623347612916,7390.89,60769.342313,420573.0,89641525.0589222,12973235968800.0,10.9716521750099,1975.69064748201,0.870622964028777,25.0,3140.97998046875,1743420000.0,12.619999885559082,2.422860903367016,2.98051488193083,3.4323734504539747,3.823996893459277,2.4436600863839573
2019-12-03,1.8180157740181453,7294.28,46330.25604,326881.0,93510943.4067893,12973235968800.0,18.2424009075471,2170.55172413793,1.01930622758621,28.0,3113.8701171875,3285750000.0,14.90999984741211,3.0543914259190967,2.422860903367016,2.98051488193083,3.742404486473628,2.4738170243403976
2019-12-04,5.976246559337708,7292.71,33149.477487,265391.0,101894683.160501,12973235968800.0,16.1643695791753,2129.82278481013,0.961583018987342,28.0,3093.199951171875,3671580000.0,15.960000038146973,2.056623347612916,3.0543914259190967,2.422860903367016,3.161150360661677,2.497694584139803
2019-12-05,2.599419055846609,7194.32,83147.149142,516158.0,107698810.682302,12973235968800.0,11.2842449949229,2019.66467065868,0.934351652694611,24.0,3112.760009765625,3702980000.0,14.800000190734863,1.8180157740181453,2.056623347612916,3.0543914259190967,3.016245773842175,2.5071506462027426
2019-12-06,1.9951855556134763,7389.0,59306.678855,430359.0,93386357.4980277,12955951549096.1,14.2387715251146,2148.05517241379,1.01866517931035,21.0,3117.429931640625,3360480000.0,14.520000457763672,5.976246559337708,1.8180157740181453,2.056623347612916,3.105860906091384,2.6249743660535967
2019-12-07,1.4176773517180012,7527.47,48189.087944,367854.0,92816137.3771571,12876842089682.0,26.260048724677,2175.07586206897,1.05910382068966,29.0,3145.909912109375,3483310000.0,13.619999885559082,2.599419055846609,5.976246559337708,1.8180157740181453,2.986867421147474,2.6375187090412098
2019-12-08,1.4160118973611882,7488.21,31498.684173,263592.0,99217250.2997196,12876842089682.0,11.3843287056197,1840.54193548387,0.865809870967743,32.0,3145.909912109375,3483310000.0,13.619999885559082,1.9951855556134763,2.599419055846609,5.976246559337708,2.846106088816424,2.6690583810450983
2019-12-09,2.5802747588387507,7510.11,29856.897631,257514.0,94736471.2539258,12876842089682.0,8.89377696204258,1884.14189189189,0.83522775,28.0,3145.909912109375,3483310000.0,13.619999885559082,1.4176773517180012,1.9951855556134763,2.599419055846609,2.70250843858085,2.6847997876795735
2019-12-10,1.6767106000700478,7338.64,46621.887493,359648.0,94736471.2539258,12876842089682.0,21.0425912517238,2119.11486486487,1.08903369594595,32.0,3135.9599609375,3400470000.0,15.859999656677246,1.4160118973611882,1.4176773517180012,1.9951855556134763,2.4684542202154347,2.6337368535459444
2019-12-11,1.4545745981835025,7224.13,49723.76214,439637.0,94736471.2539258,12876842089682.0,31.5161669189003,2162.59459459459,1.10634262162162,26.0,3132.52001953125,3346310000.0,15.680000305175781,2.5802747588387507,1.4160118973611882,1.4176773517180012,2.543261564676268,2.673360417478861
2019-12-12,1.5874176371054225,7210.0,30093.091944,268269.0,84494690.5778258,12876842089682.0,30.2947334714435,2206.42424242424,1.19549090151515,20.0,3141.6298828125,3257650000.0,14.989999771118164,1.6767106000700478,2.5802747588387507,1.4160118973611882,2.5230751112551117,2.634964930380828
2019-12-13,0.9379027502648846,7198.08,42288.600932,331414.0,85134801.870082,12876842089682.0,24.5706093317288,2344.32330827068,1.0959380075188,23.0,3168.570068359375,4003200000.0,13.9399995803833,1.4545745981835025,1.6767106000700478,2.5802747588387507,1.877121973947368,2.60439361082755
2019-12-14,1.8207851630201592,7258.48,27609.873795,252135.0,97296916.4229509,12876842089682.0,14.4666699534645,2124.26315789474,0.990434309210526,22.0,3168.800048828125,3757650000.0,12.630000114440918,1.5874176371054225,1.4545745981835025,1.6767106000700478,1.7325503426986268,2.6206997026947083
2019-12-15,1.6879827549770143,7064.05,29561.985967,276819.0,96656805.1306946,12876842089682.0,10.3239882201507,1943.6821192053,0.902877417218543,27.0,3168.800048828125,3757650000.0,12.630000114440918,0.9379027502648846,1.5874176371054225,1.4545745981835025,1.5815099419345426,2.6205446104974786
2019-12-16,2.955642017533154,7118.59,26395.778137,262651.0,79373800.2397757,12876842089682.0,17.0026194760394,2124.52419354839,1.12013029032258,21.0,3168.800048828125,3757650000.0,12.630000114440918,1.8207851630201592,0.9379027502648846,1.5874176371054225,1.639096772120565,2.634403503990093
2019-12-17,2.8009688308647154,6891.72,43863.993059,371202.0,100497472.884232,12876842089682.0,22.3281529426663,2083.34394904459,1.0384968343949,24.0,3191.449951171875,4070200000.0,12.140000343322754,1.6879827549770143,1.8207851630201592,0.9379027502648846,1.6779497517799686,2.598528358704293
2019-12-18,6.201367358748904,6623.82,53865.069929,454097.0,90255692.208132,12876842089682.0,29.0264564795569,2264.21276595745,1.31440985815603,23.0,3192.52001953125,3842940000.0,12.289999961853027,2.955642017533154,1.6879827549770143,1.8207851630201592,1.7315736458791693,2.6701907869770634
2019-12-19,2.3892948299351757,7277.83,95636.651251,714073.0,85774913.1623382,12876842089682.0,51.5204728898636,2345.14179104478,1.1527171641791,15.0,3191.139892578125,4029950000.0,12.579999923706055,2.8009688308647154,2.955642017533154,1.6879827549770143,1.8921819645641218,2.7003226821097885
2019-12-20,1.3504769122661617,7150.3,55509.049075,439761.0,100622310.115052,12892837609390.5,19.5485168471837,2035.3821656051,1.01337041401274,21.0,3205.3701171875,3784360000.0,12.5,6.201367358748904,2.8009688308647154,2.955642017533154,2.5702952160734647,2.8364608383647085
2019-12-21,0.8429531998043053,7187.83,32132.069205,312766.0,100413778.963629,12948593420946.0,14.3174103176871,2132.41666666667,0.96180992948718,23.0,3221.219970703125,6457480000.0,12.510000228881836,2.3892948299351757,6.201367358748904,2.8009688308647154,2.6848491007634294,2.8692596346324417
2019-12-22,2.3566258600626138,7132.75,19467.174028,212162.0,113287340.369223,12948593420946.0,7.75112354870995,1767.71590909091,0.756153596590909,23.0,3221.219970703125,6457480000.0,12.510000228881836,1.3504769122661617,2.3892948299351757,6.201367358748904,2.743788266763612,2.872574934176417
2019-12-23,3.1167383574912826,7501.44,39137.45515,356612.0,108781593.877265,12948593420946.0,9.04770425856403,1663.13609467456,0.740650195266272,20.0,3221.219970703125,6457480000.0,12.510000228881836,0.8429531998043053,1.3504769122661617,2.3892948299351757,2.6040979863042044,2.7884491263256956
2019-12-24,2.6032558747753565,7317.09,68051.997203,530669.0,92045964.0499934,12948593420946.0,20.8504237788437,2131.78321678322,1.03749164335664,33.0,3224.010009765625,3064530000.0,12.609999656677246,2.3566258600626138,0.8429531998043053,1.3504769122661617,2.699618429887861,2.667936922272153
2019-12-25,1.4677968096522722,7255.77,43629.494188,384678.0,80459758.7849593,12948593420946.0,31.3836819572605,2323.488,1.111658016,25.0,3223.3798828125,1296530000.0,12.670000076293945,3.1167383574912826,2.3566258600626138,0.8429531998043053,2.7226321927390225,2.695375495026939
2019-12-26,2.13992179026714,7204.63,27492.044323,289924.0,82390792.9957983,12948593420946.0,12.5457433853145,1911.453125,0.8893246875,22.0,3223.3798828125,1296530000.0,12.670000076293945,2.6032558747753565,3.1167383574912826,2.3566258600626138,2.6943874847262568,2.6612994150254963
2019-12-27,1.817436701834974,7202.0,36259.761076,337695.0,107494237.736706,12948593420946.0,10.3825477808222,1772.83233532934,0.83785780239521,39.0,3239.909912109375,2164540000.0,12.649999618530273,1.4677968096522722,2.6032558747753565,3.1167383574912826,2.0181631205695956,2.5060459010706864
2019-12-28,1.1451056438448983,7254.74,33642.701861,297262.0,93333320.1905527,12948593420946.0,13.3591897379337,2222.09655172414,1.01724009655172,38.0,3240.02001953125,2429150000.0,13.430000305175781,2.13992179026714,1.4677968096522722,2.6032558747753565,1.9825384006170188,2.482965031354436
2019-12-29,1.6511300981465409,7316.14,26848.982199,272607.0,95908032.4716714,12948593420946.0,11.8782487020259,2001.92617449664,0.889533174496645,37.0,3240.02001953125,2429150000.0,13.430000305175781,1.817436701834974,2.13992179026714,1.4677968096522722,2.049246941983992,2.36524823362916
2019-12-30,1.3640013283405088,7388.24,31387.106085,283213.0,99770100.8933494,12948593420946.0,8.13181900652264,1805.96774193548,0.787269122580645,37.0,3240.02001953125,2429150000.0,13.430000305175781,1.1451056438448983,1.817436701834974,2.13992179026714,2.092411576846934,2.2890059734088575
2019-12-31,1.131601387728304,7246.0,29605.911782,279033.0,106850559.666426,12948593420946.0,11.0157212185245,1954.80120481928,0.944622572289157,40.0,3221.2900390625,3021720000.0,14.819999694824219,1.6511300981465409,1.1451056438448983,1.817436701834974,1.9916264680017808,2.2446931472827147
2020-01-01,1.102030828066665,7195.23,25954.453533,251976.0,93333320.1905527,12948593420946.0,21.7056167168272,2023.7724137931,0.982280848275861,38.0,3230.780029296875,2894760000.0,13.779999732971191,1.3640013283405088,1.6511300981465409,1.1451056438448983,1.7412354638373844,2.209397828115164
2020-01-02,2.1053367935829814,7200.85,16792.388165,194010.0,112718458.532564,13031658000898.2,6.22640626219663,1446.75287356322,0.64363940229885,37.0,3230.780029296875,2894760000.0,13.779999732971191,1.131601387728304,1.3640013283405088,1.6511300981465409,1.5309991085449484,2.1453048268421377
2020-01-03,4.67954646091483,6965.71,31951.483932,302667.0,96717718.3123778,13798783827516.0,14.2289619258979,2096.21985815603,1.01236506382979,39.0,3257.85009765625,3459930000.0,12.470000267028809,1.102030828066665,1.131601387728304,1.3640013283405088,1.47874682546129,2.1134850761905963
2020-01-04,1.4391632901645721,7344.96,68428.500451,519854.0,115924073.721928,13798783827516.0,11.0009062137555,1872.88165680473,0.910629562130177,38.0,3234.85009765625,3484700000.0,14.020000457763672,2.1053367935829814,1.102030828066665,1.131601387728304,1.4738061116492673,2.123062443509424
2020-01-05,1.8577877543276364,7354.11,29987.974977,279370.0,115238132.457301,13798783827516.0,9.86891221200701,1709.6130952381,0.79468355952381,38.0,3234.85009765625,3484700000.0,14.020000457763672,4.67954646091483,2.1053367935829814,1.102030828066665,1.8826789343749613,2.0798391068953284
2020-01-06,2.836592876621027,7358.75,38331.085604,329209.0,111808426.134167,13798783827516.0,8.82770512478725,1765.51533742331,0.79083836809816,39.0,3234.85009765625,3484700000.0,14.020000457763672,1.4391632901645721,4.67954646091483,2.1053367935829814,1.9246871695634862,2.041163914705927
2020-01-07,4.03827744404944,7758.0,54635.695316,449937.0,92602070.7246171,13798783827516.0,36.1172463258412,2215.8962962963,1.12761062962963,41.0,3246.280029296875,3702460000.0,13.850000381469727,1.8577877543276364,1.4391632901645721,4.67954646091483,1.954209691875071,2.0365839879963987
2020-01-08,5.08366002648922,8145.28,91171.684661,685315.0,120725662.574316,13798783827516.0,17.8475748503624,1954.99431818182,0.948405778409091,40.0,3237.179931640625,3435910000.0,13.789999961853027,2.836592876621027,1.8577877543276364,1.4391632901645721,2.1645799130580023,2.083881172159833
2020-01-09,2.9420198057062357,8055.98,112622.64264,830375.0,97403659.5770046,13798783827516.0,32.5248961542065,2239.57042253521,1.0634908943662,51.0,3253.050048828125,3726840000.0,13.449999809265137,4.03827744404944,2.836592876621027,1.8577877543276364,2.5798193496753075,2.171290023716108
2020-01-10,3.2625103101414505,7817.76,64239.51983,478800.0,107692778.546407,13798783827516.0,33.4367355398001,2051.31847133758,1.04486987898089,44.0,3274.699951171875,3641230000.0,12.539999961853027,5.08366002648922,4.03827744404944,2.836592876621027,3.14862352087853,2.2547361993044572
2020-01-11,2.370339792422417,8197.02,82406.777448,606101.0,102205248.429392,13798783827516.0,18.7722834634034,2219.69127516779,1.12047594630873,41.0,3265.35009765625,3214580000.0,12.5600004196167,2.9420198057062357,5.08366002648922,4.03827744404944,3.2681496654675657,2.296913172825663
2020-01-12,1.6310492478433452,8020.01,54810.032667,469131.0,111808426.134167,13798783827516.0,9.77130328483773,1896.13496932515,0.84384072392638,50.0,3265.35009765625,3214580000.0,12.5600004196167,3.2625103101414505,2.9420198057062357,5.08366002648922,3.065715929642797,2.357177696557595
2020-01-13,1.5065164160337456,8184.98,38131.494336,350662.0,103577130.958646,13798783827516.0,10.6862596815059,1875.07284768212,0.825020880794702,45.0,3265.35009765625,3214580000.0,12.5600004196167,2.370339792422417,3.2625103101414505,2.9420198057062357,3.1987411442510605,2.3832751017348275
2020-01-14,3.7876218069077345,8110.34,31159.755683,289144.0,98089600.8416314,13798783827516.0,17.8368445054776,2039.13986013986,0.981562832167833,49.0,3288.1298828125,3459390000.0,12.319999694824219,1.6310492478433452,2.370339792422417,3.2625103101414505,3.1663499290390194,2.4063799849874434
2020-01-15,3.4435828868230094,8810.01,120399.126742,915328.0,99607271.2200415,13819009697340.3,54.1062585402095,2392.77931034483,1.21966528965517,56.0,3283.14990234375,3687620000.0,12.390000343322754,1.5065164160337456,1.6310492478433452,2.370339792422417,2.9763390060979793,2.395904360087896
2020-01-16,2.092445428697918,8821.41,84816.297606,764048.0,110915119.366187,14776367535689.0,24.7743427176622,2203.03311258278,1.06517190728477,54.0,3289.2900390625,3721490000.0,12.420000076293945,3.7876218069077345,1.5065164160337456,1.6310492478433452,2.9405310579348787,2.465892328485587
2020-01-17,2.4569943891446413,8720.01,51991.074284,543064.0,116791417.080951,14776367535689.0,17.5277714363134,2049.98113207547,0.983502176100629,55.0,3316.81005859375,3540580000.0,12.319999694824219,3.4435828868230094,3.7876218069077345,1.5065164160337456,2.7062343236968482,2.482157024128582
2020-01-18,1.5975555494596838,8913.28,70897.737377,676403.0,116791417.080951,14776367535689.0,26.1201036193965,2037.68553459119,0.968857566037736,54.0,3329.6201171875,3726220000.0,12.100000381469727,2.092445428697918,3.4435828868230094,3.7876218069077345,2.584866555552803,2.4585395773896885
2020-01-19,4.860249469096555,8915.96,38294.746545,458182.0,96958912.29362,14776367535689.0,17.7625854627236,2176.03787878788,0.955057818181818,51.0,3329.6201171875,3726220000.0,12.100000381469727,2.4569943891446413,2.092445428697918,3.4435828868230094,2.4697928525532586,2.3337271450695467
2020-01-20,1.3874652325812522,8701.7,70676.889259,615665.0,110180582.151841,14776367535689.0,20.92385176564,1893.06666666667,0.874760193333333,53.0,3329.6201171875,3726220000.0,12.100000381469727,1.5975555494596838,2.4569943891446413,2.092445428697918,2.3593951035585827,2.3073358357203637
2020-01-21,2.5662950086396337,8642.35,38896.639746,385006.0,111649656.580532,14776367535689.0,13.8137071362197,2063.55921052632,0.991580940789473,48.0,3329.6201171875,3726220000.0,12.100000381469727,4.860249469096555,1.5975555494596838,2.4569943891446413,2.8207094208804695,2.424328254281377
2020-01-22,1.1344117545583456,8736.03,36494.687659,365621.0,112384193.794878,14776367535689.0,25.2881835773685,2060.19607843137,0.999786241830065,49.0,3320.7900390625,4104840000.0,12.850000381469727,1.3874652325812522,4.860249469096555,1.5975555494596838,2.803702108958685,2.4424786553739417
2020-01-23,1.9190390402470263,8682.36,29080.557138,317424.0,114587805.437915,14776367535689.0,24.7931844855214,2106.32051282051,1.05877176282051,52.0,3321.75,3623780000.0,12.90999984741211,2.5662950086396337,1.3874652325812522,4.860249469096555,2.6292268520632414,2.4494676269931754
2020-01-24,2.669669672543422,8404.52,48165.944597,464805.0,116791417.080951,14776367535689.0,13.5810309321795,2074.95597484277,1.03963466666667,49.0,3325.5400390625,3766710000.0,12.979999542236328,1.1344117545583456,2.5662950086396337,1.3874652325812522,2.299345261739718,2.3833900735620777
2020-01-25,1.9979769535881327,8439.0,41687.529529,407271.0,111649656.580532,14776367535689.0,14.7909303038832,2065.04605263158,1.03286961184211,40.0,3295.469970703125,3708780000.0,14.5600004196167,1.9190390402470263,1.1344117545583456,2.5662950086396337,2.274572920532448,2.360582845744467
2020-01-26,1.6046617213142405,8340.58,25521.157932,283118.0,120464103.152679,14776367535689.0,9.31407699463242,1741.36585365854,0.853311743902439,41.0,3295.469970703125,3708780000.0,14.5600004196167,2.669669672543422,1.9190390402470263,1.1344117545583456,2.3049551038751313,2.400645274507505
2020-01-27,2.3464088815805697,8615.0,31130.485164,332612.0,105038821.651422,14776367535689.0,13.7986479422069,1826.9020979021,0.825554923076923,42.0,3295.469970703125,3708780000.0,14.5600004196167,1.9979769535881327,2.669669672543422,1.9190390402470263,2.3621581616077667,2.3959137799515378
2020-01-28,3.8154413236718705,8907.57,53973.542996,514196.0,94755300.6505832,14776367535689.0,26.9306902271859,2164.6511627907,1.05595276744186,50.0,3243.6298828125,3831050000.0,18.229999542236328,1.6046617213142405,1.9979769535881327,2.669669672543422,1.8970741976388648,2.388821280600847
2020-01-29,2.1402316178923435,9374.21,74584.853765,616678.0,107321517.0167,15203806713070.7,71.3057450026472,2394.7323943662,1.2047869084507,54.0,3276.239990234375,3531570000.0,16.280000686645508,2.3464088815805697,1.6046617213142405,1.9979769535881327,2.03406614749591,2.428864721858703
2020-01-30,1.9681951660692647,9301.53,53864.065122,492545.0,123011831.712795,15466098935555.0,21.2216076232195,2128.5125,1.0045750625,57.0,3273.39990234375,3600250000.0,16.389999389648438,3.8154413236718705,2.3464088815805697,1.6046617213142405,2.212515621071944,2.501008429376214
2020-01-31,1.819804565071034,9513.21,60626.744259,529570.0,119936535.919975,15466098935555.0,27.0798934319185,2131.78205128205,1.00742121153846,57.0,3283.659912109375,3790350000.0,15.489999771118164,2.1402316178923435,3.8154413236718705,2.3464088815805697,2.3562041729768004,2.526882772361275
2020-02-01,1.4158713809138876,9352.89,45552.022352,428547.0,110710648.541515,15466098935555.0,30.1419374294007,2322.45833333333,1.109039125,55.0,3225.52001953125,4529700000.0,18.84000015258789,1.9681951660692647,2.1402316178923435,3.8154413236718705,2.363226476665692,2.5547692316393067
2020-02-02,1.6324363454074242,9384.61,28578.067354,334972.0,116092416.17895,15466098935555.0,11.3668528689185,2011.41721854305,0.962483086092715,57.0,3225.52001953125,4529700000.0,18.84000015258789,1.819804565071034,1.9681951660692647,2.1402316178923435,2.2418171755982077,2.578695022872786
2020-02-03,2.354522769981227,9331.51,45690.91254,446558.0,109941824.59331,15466098935555.0,25.431969477972,2034.11888111888,1.01289226573427,57.0,3225.52001953125,4529700000.0,18.84000015258789,1.4158713809138876,1.819804565071034,1.9681951660692647,2.1586592366447444,2.5557128424504825
2020-02-04,1.6223146935679038,9292.24,50892.133451,492124.0,113785944.334335,15466098935555.0,21.8613722035344,2236.56756756757,1.19077691891892,59.0,3248.919921875,3760460000.0,17.969999313354492,1.6324363454074242,1.4158713809138876,1.819804565071034,2.1626270400866274,2.4541425052669026
2020-02-05,2.2574549841194234,9197.02,53308.175266,528930.0,101484761.163056,15466098935555.0,38.7299904222612,2342.34848484848,1.19478961363636,56.0,3297.590087890625,3996900000.0,16.049999237060547,2.354522769981227,1.6324363454074242,1.4158713809138876,2.1637861670010077,2.484654487927458
2020-02-06,2.5490128186683934,9612.04,64870.415615,661758.0,122243007.76459,15466098935555.0,27.9870737726169,2318.2641509434,1.08475906289308,53.0,3334.68994140625,4121480000.0,15.149999618530273,1.6223146935679038,2.354522769981227,1.6324363454074242,1.8504823627004405,2.476805385902133
2020-02-07,1.3108454622585217,9772.0,64949.706588,682179.0,103791233.007671,15466098935555.0,22.4604900871238,2336.07407407407,1.13683864444444,61.0,3345.780029296875,3887250000.0,14.960000038146973,2.2574549841194234,1.6223146935679038,2.354522769981227,1.8672285578757377,2.457500789485413
2020-02-08,1.274993529258634,9813.73,43966.114632,582249.0,106866528.80049,15466098935555.0,57.68704784585,2409.62589928058,1.28319558992806,56.0,3327.7099609375,3733920000.0,15.470000267028809,2.5490128186683934,2.2574549841194234,1.6223146935679038,1.9502025082470418,2.4078586353060447
2020-02-09,1.6163603561575521,9895.05,43600.843666,514573.0,106866528.80049,15466098935555.0,39.1766482000323,2290.38129496403,1.11652211510791,56.0,3327.7099609375,3733920000.0,15.470000267028809,1.3108454622585217,2.5490128186683934,2.2574549841194234,1.8774940649881116,2.2820981498316883
2020-02-10,2.9819231155373376,10151.75,43408.475616,536848.0,117630064.07536,15466098935555.0,12.0664748762333,2072.35294117647,0.951914071895424,56.0,3327.7099609375,3733920000.0,15.470000267028809,1.274993529258634,1.3108454622585217,2.5490128186683934,1.8573686576087898,2.226530607283435
2020-02-11,3.5532319147699076,9851.83,59573.084619,690308.0,93796521.681006,15466098935555.0,22.3057039091359,2443.47540983607,1.19986725409836,57.0,3352.090087890625,3462730000.0,15.039999961853027,1.6163603561575521,1.274993529258634,1.3108454622585217,1.8550720877159506,2.1716589421506383
2020-02-12,1.7876754638483858,10223.08,62422.395224,710170.0,114190850.876276,15521134947902.1,94.0988235739341,2470.15540540541,1.25871225,52.0,3357.75,3762940000.0,15.180000305175781,2.9819231155373376,1.6163603561575521,1.274993529258634,1.9447007085096808,2.192045052921136
2020-02-13,2.280845853515901,10326.46,61008.06393,857655.0,109742275.18922,15546745765529.0,65.4139256578648,2426.8661971831,1.1479745,61.0,3379.449951171875,3930910000.0,13.739999771118164,3.5532319147699076,2.9819231155373376,1.6163603561575521,2.2205460258242526,2.2561178084853544
2020-02-14,1.5522265777807827,10229.63,79344.358759,932802.0,108969442.265353,15546745765529.0,74.5589277634543,2411.9219858156,1.22948190070922,65.0,3373.93994140625,3500890000.0,14.149999618530273,1.7876754638483858,3.5532319147699076,2.9819231155373376,2.153434665785533,2.2654897767458424
2020-02-15,3.0629643575320125,10344.36,47038.480173,622310.0,104332444.722146,15546745765529.0,20.3690867685439,2415.39259259259,1.09033008148148,63.0,3380.159912109375,3419700000.0,13.680000305175781,2.280845853515901,1.7876754638483858,3.5532319147699076,2.115125099335177,2.215263911632781
2020-02-16,2.545676065782824,9904.72,57657.202947,739781.0,109742275.18922,15546745765529.0,53.7117000442608,2272.68309859155,1.09961007042253,64.0,3380.159912109375,3419700000.0,13.680000305175781,1.5522265777807827,2.280845853515901,1.7876754638483858,2.1496081158383573,2.152218701331374
2020-02-17,2.4348010344913487,9917.27,60023.999537,708070.0,109742275.18922,15546745765529.0,12.6301453848907,2058.0,0.93476688028169,59.0,3380.159912109375,3419700000.0,13.680000305175781,3.0629643575320125,1.5522265777807827,2.280845853515901,2.405032519877411,2.18456933229251
2020-02-18,2.705185776191395,9706.0,70261.011901,778058.0,121334769.047237,15546745765529.0,18.7606096591993,2175.10191082803,1.02471081528662,49.0,3380.159912109375,3419700000.0,13.680000305175781,2.545676065782824,3.0629643575320125,1.5522265777807827,2.537791906966736,2.1875253881804495
2020-02-19,5.818513620816459,10164.71,70604.124019,723413.0,115924938.580162,15546745765529.0,21.5592879820673,2207.0,1.12287272666667,53.0,3370.2900390625,3750400000.0,14.829999923706055,2.4348010344913487,2.545676065782824,3.0629643575320125,2.4596316096744517,2.2154335710148385
2020-02-20,1.9267942271863459,9593.79,55162.586895,588760.0,108969442.265353,15546745765529.0,34.9346909701891,2374.50354609929,1.16627234751773,50.0,3386.14990234375,3614200000.0,14.380000114440918,2.705185776191395,2.4348010344913487,2.545676065782824,2.338482161306093,2.143598114584667
2020-02-21,1.4835365542876864,9596.42,60152.342914,667387.0,97376948.4073364,15546745765529.0,36.7121051881468,2512.90476190476,1.2488265,44.0,3373.22998046875,4019180000.0,15.5600004196167,5.818513620816459,2.705185776191395,2.4348010344913487,2.914316183730103,2.29129972752584
2020-02-22,0.9981335039740777,9677.05,42181.554524,470599.0,119016270.275633,15546745765529.0,22.6914931313931,2197.94805194805,1.0670976038961,44.0,3337.75,3908780000.0,17.079999923706055,1.9267942271863459,5.818513620816459,2.705185776191395,2.8637373799687387,2.2699830348107306
2020-02-23,1.6231737788785967,9650.86,24636.757623,319961.0,114379272.732427,15546745765529.0,14.1893571472262,2058.08783783784,0.94437022972973,43.0,3337.75,3908780000.0,17.079999923706055,1.4835365542876864,1.9267942271863459,5.818513620816459,2.8539245194697247,2.281620528135042
2020-02-24,2.1318663333527335,9936.4,37702.089843,441935.0,109742275.18922,15546745765529.0,12.6737963146477,2011.11971830986,0.909322887323944,46.0,3337.75,3908780000.0,17.079999923706055,0.9981335039740777,1.4835365542876864,1.9267942271863459,2.5589486832471624,2.2509236769259435
2020-02-25,2.6230118091251597,9656.13,55796.59612,589384.0,108969442.265353,15546745765529.0,32.830777490961,2332.55319148936,1.14128016312057,46.0,3225.889892578125,4851160000.0,25.030000686645508,1.6231737788785967,0.9981335039740777,1.4835365542876864,2.427162642260844,2.216040480470449
2020-02-26,4.465067606479478,9315.84,54379.344552,579079.0,111020255.745151,15509350562256.5,32.8224984495056,2323.5625,1.06456358333333,44.0,3128.2099609375,5596760000.0,27.850000381469727,2.1318663333527335,1.6231737788785967,0.9981335039740777,2.3838862563838994,2.2205034597959363
2020-02-27,2.9128859538948317,8785.25,92130.345482,871018.0,104700775.427287,15486913440293.0,43.8634967195441,2426.22794117647,1.16353100735294,41.0,3116.389892578125,5484650000.0,27.559999465942383,2.6230118091251597,2.1318663333527335,1.6231737788785967,2.37214711823158,2.254448462722967
2020-02-28,3.3010640717378417,8823.21,72483.578762,696646.0,113169220.498612,15486913440293.0,25.6203589140525,2304.63265306122,1.1026257755102,39.0,2978.760009765625,7064710000.0,39.15999984741211,4.465067606479478,2.6230118091251597,2.1318663333527335,2.178797687612011,2.3250704202195966
2020-02-29,2.3684504672900326,8692.91,71155.208977,655727.0,121637665.569937,15486913440293.0,12.6577498118989,2332.84810126582,1.08266515822785,40.0,2954.219970703125,8569570000.0,40.11000061035156,2.9128859538948317,4.465067606479478,2.6230118091251597,2.3196679342846522,2.2949852412270295
2020-03-01,2.4760531210975234,8523.61,36748.183035,414175.0,107010351.35583,15486913440293.0,15.2074197801683,2212.42446043165,0.989318215827338,38.0,2954.219970703125,8569570000.0,40.11000061035156,3.3010640717378417,2.9128859538948317,4.465067606479478,2.5793147224918167,2.333679656355213
2020-03-02,1.78694883220007,8531.88,43892.201779,472019.0,136264979.784043,15486913440293.0,8.7259725943444,1750.5593220339,0.829612881355932,39.0,2954.219970703125,8569570000.0,40.11000061035156,2.3684504672900326,3.3010640717378417,2.9128859538948317,2.7750742886798108,2.347021499729238
2020-03-03,2.0940674871576146,8915.24,60401.31773,564535.0,114708937.784307,15486913440293.0,30.940270332097,2300.81208053691,1.11627167785235,38.0,3090.22998046875,6381330000.0,33.41999816894531,2.4760531210975234,2.3684504672900326,3.3010640717378417,2.896914194711086,2.368896451596788
2020-03-04,1.5592471425037115,8760.07,55154.997282,512762.0,117788372.355698,15486913440293.0,29.8636955689795,2237.41176470588,1.14422573202614,38.0,3003.3701171875,6376510000.0,36.81999969482422,1.78694883220007,2.4760531210975234,2.3684504672900326,2.847640265974991,2.3812656999729938
2020-03-05,2.688659010814874,8750.87,38696.482578,454817.0,128566393.355566,15486913440293.0,29.6362349069382,2148.17365269461,1.22606610179641,40.0,3130.1201171875,5073020000.0,31.989999771118164,2.0940674871576146,1.78694883220007,2.4760531210975234,2.7720767914081987,2.396653404698
2020-03-06,1.7282637532888407,9054.68,58201.866355,619552.0,125486958.784175,15486913440293.0,18.9148578975,2144.34969325153,0.99912117791411,41.0,3023.93994140625,5579290000.0,39.619998931884766,1.5592471425037115,2.0940674871576146,1.78694883220007,2.3569595822688036,2.370144217115416
2020-03-07,1.7766082907932967,9131.88,43782.948044,493216.0,119328089.641393,15486913440293.0,43.3986362920596,2183.11612903226,1.07348889677419,39.0,2972.3701171875,6555240000.0,41.939998626708984,2.688659010814874,1.5592471425037115,2.0940674871576146,2.3249271618288097,2.405689027690315
2020-03-08,3.671713529584663,8886.66,45422.204525,485400.0,120867806.927089,15486913440293.0,10.7336654625601,1995.6178343949,0.909622929936306,38.0,2972.3701171875,6555240000.0,41.939998626708984,1.7282637532888407,2.688659010814874,1.5592471425037115,2.100241402050381,2.3880493199959627
2020-03-09,4.3774021127558065,8033.31,77537.315166,740741.0,121637665.569937,15486913440293.0,9.92544615267158,1915.78481012658,0.86939667721519,33.0,2972.3701171875,6555240000.0,41.939998626708984,1.7766082907932967,1.7282637532888407,2.688659010814874,2.015692519693704,2.3623025024001256
2020-03-10,4.73238829251546,7929.87,116968.863268,929234.0,119877105.097528,16076772598590.7,27.6103963410433,2321.40666666667,1.14787998,17.0,2746.56005859375,8441290000.0,54.459999084472656,3.671713529584663,1.7766082907932967,1.7282637532888407,2.1865011494775817,2.4409981046443305
2020-03-11,3.210021984245655,7894.56,86783.443875,737528.0,108616241.391911,16552923967337.0,34.8658578887548,2497.71212121212,1.2995478030303,16.0,2882.22998046875,7642040000.0,47.29999923706055,4.3774021127558065,3.671713529584663,1.7766082907932967,2.5565659038426864,2.5444117240942368
2020-03-12,28.553470952816028,7934.52,79942.411172,699401.0,97919187.3154346,16552923967337.0,48.0971949435077,2415.89915966387,1.20830878991597,17.0,2741.3798828125,7431200000.0,53.900001525878906,4.73238829251546,4.3774021127558065,3.671713529584663,2.9334688760366645,2.6482793219728333
2020-03-13,27.04595801092647,4800.0,261505.608653,1770812.0,124250397.349837,16552923967337.0,98.1181141230367,2317.73509933775,1.23511670198676,14.0,2480.639892578125,8850810000.0,75.47000122070312,3.210021984245655,4.73238829251546,4.3774021127558065,3.169293853428371,2.655882617596444
2020-03-14,7.235836389830551,5578.6,402201.673764,2309830.0,102856289.196885,16552923967337.0,92.3993125861211,2214.384,1.296698272,10.0,2711.02001953125,8299070000.0,57.83000183105469,28.553470952816028,3.210021984245655,4.73238829251546,6.864266987999964,3.489223918864648
2020-03-15,16.97061181501911,5172.06,136910.135974,1106125.0,105324840.13761,16552923967337.0,226.767042966773,2186.15625,1.2744803828125,8.0,2711.02001953125,8299070000.0,57.83000183105469,27.04595801092647,28.553470952816028,3.210021984245655,10.481080453376768,4.331166670433917
2020-03-16,13.896540487497063,5361.3,139916.146534,1037714.0,97919187.3154346,16552923967337.0,32.7380954733402,1875.88235294118,1.11364485714286,12.0,2711.02001953125,8299070000.0,57.83000183105469,7.235836389830551,27.04595801092647,28.553470952816028,11.260970181810663,4.496333021644405
2020-03-17,6.481480796410388,5028.97,227276.92276,1608176.0,97919187.3154346,16552923967337.0,46.1332547227943,2272.26050420168,1.19345300840336,9.0,2386.1298828125,7805450000.0,82.69000244140625,16.97061181501911,7.235836389830551,27.04595801092647,13.160812794015584,5.010279196219017
2020-03-18,6.875626382164597,5312.64,150089.926318,1069217.0,101210588.569735,16552923967337.0,96.207866330705,2262.81300813008,1.23159709756097,8.0,2529.18994140625,8370250000.0,75.91000366210938,13.896540487497063,16.97061181501911,7.235836389830551,14.520689704692908,5.371398400551185
2020-03-19,8.619221292728474,5393.04,137127.634894,962843.0,82285031.3575081,16552923967337.0,58.1795135015115,2312.54,1.16499282,11.0,2398.10009765625,8799300000.0,76.44999694824219,6.481480796410388,13.896540487497063,16.97061181501911,14.770560062392182,5.502591891572104
2020-03-20,9.690488069188644,6162.37,199020.873439,1403608.0,88044983.5525337,16552923967337.0,108.309746880354,2483.07476635514,1.30664186915888,12.0,2409.389892578125,7956100000.0,72.0,6.875626382164597,6.481480796410388,13.896540487497063,15.29421783352346,5.650619403161212
2020-03-21,6.627708809317973,6208.36,219298.329514,1580069.0,89690684.1796838,16552923967337.0,118.328793986366,2610.95412844037,1.2644780733945,9.0,2304.919921875,9053950000.0,66.04000091552734,8.619221292728474,6.875626382164597,6.481480796410388,12.446467882082379,5.847753920379114
2020-03-22,5.75009284169352,6186.98,128913.668363,990974.0,102033438.88331,16552923967337.0,113.019779442305,1983.03225806452,1.10833378225806,9.0,2304.919921875,9053950000.0,66.04000091552734,9.690488069188644,8.619221292728474,6.875626382164597,9.96711503326269,5.976819735324854
2020-03-23,9.3224883122616,5816.19,119115.990527,952259.0,104501989.824035,16552923967337.0,12.8169546574165,1646.88188976378,0.843088582677165,11.0,2304.919921875,9053950000.0,66.04000091552734,6.627708809317973,9.690488069188644,8.619221292728474,9.880239664618035,6.133516888062575
2020-03-24,4.679080927363202,6467.31,164674.215785,1099406.0,92159235.1204091,16552923967337.0,63.1827041900831,2319.78571428571,1.160538375,10.0,2237.39990234375,7411380000.0,61.59000015258789,5.75009284169352,6.627708809317973,9.690488069188644,8.277308382714379,6.275735430976102
2020-03-25,5.64813008049063,6744.72,151138.009878,1012669.0,108616241.391911,16552923967337.0,35.5157053395413,2107.05303030303,1.17028861363636,12.0,2447.330078125,7563150000.0,61.66999816894531,9.3224883122616,5.75009284169352,6.627708809317973,7.623872357680743,6.5532139245856875
2020-03-26,2.4037676041454894,6677.43,132155.734989,912179.0,75702228.8489074,16552923967337.0,81.1816265419987,2371.47826086957,1.12529151086957,13.0,2475.56005859375,8300010000.0,63.95000076293945,4.679080927363202,9.3224883122616,5.75009284169352,7.366386662102572,6.655077496201841
2020-03-27,5.099999831895522,6737.36,83026.555211,668467.0,112492821.358516,14143559041805.2,71.8483328439152,1830.175,1.135452525,14.0,2630.070068359375,7766990000.0,61.0,5.64813008049063,4.679080927363202,9.3224883122616,7.19103004757772,6.772286287773103
2020-03-28,5.118554572347697,6359.11,82914.968354,643631.0,107197274.863781,13912524048946.0,28.5498259181597,1784.16774193548,1.11037502580645,12.0,2541.469970703125,6201670000.0,65.54000091552734,2.4037676041454894,5.64813008049063,4.679080927363202,6.303108092065865,6.764978147607114
2020-03-29,3.7350058039987366,6236.65,93159.693429,725588.0,93365368.4297446,13912524048946.0,14.5080547856303,1782.42222222222,0.910426518518518,8.0,2541.469970703125,6201670000.0,65.54000091552734,5.099999831895522,2.4037676041454894,5.64813008049063,5.647324058166848,6.786142555120984
2020-03-30,4.261470062527337,5881.42,63311.627714,496709.0,104430893.576974,13912524048946.0,9.09887444823877,1541.85430463576,0.769856337748344,12.0,2541.469970703125,6201670000.0,65.54000091552734,5.118554572347697,5.099999831895522,2.4037676041454894,5.431730595742522,6.859664842402745
2020-03-31,2.825124101694888,6394.38,118889.549992,784034.0,101664512.290166,13912524048946.0,18.0407858603903,1883.18367346939,1.05563320408163,10.0,2626.64990234375,5751120000.0,57.08000183105469,3.7350058039987366,5.118554572347697,5.099999831895522,5.143861018928982,6.874129566811442
2020-04-01,4.734496077280085,6410.44,72337.595259,538231.0,109963656.150588,13912524048946.0,22.7681902437568,1825.32704402516,1.02587110691824,12.0,2584.590087890625,6576210000.0,53.540000915527344,4.261470062527337,3.7350058039987366,5.118554572347697,4.420858411824088,6.937230219986018
2020-04-02,5.992151080369255,6642.92,97500.7524,758061.0,105814084.220377,13912524048946.0,16.7728201882515,1842.18954248366,1.11369449019608,12.0,2470.5,5964000000.0,57.060001373291016,2.825124101694888,4.261470062527337,3.7350058039987366,4.156007436728614,6.948865919339264
2020-04-03,3.7289853290671644,6794.09,149299.906871,1101043.0,105814084.220377,13912524048946.0,21.1856214068808,1955.39869281046,1.11520447058824,14.0,2526.89990234375,6464190000.0,50.90999984741211,4.734496077280085,2.825124101694888,4.261470062527337,4.025488293412822,7.047117494175264
2020-04-04,3.5327322197582203,6734.1,104080.276939,840456.0,91290582.4646392,13912524048946.0,30.495484789993,2111.84090909091,1.14850231818182,14.0,2488.64990234375,6096970000.0,46.79999923706055,5.992151080369255,4.734496077280085,2.825124101694888,4.538114504301931,7.177053613948986
2020-04-05,1.4197292233582193,6856.99,72990.861139,659051.0,108580465.507185,13912524048946.0,20.9472307767383,1613.2101910828,1.07727273248408,12.0,2488.64990234375,6096970000.0,46.79999923706055,3.7289853290671644,5.992151080369255,4.734496077280085,4.342255289612166,7.249378220167768
2020-04-06,3.4474113413257164,6772.78,49685.356983,506433.0,121029181.297817,13912524048946.0,10.0136990261083,1372.90857142857,0.769681285714286,12.0,2488.64990234375,6096970000.0,46.79999923706055,3.5327322197582203,3.7289853290671644,5.992151080369255,4.115709239242241,7.277513993799213
2020-04-07,3.4681802574455163,7329.9,118052.000832,956586.0,88524201.1778319,13912524048946.0,23.6660902502828,2191.171875,1.164635859375,12.0,2663.679931640625,6403840000.0,45.2400016784668,1.4197292233582193,3.5327322197582203,3.7289853290671644,3.7849554420078815,7.267229509468192
2020-04-08,3.004767119594723,7197.32,103585.168918,924436.0,116188014.045904,13912524048946.0,45.5858466810798,1861.72619047619,1.13740330357143,20.0,2659.409912109375,7050410000.0,46.70000076293945,3.4474113413257164,1.4197292233582193,3.5327322197582203,3.6686613389790783,7.322922944485939
2020-04-09,2.7602606257288387,7361.28,76059.145838,750516.0,103061194.836332,14397482597688.1,22.3970071532783,1990.02083333333,1.11631186111111,21.0,2749.97998046875,5875710000.0,43.349998474121094,3.4681802574455163,3.4474113413257164,1.4197292233582193,3.760526504086311,7.316138502081301
2020-04-10,3.7366300254376967,7283.54,61094.872417,686207.0,112650577.826398,14715214060657.0,21.6635177883651,1861.72727272727,1.06938335714286,22.0,2789.820068359375,7899550000.0,41.66999816894531,3.004767119594723,3.4681802574455163,3.4474113413257164,3.5134223672741163,7.270384002309266
2020-04-11,1.8846221403874512,6858.92,104674.623375,949050.0,119234053.153915,14715214060657.0,11.6695280728844,1770.46012269939,0.900077294478528,15.0,2789.820068359375,7899550000.0,41.66999816894531,2.7602606257288387,3.004767119594723,3.4681802574455163,3.051723730896914,7.204646413416376
2020-04-12,3.2583935991422175,6876.83,45470.293206,484618.0,116308064.119463,14715214060657.0,10.5233492081838,1558.81761006289,0.784763679245283,15.0,2789.820068359375,7899550000.0,41.66999816894531,3.7366300254376967,2.7602606257288387,3.004767119594723,3.0528158303784187,7.222200014789445
2020-04-13,4.021943102577821,6903.79,73868.666501,648323.0,111919080.567785,14715214060657.0,11.2258390706948,1493.65359477124,0.800401980392157,10.0,2789.820068359375,7899550000.0,41.66999816894531,1.8846221403874512,3.7366300254376967,2.7602606257288387,2.817371533325452,6.333238387708493
2020-04-14,2.0310193635716933,6837.91,96415.476573,804179.0,125086031.222819,14715214060657.0,9.91179918826921,1684.87134502924,0.92931029239766,11.0,2761.6298828125,5319530000.0,41.16999816894531,3.2583935991422175,1.8846221403874512,3.7366300254376967,3.080037872723165,5.54031957398235
2020-04-15,2.2663994448876497,6868.7,69068.623285,608665.0,122891539.44698,14715214060657.0,30.2668984872753,1782.08928571429,0.988374017857143,15.0,2846.06005859375,5615730000.0,37.7599983215332,4.021943102577821,3.2583935991422175,1.8846221403874512,3.1621138386163237,5.433189797740594
2020-04-16,4.8372360135131,6621.24,61571.384994,581374.0,123623036.705593,14715214060657.0,31.8582983727781,1835.81656804734,1.17688665088757,18.0,2783.360107421875,5208000000.0,40.84000015258789,2.0310193635716933,4.021943102577821,3.2583935991422175,2.956805139491492,4.935203382692346
2020-04-17,1.9108473145612683,7101.94,125009.857539,971163.0,112650577.826398,14715214060657.0,16.6688513818559,2096.77272727273,1.1114904025974,13.0,2799.550048828125,5228810000.0,40.11000061035156,2.2663994448876497,2.0310193635716933,4.021943102577821,2.8513240431047673,4.547532014605365
2020-04-18,1.9669613542920987,7027.55,54126.509763,537554.0,92900151.843848,14715214060657.0,39.0508552958195,2237.96850393701,1.28623061417323,15.0,2874.56005859375,5804810000.0,38.150001525878906,4.8372360135131,2.2663994448876497,2.0310193635716933,3.1480348127882327,4.4927238551754565
2020-04-19,2.1193039950723,7248.6,49488.542819,494670.0,115576566.86085,14715214060657.0,45.0377496707154,1829.96202531646,1.15072607594937,18.0,2874.56005859375,5804810000.0,38.150001525878906,1.9108473145612683,4.8372360135131,2.2663994448876497,2.8872087112344573,4.327231219588679
2020-04-20,4.033501746941788,7120.74,45664.86393,483574.0,111187583.309172,14715214060657.0,11.2905693994397,1657.78947368421,0.975852769736842,16.0,2874.56005859375,5804810000.0,38.150001525878906,1.9669613542920987,1.9108473145612683,4.8372360135131,2.898971456077978,4.105489221640799
2020-04-21,1.7673899110422664,6826.83,90149.49137,785174.0,117771058.636689,14715214060657.0,20.475544904171,1930.49689440994,1.04926998757764,15.0,2823.159912109375,5228630000.0,43.83000183105469,2.1193039950723,1.9669613542920987,1.9108473145612683,2.736244369782276,3.8531164191702545
2020-04-22,2.040289365831427,6841.37,60109.710808,555797.0,115730561.554044,15624843397592.5,21.4785624496793,2086.24832214765,1.06824913422819,17.0,2736.56005859375,5121010000.0,45.40999984741211,4.033501746941788,2.1193039950723,1.9669613542920987,2.737895604691414,3.7666428504243816
2020-04-23,4.864725789841757,7125.14,61486.377334,508659.0,103923467.233466,15958652328578.0,22.0517399489651,2127.90076335878,1.03139122137405,19.0,2799.31005859375,5084920000.0,41.97999954223633,1.7673899110422664,4.033501746941788,2.1193039950723,2.7002342543300673,3.6338860860693396
2020-04-24,1.5665198765041422,7482.39,102773.569561,881099.0,112649865.245436,15958652328578.0,108.817200933308,2317.21830985915,1.28789437323944,19.0,2797.800048828125,5773530000.0,41.380001068115234,2.040289365831427,1.7673899110422664,4.033501746941788,2.667932814464893,3.391146121188334
2020-04-25,1.486765388066154,7505.0,60182.119939,601093.0,114236483.065795,15958652328578.0,43.5752936460881,2222.60416666667,1.27385038888889,20.0,2836.739990234375,5382810000.0,35.93000030517578,4.864725789841757,2.040289365831427,1.7673899110422664,2.6718599253689868,3.3973342832709523
2020-04-26,2.227113474742151,7538.67,43874.427726,521943.0,107890011.784362,15958652328578.0,61.0821039974624,2064.74264705882,1.23961248529412,24.0,2836.739990234375,5382810000.0,35.93000030517578,1.5665198765041422,4.864725789841757,2.040289365831427,2.6226702913608255,3.2612806098047358
2020-04-27,1.7300486034411398,7693.1,50522.616209,554480.0,108683320.694541,15958652328578.0,17.2438079988191,1845.49635036496,1.07241461313869,21.0,2836.739990234375,5382810000.0,35.93000030517578,1.486765388066154,1.5665198765041422,4.864725789841757,2.554070867614262,3.2307138692687585
2020-04-28,1.4783893263699508,7774.62,65441.339576,637800.0,111856556.335257,15958652328578.0,30.2802846015441,2207.21276595745,1.17940679432624,28.0,2878.47998046875,5203930000.0,33.290000915527344,2.227113474742151,1.486765388066154,1.5665198765041422,2.5694722218528123,3.1349509906969795
2020-04-29,5.031809073919196,7738.98,46302.752638,499414.0,122169572.167586,15958652328578.0,23.6215571301288,2100.48701298701,1.21570103896104,26.0,2863.389892578125,5691160000.0,33.56999969482422,1.7300486034411398,2.227113474742151,1.486765388066154,2.2404074870670057,3.022000791733427
2020-04-30,8.862566681995856,8778.57,183546.887514,1433128.0,115029791.975974,15958652328578.0,27.4087943825812,2285.52413793103,1.19593875172414,26.0,2939.510009765625,6645640000.0,31.229999542236328,1.4783893263699508,1.7300486034411398,2.227113474742151,2.1991216892566743,2.9467802424791345
2020-05-01,3.5214535553136592,8620.0,206277.214124,1661554.0,107096702.874182,15958652328578.0,103.747652592902,2384.97777777778,1.26880717777778,44.0,2912.429931640625,6544980000.0,34.150001525878906,5.031809073919196,1.4783893263699508,1.7300486034411398,2.6264816475549275,2.97245820952553
2020-05-02,1.8123978846738706,8826.96,91468.815059,865960.0,111856556.335257,15958652328578.0,267.965773736503,2415.41843971631,1.25053987943262,40.0,2830.7099609375,4759810000.0,37.189998626708984,8.862566681995856,5.031809073919196,1.4783893263699508,3.1976017750055132,3.173706295535562
2020-05-03,3.351979326133587,8972.05,59002.08755,637884.0,117409718.706511,15958652328578.0,189.72848694939,1937.65540540541,1.34151207432432,40.0,2830.7099609375,4759810000.0,37.189998626708984,3.5214535553136592,8.862566681995856,5.031809073919196,3.4768780148354446,3.1332715448033484
2020-05-04,3.173291020619843,8894.16,90126.065643,877460.0,133275896.910094,15958652328578.0,94.9003182470995,1677.09523809524,1.19645580952381,45.0,2830.7099609375,4759810000.0,37.189998626708984,1.8123978846738706,3.5214535553136592,8.862566681995856,3.5233969429222607,2.9939464382801684
2020-05-05,3.126250872199135,8871.96,84418.512331,848802.0,125342807.808302,15958652328578.0,18.4966784393537,2063.91139240506,1.08609900632911,44.0,2842.739990234375,4735930000.0,35.970001220703125,3.351979326133587,1.8123978846738706,3.5214535553136592,3.6840920645496085,2.981379571515716
2020-05-06,3.479384068363929,9021.83,76480.765342,812543.0,126294576.814336,16079831604277.9,43.5371245493995,2082.75316455696,1.20414426582278,40.0,2868.43994140625,5140290000.0,33.61000061035156,3.173291020619843,3.351979326133587,1.8123978846738706,3.890269552717995,2.9693981982111035
2020-05-07,3.670484487669132,9142.92,105925.30242,1007661.0,123288445.655594,16104807485529.0,34.1764496469054,2164.9025974026,1.21036338311688,42.0,2848.419921875,4892570000.0,34.119998931884766,3.126250872199135,3.173291020619843,3.351979326133587,4.125678344979307,3.0262822531724676
2020-05-08,3.033235083904166,9986.4,147154.611378,1254835.0,117684425.398522,16104807485529.0,36.4181547018526,2326.43537414966,1.31399202040816,49.0,2881.18994140625,5178790000.0,31.440000534057617,3.479384068363929,3.126250872199135,3.173291020619843,3.903903344185697,3.027348010740408
2020-05-09,2.7336309723499803,9800.01,100683.7964,967816.0,109678682.174133,16104807485529.0,55.2722213497083,2362.22627737226,1.27432859854015,55.0,2929.800048828125,4876030000.0,27.979999542236328,3.670484487669132,3.479384068363929,3.126250872199135,3.162177316424736,3.0340914850811944
2020-05-10,11.401636867581203,9539.4,81950.679567,839384.0,108878107.851694,16104807485529.0,134.655207764504,2297.05147058824,1.29207369117647,56.0,2929.800048828125,4876030000.0,27.979999542236328,3.033235083904166,3.670484487669132,3.479384068363929,3.0924318205090944,3.0350404172248426
2020-05-11,6.253623044379482,8722.77,183865.182028,1565771.0,136097634.814617,16104807485529.0,87.4787760422222,1686.99411764706,1.24668879411765,48.0,2929.800048828125,4876030000.0,27.979999542236328,2.7336309723499803,3.033235083904166,3.670484487669132,3.224036547319968,3.034152762112214
2020-05-12,3.0340910541057045,8561.52,168807.251832,1367382.0,125690168.622911,16104807485529.0,106.698247864277,1948.01910828025,1.28364698089172,40.0,2930.18994140625,4819730000.0,27.56999969482422,11.401636867581203,2.7336309723499803,3.033235083904166,4.373987624669627,3.289652990183664
2020-05-13,2.873270284826794,8810.79,86522.780066,784859.0,116883851.076083,16104807485529.0,86.3303157596958,2364.48630136986,1.27995578767123,39.0,2870.1201171875,5119630000.0,33.040000915527344,6.253623044379482,11.401636867581203,2.7336309723499803,4.81403505663529,3.4352863536500653
2020-05-14,3.9717393832725234,9309.37,92466.274018,869216.0,95268344.370232,16104807485529.0,56.8869349427209,2494.08403361345,1.29675055462185,41.0,2820.0,6151650000.0,35.279998779296875,3.0340910541057045,6.253623044379482,11.401636867581203,4.800869368336229,3.427809602148848
2020-05-15,4.339608101502634,9791.98,129565.37747,1199530.0,91265472.7580373,16104807485529.0,71.9318595801494,2357.45614035088,1.32324637719298,40.0,2852.5,5651130000.0,32.61000061035156,2.873270284826794,3.0340910541057045,6.253623044379482,4.71428168497378,3.389520508223814
2020-05-16,2.3255235246842454,9316.42,115890.761516,1055630.0,100071790.304866,16104807485529.0,162.420703135339,2485.136,1.272443528,44.0,2863.699951171875,5507700000.0,31.889999389648438,3.9717393832725234,2.873270284826794,3.0340910541057045,4.757318098631408,3.454211175547175
2020-05-17,3.3082547722269053,9381.27,59587.627862,692028.0,100872364.627304,16104807485529.0,339.937454849113,2353.61111111111,1.26268635714286,41.0,2863.699951171875,5507700000.0,31.889999389648438,4.339608101502634,3.9717393832725234,2.873270284826794,4.943942815431188,3.5233181307676746
2020-05-18,2.975428678813637,9680.04,68647.764323,722718.0,81658580.8887703,16104807485529.0,101.727037064933,2321.64705882353,1.32779232352941,40.0,2863.699951171875,5507700000.0,31.889999389648438,2.3255235246842454,4.339608101502634,3.9717393832725234,4.885641751478941,3.4395943811400462
2020-05-19,3.448930229301432,9733.93,82006.603583,794292.0,102473513.272182,16104807485529.0,117.592662589782,2138.4609375,1.3527313828125,50.0,2953.909912109375,6373670000.0,29.299999237060547,3.3082547722269053,2.3255235246842454,4.339608101502634,3.7294443092854697,3.4861746297289007
2020-05-20,3.9862591364681013,9775.53,78539.760454,773581.0,92066047.0804763,16104807485529.0,118.545697244106,2390.40869565217,1.33328306086957,50.0,2922.93994140625,4984330000.0,30.530000686645508,2.975428678813637,3.3082547722269053,2.3255235246842454,3.261130828490349,3.5197902072129517
2020-05-21,4.571991232292238,9511.43,74923.73809,731189.0,86971887.3185643,15213703057048.3,109.29145396657,2435.10434782609,1.32785014782609,52.0,2971.610107421875,5005380000.0,27.989999771118164,3.448930229301432,2.975428678813637,3.3082547722269053,3.3203935678040244,3.564111081687256
2020-05-22,2.024029768128872,9068.65,108928.780969,951971.0,98579623.7035512,15138043247083.0,205.617799640408,2278.49618320611,1.29565793129771,49.0,2948.510009765625,4976620000.0,29.530000686645508,3.9862591364681013,3.448930229301432,2.975428678813637,3.479391975181354,3.5625363280048004
2020-05-23,1.7565043667424773,9170.0,58943.131024,693694.0,83529299.4740014,15138043247083.0,113.078362101665,2511.56756756757,1.29705125225225,42.0,2955.449951171875,3970860000.0,28.15999984741211,4.571991232292238,3.9862591364681013,3.448930229301432,3.5651422393270273,3.656023038713132
2020-05-24,4.501287560422485,9179.15,43526.296966,512460.0,89549429.1658213,15138043247083.0,166.532865047518,2262.43697478992,1.27885055462185,40.0,2955.449951171875,3970860000.0,28.15999984741211,2.024029768128872,4.571991232292238,3.9862591364681013,3.234345334559347,3.6554810521230467
2020-05-25,2.477967712585079,8720.34,70379.86645,774088.0,87291880.5313888,15138043247083.0,117.778329703476,1849.39655172414,1.41277356034483,43.0,2955.449951171875,3970860000.0,28.15999984741211,1.7565043667424773,2.024029768128872,4.571991232292238,3.153056883424809,3.5518736713530714
2020-05-26,2.1091302262321485,8900.35,62833.910949,733557.0,94064526.4346863,15138043247083.0,80.9216726736228,2127.0,1.2793314,41.0,2955.449951171875,3970860000.0,28.15999984741211,4.501287560422485,1.7565043667424773,2.024029768128872,3.3234901388813207,3.6496992608170165
2020-05-27,3.092843897504271,8841.18,58299.770138,678304.0,93312010.2232088,15138043247083.0,68.3594299423756,2385.33870967742,1.30755558064516,39.0,2991.77001953125,5848500000.0,28.010000228881836,2.477967712585079,4.501287560422485,1.7565043667424773,3.252424286562955,3.6827393383009803
2020-05-28,2.743273231461354,9204.07,68910.355514,662850.0,103847237.183894,15138043247083.0,81.2903394615554,2122.65942028986,1.34352728985507,39.0,3036.1298828125,6398000000.0,27.6200008392334,2.1091302262321485,2.477967712585079,4.501287560422485,3.061024286124486,3.678806563350647
2020-05-29,1.660796088261405,9575.89,74110.787662,738725.0,98579623.7035512,15138043247083.0,118.666059621303,2289.3893129771,1.28180148854962,41.0,3029.72998046875,5447020000.0,28.59000015258789,3.092843897504271,2.1091302262321485,2.477967712585079,2.9333935377010816,3.7242330731527513
2020-05-30,3.1912481379387896,9427.07,57374.362961,593705.0,95569558.8576412,15138043247083.0,60.7171205665049,2212.28346456693,1.2709125511811,48.0,3044.31005859375,7297550000.0,27.510000228881836,2.743273231461354,3.092843897504271,2.1091302262321485,2.6721481090109553,3.7663958699891316
2020-05-31,1.5603105670644661,9697.72,55665.27254,651290.0,117392528.990488,15138043247083.0,81.3856731988826,1833.62820512821,1.2455241025641,48.0,3044.31005859375,7297550000.0,27.510000228881836,1.660796088261405,2.743273231461354,3.092843897504271,2.6202575833156025,3.654028770467205
2020-06-01,4.96941311574999,9448.27,48333.786403,651473.0,112877431.721623,15138043247083.0,13.2665161813109,1722.84666666667,1.05190532,51.0,3044.31005859375,7297550000.0,27.510000228881836,3.1912481379387896,1.660796088261405,2.743273231461354,2.82522097920079,3.4649848189986363
2020-06-02,6.100388682071125,10200.77,76649.12696,826964.0,100837172.337984,15138043247083.0,44.4346247975204,2300.83582089552,1.26937645522388,50.0,3055.72998046875,4684170000.0,28.229999542236328,1.5603105670644661,3.1912481379387896,1.660796088261405,2.4050814087210735,3.399613386056996
2020-06-03,1.2130940399640084,9518.04,108970.773151,1004312.0,97074591.2805962,15138043247083.0,43.0566240455041,2357.47286821705,1.28366721705426,56.0,3080.820068359375,5197150000.0,26.84000015258789,4.96941311574999,1.5603105670644661,3.1912481379387896,2.761002180601775,3.504847227092867
2020-06-04,2.349755309653722,9666.24,46252.644939,562784.0,104599753.395371,15138043247083.0,100.633473001386,2258.9928057554,1.28282743165468,48.0,3122.8701171875,6005560000.0,25.65999984741211,6.100388682071125,4.96941311574999,1.5603105670644661,3.331181960007343,3.5964608722907845
2020-06-05,1.7941589216266811,9789.06,57456.100969,665881.0,108668660.65278,14477089134396.8,86.0817025560519,2107.84768211921,1.23647156291391,54.0,3112.35009765625,6451290000.0,25.809999465942383,1.2130940399640084,6.100388682071125,4.96941311574999,3.0626462660730196,3.5311209729355904
2020-06-06,1.3923141666925665,9621.16,47788.05005,566062.0,122192367.725211,13732352106018.0,15.664918567942,1827.27374301676,1.04258680446927,53.0,3193.929931640625,8639300000.0,24.520000457763672,2.349755309653722,1.2130940399640084,6.100388682071125,3.0064294201005004,3.5052377875174097
2020-06-07,2.93176770641896,9666.3,32752.950893,435796.0,133797229.464477,13732352106018.0,7.85867652564543,1453.43367346939,0.793185081632653,54.0,3193.929931640625,8639300000.0,24.520000457763672,1.7941589216266811,2.349755309653722,1.2130940399640084,3.0254812534383975,3.449063615959502
2020-06-08,1.3780769208555876,9746.99,57952.848385,637766.0,108539589.208428,13732352106018.0,14.5965592620209,1587.22012578616,0.861702465408805,54.0,3193.929931640625,8639300000.0,24.520000457763672,1.3923141666925665,1.7941589216266811,2.349755309653722,2.7684906861175085,3.3731246052602826
2020-06-09,1.3409448293171728,9782.01,40664.664125,485139.0,110587505.985945,13732352106018.0,24.042977067887,1958.48765432099,1.15165127777778,53.0,3232.389892578125,8498300000.0,25.809999465942383,2.93176770641896,1.3923141666925665,1.7941589216266811,2.964413134596722,3.3697423593441096
2020-06-10,1.0354153201997793,9772.43,46024.001289,551863.0,109222228.134267,13732352106018.0,37.8606759135108,2044.2125,1.17659488125,52.0,3207.179931640625,6410930000.0,27.56999969482422,1.3780769208555876,2.93176770641896,1.3923141666925665,2.4513651067546647,3.3245572242942965
2020-06-11,5.623964330746288,9885.0,47130.762982,560909.0,111952783.837623,13732352106018.0,20.0633581092589,1982.7012195122,1.08085750609756,54.0,3190.139892578125,6598870000.0,27.56999969482422,1.3409448293171728,1.3780769208555876,2.93176770641896,1.7714445563612427,2.9892008230188285
2020-06-12,2.3777753307321974,9280.4,94418.98473,966502.0,126288201.280246,13732352106018.0,46.1392903217152,1797.24324324324,1.3824711945946,52.0,3002.10009765625,7037320000.0,40.790000915527344,1.0354153201997793,1.3409448293171728,1.3780769208555876,1.7460618821092098,2.8152605655461715
2020-06-13,0.8592752083798378,9465.13,50119.066932,553203.0,111270144.911784,13732352106018.0,22.96129178339,1952.60122699387,1.3554732208589,38.0,3041.31005859375,5845330000.0,36.09000015258789,5.623964330746288,1.0354153201997793,1.3409448293171728,2.2138060279795764,2.9015896747675245
2020-06-14,1.4093612584653086,9473.34,27759.784851,392763.0,107856950.282588,13732352106018.0,30.098038717312,1773.29746835443,1.06753564556962,38.0,3041.31005859375,5845330000.0,36.09000015258789,2.3777753307321974,5.623964330746288,1.0354153201997793,2.297179800708936,2.8850731762977047
2020-06-15,3.1791850386523426,9342.1,30055.506608,415568.0,116048617.392658,13732352106018.0,7.88919523079401,1621.9,0.82532244117647,40.0,3041.31005859375,5845330000.0,36.09000015258789,0.8592752083798378,2.3777753307321974,5.623964330746288,2.221031378092832,2.7813243704679484
2020-06-16,2.0927652624391433,9426.02,86107.924707,839521.0,94204171.7658051,13732352106018.0,27.7534425674877,2133.82608695652,1.12934176086956,37.0,3066.590087890625,5757480000.0,34.400001525878906,1.4093612584653086,0.8592752083798378,2.3777753307321974,2.003544742670882,2.6836494757000375
2020-06-17,1.9044546773467594,9525.59,52052.446927,543481.0,106374812.691088,14265974077877.3,88.4954207123501,2270.11333333333,1.22310094,39.0,3124.739990234375,5845810000.0,33.66999816894531,3.1791850386523426,1.4093612584653086,0.8592752083798378,2.2608459023561323,2.7121048594989743
2020-06-18,1.2027048577238963,9465.14,48046.411152,536158.0,108283617.573483,15784744305477.0,79.6326080820052,2417.00724637681,1.27152182608696,38.0,3113.489990234375,4560450000.0,33.470001220703125,2.0927652624391433,3.1791850386523426,1.4093612584653086,2.3682488213735566,2.6715885425060493
2020-06-19,1.3426630382314018,9386.32,37381.953765,475074.0,97298323.0370428,15784744305477.0,32.5448838323621,2289.49193548387,1.24973074193548,40.0,3115.340087890625,4448690000.0,32.939998626708984,1.9044546773467594,2.0927652624391433,3.1791850386523426,2.4923973009659828,2.6358894091238194
2020-06-20,1.0372085876030233,9310.23,45330.983673,503484.0,111422273.155323,15784744305477.0,122.095238512713,2423.53521126761,1.28498504929577,39.0,3097.739990234375,8346650000.0,35.119998931884766,1.2027048577238963,1.9044546773467594,2.0927652624391433,1.8607888048199264,2.561015230071235
2020-06-21,0.8195801087566419,9358.95,30329.065384,382778.0,107498953.678023,15784744305477.0,41.9503509273154,2073.89051094891,1.10747741605839,38.0,3097.739990234375,8346650000.0,35.119998931884766,1.3426630382314018,1.2027048577238963,1.9044546773467594,1.7129156201769555,2.472895360130012
2020-06-22,1.7492995863906295,9294.69,24316.926234,321015.0,114560928.737163,15784744305477.0,10.4156232150178,1776.98630136986,0.98115845890411,37.0,3097.739990234375,8346650000.0,35.119998931884766,1.0372085876030233,1.3426630382314018,1.2027048577238963,1.7383346743516963,2.3550692719737047
2020-06-23,1.1937984708042315,9685.69,57895.468343,588704.0,112206937.050783,15784744305477.0,21.4489938056863,2107.66433566434,1.10386692307692,38.0,3117.860107421875,4686690000.0,31.770000457763672,0.8195801087566419,1.0372085876030233,1.3426630382314018,1.6540802243933155,2.3149209499946304
2020-06-24,2.590337240234707,9624.89,41031.02938,474319.0,123976895.482684,15784744305477.0,73.1922648634405,2248.45569620253,1.30496485443038,41.0,3131.2900390625,4711850000.0,31.3700008392334,1.7492995863906295,0.8195801087566419,1.0372085876030233,1.4498108740702136,2.3146807906495686
2020-06-25,2.7708549069246535,9296.49,61571.561464,572362.0,109068281.468943,15784744305477.0,40.5761529932637,2246.91366906475,1.28815984892086,50.0,3050.330078125,5597680000.0,33.84000015258789,1.1937984708042315,1.7492995863906295,0.8195801087566419,1.321387046693798,2.20443115432896
2020-06-26,1.8294011659992542,9249.49,55831.619156,536205.0,110637609.259863,15784744305477.0,41.099652219397,2214.06382978723,1.25375966666667,43.0,3083.760009765625,4847690000.0,32.220001220703125,2.590337240234707,1.1937984708042315,1.7492995863906295,1.4193702699635045,2.2081768052506145
2020-06-27,2.431301090100748,9162.21,50292.298277,510947.0,128684878.855444,15784744305477.0,35.7492781416483,2014.51829268293,1.18609118902439,40.0,3009.050048828125,8107850000.0,34.72999954223633,2.7708549069246535,2.590337240234707,1.1937984708042315,1.6433917055636127,2.230234294607031
2020-06-28,1.5321067033069864,9012.0,46290.930113,499415.0,108283617.573483,15784744305477.0,30.8845720166385,1996.29710144928,1.10536953623188,43.0,3009.050048828125,8107850000.0,34.72999954223633,1.8294011659992542,2.7708549069246535,2.590337240234707,1.712925723816163,2.1881195368901976
2020-06-29,1.3929779599134342,9116.35,30688.176421,374404.0,117699584.319003,15784744305477.0,21.2718911837447,1766.06,0.9017818,40.0,3009.050048828125,8107850000.0,34.72999954223633,2.431301090100748,1.8294011659992542,2.7708549069246535,1.9120817956015521,2.1777204655115106
2020-06-30,1.0412486907456755,9192.56,42120.293261,434299.0,113776264.841703,15784744305477.0,28.0275479078866,2175.33793103448,1.24892440689655,41.0,3053.239990234375,4473970000.0,31.780000686645508,1.5321067033069864,2.431301090100748,1.8294011659992542,2.0138713091087443,2.1734308193463634
2020-07-01,0.9869374201232091,9138.55,31463.162801,328083.0,115344676.145677,15784618886622.5,41.4509660086511,2039.0,1.18983953061224,44.0,3100.2900390625,4705850000.0,30.43000030517578,1.3929779599134342,1.5321067033069864,2.431301090100748,1.9629682196120022,2.1134884800788516
2020-07-02,1.9606326213608571,9232.0,38488.528699,374832.0,127111309.039231,15784217546288.0,128.594628894437,2361.54320987654,1.29576333333333,42.0,3115.860107421875,4449230000.0,28.6200008392334,1.0412486907456755,1.3929779599134342,1.5321067033069864,1.9411753938893512,2.096186417534892
2020-07-03,0.6677373097948531,9086.54,45725.168076,470292.0,128680584.459468,15784217546288.0,55.0402154520152,2069.93292682927,1.13343739634146,42.0,3130.010009765625,4197720000.0,27.68000030517578,0.9869374201232091,1.0412486907456755,1.3929779599134342,1.7121182767305658,1.9634372276806658
2020-07-04,1.1925165614801285,9058.26,28943.420177,343189.0,127895946.749349,15784217546288.0,40.7610642245759,2030.73006134969,1.19896608588957,41.0,3130.010009765625,4197720000.0,27.68000030517578,1.9606326213608571,0.9869374201232091,1.0412486907456755,1.5963722359357377,1.8254453589903235
2020-07-05,1.0915258469828641,9135.46,26441.968484,335225.0,123188120.488637,15784217546288.0,17.3382322896773,1838.51592356688,1.03760638853503,40.0,3130.010009765625,4197720000.0,27.68000030517578,0.6677373097948531,1.9606326213608571,0.9869374201232091,1.4304202564779662,1.8072668013180184
2020-07-06,1.7103055458999137,9069.41,34073.653627,384500.0,127895946.749349,15784217546288.0,9.63277174145797,1681.61963190184,0.921691711656441,38.0,3130.010009765625,4197720000.0,27.68000030517578,1.1925165614801285,0.6677373097948531,1.9606326213608571,1.253451038103592,1.7686921763788985
2020-07-07,0.9061889958195843,9344.2,54463.132277,533540.0,120834207.358281,15784217546288.0,24.4949320073598,2199.78571428571,1.2276441038961,40.0,3179.719970703125,4759160000.0,27.940000534057617,1.0915258469828641,1.1925165614801285,0.6677373097948531,1.1905109157715745,1.7452710738907713
2020-07-08,1.730203091907077,9257.39,34587.336678,433481.0,126326671.329112,15784217546288.0,33.7068608479694,2148.91304347826,1.10386223602484,43.0,3145.320068359375,4571330000.0,29.43000030517578,1.7103055458999137,1.0915258469828641,1.1925165614801285,1.2358434280553574,1.7558707865310164
2020-07-09,1.6669392834467862,9436.06,56140.517781,652605.0,118480294.227925,15784217546288.0,44.0617636762509,2301.02649006623,1.24786683443709,44.0,3169.93994140625,4937310000.0,28.079999923706055,0.9061889958195843,1.7103055458999137,1.0915258469828641,1.2165491859230586,1.6883514961777035
2020-07-10,1.38017716250832,9232.43,48044.450645,575491.0,128680584.459468,15784217546288.0,67.817459605266,2211.69512195122,1.26709600609756,44.0,3152.050048828125,4843650000.0,29.260000228881836,1.730203091907077,0.9061889958195843,1.7103055458999137,1.3227299961778967,1.7000890352127533
2020-07-11,0.7497546820907584,9288.34,38295.494006,525484.0,126326671.329112,15784217546288.0,35.1096057594522,2149.04347826087,1.20817402484472,41.0,3185.0400390625,4524190000.0,27.290000915527344,1.6669392834467862,1.730203091907077,0.9061889958195843,1.2807738050473154,1.7109555170170736
2020-07-12,0.9262245339834826,9234.03,22561.366,413452.0,122403482.778518,15784217546288.0,28.8240549507237,1966.48076923077,1.09107069230769,44.0,3185.0400390625,4524190000.0,27.290000915527344,1.38017716250832,1.6669392834467862,1.730203091907077,1.3825509268635248,1.7224475784273585
2020-07-13,0.9271553745082293,9302.75,30872.702286,484875.0,119264931.938044,15784217546288.0,14.3266943516417,1857.65789473684,0.979820947368421,41.0,3185.0400390625,4524190000.0,27.290000915527344,0.7497546820907584,1.38017716250832,1.6669392834467862,1.3192992298079005,1.5599739234721743
2020-07-14,0.920481243668316,9242.62,42740.069115,642552.0,121086665.700822,16570395220715.7,25.9063040354244,2110.38775510204,1.14355070748299,43.0,3155.219970703125,4902440000.0,32.189998626708984,0.9262245339834826,0.7497546820907584,1.38017716250832,1.2956847565222744,1.5115888969138838
2020-07-15,0.8777999832492561,9255.85,45772.552509,613139.0,124167138.542574,17345948872516.0,126.072328299875,2498.9375,1.2590924375,43.0,3197.52001953125,4507140000.0,29.520000457763672,0.9271553745082293,0.9262245339834826,0.7497546820907584,1.1838061606091768,1.5138515691181633
2020-07-16,1.0918439234335986,9197.6,39053.579665,554780.0,118993507.769967,17345948872516.0,102.410186198318,2290.31884057971,1.31362408695652,44.0,3226.56005859375,4686830000.0,27.760000228881836,0.920481243668316,0.9271553745082293,0.9262245339834826,1.1858479103018527,1.4975555686249302
2020-07-17,0.5815897269648502,9133.72,43375.571191,681807.0,117268964.179098,17345948872516.0,100.36103270829,2543.00735294118,1.27677246323529,43.0,3215.570068359375,3972860000.0,28.0,0.8777999832492561,0.920481243668316,0.9271553745082293,1.0640760376364498,1.4208427334448273
2020-07-18,0.4499503069102178,9154.32,28054.358741,470991.0,101748071.861276,17345948872516.0,81.7823243217524,2490.73728813559,1.2644118220339,41.0,3224.72998046875,4012850000.0,25.68000030517578,1.0918439234335986,0.8777999832492561,0.920481243668316,0.9819195576345658,1.3874786888113093
2020-07-19,0.6403010721079447,9170.28,22554.541457,430377.0,112095333.40649,17345948872516.0,195.335621791476,2392.47692307692,1.27620218461538,44.0,3224.72998046875,4012850000.0,25.68000030517578,0.5815897269648502,1.0918439234335986,0.8777999832492561,0.8678356382712131,1.3433831904652456
2020-07-20,0.7011193395192575,9208.99,26052.019417,440449.0,112957605.201925,17345948872516.0,216.17418785058,2115.21374045802,1.33278361068702,41.0,3224.72998046875,4012850000.0,25.68000030517578,0.4499503069102178,0.5815897269648502,1.0918439234335986,0.8250064418168501,1.3182913721047895
2020-07-21,1.623313546176518,9160.78,35458.764082,557096.0,121580323.15627,17345948872516.0,77.5117827121031,2196.78723404255,1.28787781560284,44.0,3251.840087890625,3979340000.0,24.459999084472656,0.6403010721079447,0.4499503069102178,0.5815897269648502,0.7841602329774876,1.2948793065673412
2020-07-22,1.5447937999637624,9390.0,60413.582486,782959.0,107783974.429318,17345948872516.0,73.2338543912775,2502.968,1.290345384,44.0,3257.300048828125,4556610000.0,24.84000015258789,0.7011193395192575,0.6403010721079447,0.4499503069102178,0.7518693708362058,1.2836763316312156
2020-07-23,1.2584458903427536,9518.16,48815.004107,663029.0,124167138.542574,17345948872516.0,110.02533284758,2533.27777777778,1.26073863194444,50.0,3276.02001953125,4267160000.0,24.31999969482422,1.623313546176518,0.7011193395192575,0.6403010721079447,0.8522739854802348,1.3104674462118782
2020-07-24,1.36194904819303,9603.27,51856.2335,735371.0,117268964.179098,17345948872516.0,93.7690896988888,2472.38970588235,1.29374360294118,55.0,3235.659912109375,4296760000.0,26.079999923706055,1.5447937999637624,1.623313546176518,0.7011193395192575,0.94755881643945,1.3036505866643158
2020-07-25,1.1366738341500728,9537.8,43931.136205,677725.0,138825759.064961,17345948872516.0,101.994225005393,2294.60869565217,1.31423896273292,53.0,3215.6298828125,3689410000.0,25.84000015258789,1.2584458903427536,1.5447937999637624,1.623313546176518,0.971359097426472,1.305805500648933
2020-07-26,2.4688366483205755,9700.42,40679.545416,675222.0,122442594.951705,17345948872516.0,104.835866716645,2069.5985915493,1.37081556338028,55.0,3215.6298828125,3689410000.0,25.84000015258789,1.36194904819303,1.2584458903427536,1.5447937999637624,1.0828390004590693,1.2648592275808774
2020-07-27,6.0230347145147665,9931.54,65279.269319,945611.0,136238943.678657,17345948872516.0,84.0796051139643,1889.74683544304,1.34358736075949,55.0,3215.6298828125,3689410000.0,25.84000015258789,1.1366738341500728,1.36194904819303,1.2584458903427536,1.1809423614933343,1.210386525155058
2020-07-28,4.537331589823617,11029.96,150188.933144,1901088.0,128205972.903398,17309155182109.1,45.1272237907668,2193.08053691275,1.28513553020134,58.0,3239.409912109375,3970310000.0,24.739999771118164,2.4688366483205755,1.1366738341500728,1.36194904819303,1.44216172952371,1.2317010412324352
2020-07-29,2.9822805748345473,10906.27,97267.734187,1475636.0,121437040.395232,16847561611550.0,74.5345903127432,2446.49655172414,1.28055768275862,76.0,3218.43994140625,4053180000.0,25.440000534057617,6.0230347145147665,2.4688366483205755,1.1366738341500728,2.2024353545230686,1.3514254953795692
2020-07-30,2.1216819585764046,11100.53,76838.094233,1127302.0,123949530.886168,16847561611550.0,247.384756791933,2341.35810810811,1.28302888513513,71.0,3258.43994140625,4478200000.0,24.100000381469727,4.537331589823617,6.0230347145147665,2.4688366483205755,2.6187236464726538,1.451599658263457
2020-07-31,2.445253043565385,11099.61,60794.826456,879960.0,113062072.092113,16847561611550.0,144.578079776646,2428.06666666667,1.28713702222222,76.0,3246.219970703125,4264920000.0,24.760000228881836,2.9822805748345473,4.537331589823617,6.0230347145147665,2.824078900025623,1.5045764120941607
2020-08-01,3.1154425830370003,11335.46,70063.660974,971584.0,128137015.037728,16847561611550.0,116.199027352011,2332.71895424837,1.2998891372549,75.0,3271.1201171875,5007530000.0,24.459999084472656,2.1216819585764046,2.9822805748345473,4.537331589823617,2.947398338344716,1.540590854355185
2020-08-02,7.859130584032127,11801.17,85087.485126,1174252.0,114737065.752737,16847561611550.0,119.066528709231,2165.7299270073,1.28782523357664,75.0,3271.1201171875,5007530000.0,24.459999084472656,2.445253043565385,2.1216819585764046,2.9822805748345473,3.1021560519693385,1.5892013751365908
2020-08-03,2.3973282270185576,11071.35,97553.077604,1459900.0,118087053.073985,16847561611550.0,103.925242585788,2041.62411347518,1.35312527659574,80.0,3271.1201171875,5007530000.0,24.459999084472656,3.1154425830370003,2.445253043565385,2.1216819585764046,3.384837301810328,1.6276950405257957
2020-08-04,2.278441635675816,11219.81,56931.841475,919185.0,135674486.510536,16847561611550.0,42.7039274353989,2060.2037037037,1.32687536419753,75.0,3294.610107421875,4438940000.0,24.280000686645508,7.859130584032127,3.1154425830370003,2.445253043565385,4.154879292626264,1.8674081496670383
2020-08-05,2.5016981625408548,11191.97,58629.113709,863692.0,121437040.395232,16847561611550.0,59.0636095247424,2269.18620689655,1.31094287586207,72.0,3306.510009765625,4414380000.0,23.760000228881836,2.3973282270185576,7.859130584032127,3.1154425830370003,3.6369212229839483,1.9075685385183192
2020-08-06,2.055209646155262,11744.91,74970.256852,964637.0,108037091.110241,16847561611550.0,44.3243251669178,2262.12403100775,1.26797285271318,75.0,3327.77001953125,4535060000.0,22.989999771118164,2.278441635675816,2.3973282270185576,7.859130584032127,3.314222658105691,1.9471323981414175
2020-08-07,1.692024070258055,11762.46,63529.08502,919918.0,130649505.528664,16847561611550.0,134.591360368691,2285.97435897436,1.27700828205128,79.0,3349.159912109375,4278930000.0,22.649999618530273,2.5016981625408548,2.278441635675816,2.3973282270185576,3.2455680277780203,1.973512152029449
2020-08-08,1.9119898774725677,11594.23,65755.926022,940045.0,127299518.207416,16847561611550.0,110.968556286246,2148.01973684211,1.30196069078947,77.0,3351.280029296875,4110030000.0,22.209999084472656,2.055209646155262,2.5016981625408548,2.278441635675816,3.2360719831464286,2.0118128403739717
2020-08-09,1.6253613558329352,11761.41,41858.16104,779318.0,118924549.904297,16847561611550.0,124.364884401361,1997.4014084507,1.32725973943662,77.0,3351.280029296875,4110030000.0,22.209999084472656,1.692024070258055,2.055209646155262,2.5016981625408548,3.1284678441025244,2.010540206319004
2020-08-10,3.3316815977598515,11681.68,41493.067342,853386.0,130649505.528664,16847561611550.0,120.489046756298,1720.52564102564,1.25096239102564,79.0,3351.280029296875,4110030000.0,22.209999084472656,1.9119898774725677,1.692024070258055,2.055209646155262,2.9565460290218915,2.018708559453197
2020-08-11,2.7436139258251266,11892.92,84952.337887,1340835.0,114901504.532898,16871707187017.9,66.3260580360004,2250.85401459854,1.24909544525547,78.0,3360.469970703125,4327920000.0,22.1299991607666,1.6253613558329352,1.9119898774725677,1.692024070258055,2.0660075678505785,2.0268813658973506
2020-08-12,2.4900977712414054,11392.08,90748.284634,1343979.0,129741892.842126,16947802333947.0,102.973401644512,2272.41558441558,1.28512614285714,84.0,3333.68994140625,4880540000.0,24.030000686645508,3.3316815977598515,1.6253613558329352,1.9119898774725677,2.19948662081362,2.1129455964196535
2020-08-13,2.193349348377764,11564.33,64909.613644,1104096.0,132269332.313077,16947802333947.0,81.0060349898231,2206.40127388535,1.30025353503185,75.0,3380.35009765625,3772250000.0,22.280000686645508,2.7436139258251266,3.3316815977598515,1.6253613558329352,2.2659398051206643,2.1735252428143754
2020-08-14,1.2550490984813505,11780.0,70132.491502,1243382.0,123844534.076575,16947802333947.0,45.3487165579414,2213.2380952381,1.20714584353741,75.0,3373.429931640625,3438730000.0,22.1299991607666,2.4900977712414054,2.7436139258251266,3.3316815977598515,2.2642826063636003,2.225623322705481
2020-08-15,1.8586115830406709,11760.54,59818.852697,1011746.0,140694130.549579,16947802333947.0,72.3260893151224,2189.69461077844,1.26469455688623,78.0,3372.85009765625,3200060000.0,22.049999237060547,2.193349348377764,2.4900977712414054,2.7436139258251266,2.2840168495382436,2.2680522595291293
2020-08-16,1.5683388970147736,11852.4,56237.90505,1018956.0,131426852.489427,16947802333947.0,32.1672623689793,2011.28205128205,1.22985610897436,79.0,3372.85009765625,3200060000.0,22.049999237060547,1.2550490984813505,2.193349348377764,2.4900977712414054,2.221591853570143,2.280627230036866
2020-08-17,3.2590779945848505,11911.0,41368.236906,790240.0,128056933.194826,16947802333947.0,23.9955402046652,1875.45394736842,1.14748800657895,82.0,3372.85009765625,3200060000.0,22.049999237060547,1.8586115830406709,1.2550490984813505,2.193349348377764,2.213966382937015,2.3061861520237685
2020-08-18,2.6495996603287093,12281.13,84734.21154,1210228.0,105309977.956271,16947802333947.0,28.7361530109349,2343.552,1.268331056,83.0,3381.989990234375,3460330000.0,21.350000381469727,1.5683388970147736,1.8586115830406709,1.2550490984813505,2.2058203173915634,2.3390777910254323
2020-08-19,2.1036533445718093,11945.01,75923.835527,1189390.0,117947175.311024,16947802333947.0,121.450602893014,2471.68571428571,1.24524622857143,82.0,3389.780029296875,3669550000.0,21.510000228881836,3.2590779945848505,1.5683388970147736,1.8586115830406709,2.1954483740808484,2.432715380614587
2020-08-20,1.3497821027424513,11754.59,73940.169606,1258060.0,116262215.6637237,16947802333947.0,185.26925665561376,2419.413043478261,1.2940598550724636,80.0,3374.85009765625,3679480000.0,22.540000915527344,2.6495996603287093,3.2590779945848505,1.5683388970147736,2.182017764724218,2.4996920002219456
2020-08-21,1.6265208038999945,11853.55,46085.254351,798027.0,123002054.25292504,16947802333947.0,196.67864583786505,2285.5,1.2652499520547944,75.0,3385.510009765625,3431040000.0,22.719999313354492,2.1036533445718093,2.6495996603287093,3.2590779945848505,2.1268114180571325,2.5464431337236975
2020-08-22,1.6288424058283346,11531.34,64448.306142,1189668.0,130584372.6657766,16947802333947.0,106.5606767029443,2027.722580645161,1.3443969612903233,81.0,3397.159912109375,3505010000.0,22.540000915527344,1.3497821027424513,2.1036533445718093,2.6495996603287093,2.006301811537802,2.537325418942562
2020-08-23,1.0844735540827406,11662.96,43678.701646,809328.0,114577256.01642336,16947802333947.0,108.98365644757578,2291.904411764706,1.3183428455882351,78.0,3397.159912109375,3505010000.0,22.540000915527344,1.6265208038999945,1.3497821027424513,2.1036533445718093,2.0593691980261797,2.5400496524071032
2020-08-24,1.1228086187458635,11648.13,37900.00469,627352.0,132269332.31307696,16947802333947.0,89.27640126196233,1839.031847133758,1.2518789681528668,76.0,3397.159912109375,3505010000.0,22.540000915527344,1.6288424058283346,1.6265208038999945,1.3497821027424513,2.026545029852989,2.552396202923289
2020-08-25,2.200109255837312,11748.2,46212.391867,656584.0,128441437.17505692,17340945336075.322,48.50569968451464,2208.9463087248323,1.166158577181207,78.0,3431.280029296875,3743410000.0,22.3700008392334,1.0844735540827406,1.6288424058283346,1.6265208038999945,1.9574214094341271,2.543147019786279
2020-08-26,1.5608528552614418,11318.42,69590.923272,996668.0,111720008.69546376,17557993035167.0,61.42580750740543,2378.1953125,1.3180866562500004,75.0,3443.6201171875,3627650000.0,22.030000686645508,1.1228086187458635,1.0844735540827406,1.6288424058283346,1.6522400700285576,2.542684845939472
2020-08-27,1.9188720385858398,11461.43,53998.231231,862654.0,123939384.6465301,17557993035167.0,103.43073855028088,2282.9859154929577,1.3024654225352117,76.0,3478.72998046875,3780530000.0,23.270000457763672,2.200109255837312,1.1228086187458635,1.0844735540827406,1.5880271551012153,2.5337272661900303
2020-08-28,1.365963776519831,11330.38,63246.036383,959270.0,112592821.26339708,17557993035167.0,132.26262702740289,2543.8527131782944,1.2688263100775197,75.0,3484.550048828125,3955890000.0,24.469999313354492,1.5608528552614418,2.200109255837312,1.1228086187458635,1.5104842280568767,2.3849878708815857
2020-08-29,1.1678152224975151,11526.91,45953.908365,719985.0,142268448.57312962,17557993035167.0,115.98399279875996,2163.9386503067485,1.3021473680981597,74.0,3508.010009765625,3868510000.0,22.959999084472656,1.9188720385858398,1.5608528552614418,2.200109255837312,1.5917827903202182,2.297705885840327
2020-08-30,1.5186972529243983,11465.84,32973.7992,611834.0,127430634.91826336,17557993035167.0,71.7127740820144,2005.36301369863,1.3283034041095887,79.0,3508.010009765625,3868510000.0,22.959999084472656,1.365963776519831,1.9188720385858398,1.5608528552614418,1.5545603578373375,2.243828659229836
2020-08-31,1.172147073195585,11711.16,43177.879054,756541.0,110847196.12753049,17557993035167.0,41.016364243437216,2119.0078740157483,1.3105401968503936,75.0,3508.010009765625,3868510000.0,22.959999084472656,1.1678152224975151,1.365963776519831,1.9188720385858398,1.4886993316472206,2.21203310136054
2020-09-01,2.123606252542502,11649.51,55353.617744,822062.0,130921885.1899966,17557993035167.0,21.958975917068425,2019.4666666666667,1.1713169333333333,75.0,3500.31005859375,4348280000.0,26.40999984741211,1.5186972529243983,1.1678152224975151,1.365963776519831,1.5507312886246003,2.1811479083391734
2020-09-02,2.8161096661786256,11921.97,78148.193668,1321492.0,134413135.46172985,17557993035167.0,97.89625451312976,2444.8571428571427,1.273975422077922,75.0,3526.64990234375,4101490000.0,26.1200008392334,1.172147073195585,1.5186972529243983,1.1678152224975151,1.5577796392602747,2.11637139134446
2020-09-03,6.967390169394218,11388.54,87221.845602,1373524.0,125685009.78239676,17557993035167.0,122.40677031744328,2204.5069444444443,1.2935182916666668,83.0,3580.840087890625,4295640000.0,26.56999969482422,2.123606252542502,1.172147073195585,1.5186972529243983,1.5468506387895875,1.9251872469614721
2020-09-04,3.0813337082698524,10140.85,121950.106015,1611610.0,112592821.26339708,17557993035167.0,91.77406368909116,2410.248062015504,1.2954056589147294,79.0,3455.06005859375,4911830000.0,33.599998474121094,2.8161096661786256,2.123606252542502,1.172147073195585,1.726173040349185,1.939146628266808
2020-09-05,5.285081098679132,10446.25,92733.599113,1434860.0,117829696.67099696,17557993035167.0,91.95664327935982,2209.525925925926,1.3000090814814818,40.0,3426.9599609375,4438720000.0,30.75,6.967390169394218,2.8161096661786256,2.123606252542502,2.4473899161789534,2.095444912724088
2020-09-06,2.6215314936279177,10166.69,90001.605568,1476782.0,123066572.0785968,17557993035167.0,261.057763793614,2308.673758865248,1.2760795177304969,41.0,3426.9599609375,4438720000.0,30.75,3.0813337082698524,6.967390169394218,2.8161096661786256,2.692442763571814,2.1147660975817213
2020-09-07,3.420115327378083,10256.2,56368.788815,1053192.0,130921885.1899966,17557993035167.0,187.64234266769128,1752.1333333333334,1.4217857733333334,41.0,3426.9599609375,4438720000.0,30.75,5.285081098679132,3.0813337082698524,6.967390169394218,3.2806236030263305,2.2224284793325166
2020-09-08,3.2607385226093735,10373.44,62620.230676,927363.0,151762133.7678071,17445332713343.377,55.60116074917339,1872.3542857142857,1.2804861428571424,41.0,3426.9599609375,4438720000.0,30.75,2.6215314936279177,5.285081098679132,3.0813337082698524,3.4381713516982617,2.253412060111512
2020-09-09,2.168754686243604,10126.65,73491.878418,1048125.0,133652505.32879265,17345997805929.0,28.11818258420901,2146.2451612903224,1.2494731741935483,41.0,3331.840087890625,4694330000.0,31.459999084472656,3.420115327378083,2.6215314936279177,5.285081098679132,3.759309673724333,2.303682908441696
2020-09-10,2.216682132565175,10219.2,49347.113776,755560.0,128478859.9612265,17345997805929.0,26.29139342035789,2113.181208053691,1.1945654228187916,38.0,3398.9599609375,3932520000.0,28.809999465942383,3.2607385226093735,3.420115327378083,2.6215314936279177,3.921757140876743,2.358195480667577
2020-09-11,1.333553793249764,10336.87,58253.75375,851877.0,136239328.01257572,17345997805929.0,91.84315573581904,2189.753164556962,1.3333259683544296,38.0,3339.18994140625,4208630000.0,29.709999084472656,2.168754686243604,3.2607385226093735,3.420115327378083,3.8292778580288833,2.319431250283702
2020-09-12,1.2147759995900123,10387.89,43830.254467,637869.0,118993843.45402186,17345997805929.0,50.03957650976111,2234.2246376811595,1.3286021231884058,41.0,3340.969970703125,3710090000.0,26.8700008392334,2.216682132565175,2.168754686243604,3.2607385226093735,3.1506052813390193,2.3018668571750376
2020-09-13,2.073945965283115,10440.92,35379.153096,577724.0,146586618.74770805,17345997805929.0,62.80638681467849,1765.6,1.0605390705882354,41.0,3340.969970703125,3710090000.0,26.8700008392334,1.333553793249764,2.216682132565175,2.168754686243604,2.90092243633615,2.2633153912419828
2020-09-14,2.125261680006499,10332.83,43837.609865,692439.0,139688424.9242865,17345997805929.0,15.291522547332775,1574.7530864197531,0.9384894691358024,38.0,3340.969970703125,3710090000.0,26.8700008392334,1.2147759995900123,1.333553793249764,2.216682132565175,2.3194502793234184,2.230696279615725
2020-09-15,2.4667383533368703,10671.77,67059.291361,828957.0,151760264.11527425,17345997805929.0,26.43472632999052,2011.4772727272727,1.1604976022727271,39.0,3383.5400390625,3839580000.0,25.850000381469727,2.073945965283115,1.2147759995900123,1.333553793249764,2.2412237752741606,2.25799284184245
2020-09-16,2.015198277469093,10785.31,61822.452786,893852.0,134514779.55672038,17345997805929.0,37.78563739244326,2134.339743589744,1.1723552179487176,47.0,3401.199951171875,4057190000.0,25.59000015258789,2.125261680006499,2.073945965283115,1.2147759995900123,2.056244682792506,2.2668811784079774
2020-09-17,1.56424119964673,10954.01,64991.51244,884153.0,133652505.32879265,17345997805929.0,64.96805097620008,2210.3806451612904,1.3091397677419347,43.0,3385.489990234375,4718900000.0,26.040000915527344,2.4667383533368703,2.125261680006499,2.073945965283115,1.9428160871821485,2.2968278269520477
2020-09-18,1.4063625597409635,10939.99,55601.614529,829137.0,153484812.57112962,17345997805929.0,41.28512769383495,1958.320224719101,1.268264387640451,48.0,3357.010009765625,4379840000.0,26.459999084472656,2.015198277469093,2.4667383533368703,2.125261680006499,1.9208794573572183,2.2553651697148553
2020-09-19,1.7584918286322568,10933.39,47266.728275,717371.0,142275247.6080696,17345997805929.0,43.95927528818814,1970.648484848485,1.1539055515151515,49.0,3319.469970703125,7076400000.0,25.829999923706055,1.56424119964673,2.015198277469093,2.4667383533368703,1.8276736097974404,2.2191865543587896
2020-09-20,1.6987387190474625,11080.65,38440.036858,620127.0,128478859.9612265,17345997805929.0,68.3484013674618,1988.973154362416,1.24974777852349,48.0,3319.469970703125,7076400000.0,25.829999923706055,1.4063625597409635,1.56424119964673,2.015198277469093,1.838074862153326,2.1959435281977613
2020-09-21,2.650987888891463,10920.28,39157.922565,646329.0,135165071.8298032,19148290888758.86,22.33809432260915,1824.612676056338,1.0939701056338027,52.0,3319.469970703125,7076400000.0,25.829999923706055,1.7584918286322568,1.4063625597409635,1.56424119964673,1.9157485520165038,2.2095671857274217
2020-09-22,1.4698369667685918,10417.22,70683.431179,1028531.0,139219832.7594406,19314656404097.0,35.79085688529045,2052.448275862069,1.2064412965517235,48.0,3281.06005859375,4836070000.0,27.780000686645508,1.6987387190474625,1.7584918286322568,1.4063625597409635,1.8621475168399824,2.2119744495656706
2020-09-23,1.6742562194335415,10529.61,43991.235476,738576.0,123857644.31701957,19314656404097.0,94.32397596253205,2426.271317829457,1.2862977906976745,39.0,3315.570068359375,3974510000.0,26.860000610351562,2.650987888891463,1.6987387190474625,1.7584918286322568,1.9372512609664057,2.2460459656677747
2020-09-24,2.4487605137550608,10241.46,51876.568079,774391.0,136339422.42648664,19314656404097.0,162.44577964479308,2464.3521126760565,1.2879525281690138,43.0,3236.919921875,4378650000.0,28.579999923706055,1.4698369667685918,2.650987888891463,1.6987387190474625,1.7948367771709373,2.2588914127573028
2020-09-25,1.4356699664021146,10736.32,57676.619427,789282.0,131538738.5382301,19314656404097.0,136.41799301278613,2310.598540145985,1.2583973065693423,39.0,3246.590087890625,4601920000.0,28.510000228881836,1.6742562194335415,1.4698369667685918,2.650987888891463,1.7461307688801442,2.2772729994468923
2020-09-26,0.9239058786870813,10686.67,48101.117008,733430.0,162263115.42307216,19314656404097.0,110.81412088346228,2089.171597633136,1.3480891420118346,46.0,3298.4599609375,3803330000.0,26.3799991607666,2.4487605137550608,1.6742562194335415,1.4698369667685918,1.8724906708956202,2.2855613747108174
2020-09-27,1.644271236365069,10728.6,28420.836659,502670.0,144020516.64769718,19314656404097.0,106.42212059957892,1841.08,1.3120455733333327,45.0,3298.4599609375,3803330000.0,26.3799991607666,1.4356699664021146,2.4487605137550608,1.6742562194335415,1.8766774432757845,2.28138861174884
2020-09-28,2.078064782848616,10774.25,30549.483253,516004.0,145940790.2029998,19314656404097.0,20.802314655900258,1706.4605263157894,1.0156702302631573,47.0,3298.4599609375,3803330000.0,26.3799991607666,0.9239058786870813,1.4356699664021146,2.4487605137550608,1.7574508789979024,2.2482230730855477
2020-09-29,1.3394965663397433,10696.12,50095.251734,686664.0,123857644.31701957,19314656404097.0,34.3795706006316,2290.5116279069766,1.244179666666667,43.0,3351.60009765625,3950910000.0,26.190000534057617,1.644271236365069,0.9239058786870813,1.4356699664021146,1.7496698100432744,2.257499988413722
2020-09-30,1.1892010837834148,10840.48,41874.898399,587576.0,135379285.64883536,19314656404097.0,102.61388408772731,2465.9290780141846,1.2742564539007095,45.0,3335.469970703125,3661590000.0,26.270000457763672,2.078064782848616,1.644271236365069,0.9239058786870813,1.6678236520371537,2.287841640425426
2020-10-01,2.688617644591855,10776.59,39596.027322,595383.0,149781337.3136051,19314656404097.0,143.4114531092386,2252.673076923077,1.324411435897437,49.0,3363.0,4738640000.0,26.3700008392334,1.3394965663397433,2.078064782848616,1.644271236365069,1.6492035948330326,2.281868284205937
2020-10-02,2.197049961971141,10619.13,60866.332893,794855.0,119056960.428763,19314656404097.0,86.54794692036418,2457.717741935484,1.3007924032258062,45.0,3380.800048828125,4076340000.0,26.700000762939453,1.1892010837834148,1.3394965663397433,2.078064782848616,1.5799100040258716,2.2824367512255317
2020-10-03,0.6830247434684876,10570.4,50130.393705,777193.0,130578601.76057878,19314656404097.0,107.66718484446716,2319.433823529412,1.2911459632352948,41.0,3348.419921875,3975180000.0,27.6299991607666,2.688617644591855,1.1892010837834148,1.3394965663397433,1.6141753084311277,2.301270464293843
2020-10-04,0.8458705912483861,10542.06,22298.221341,381329.0,144980653.4253485,19314656404097.0,281.2015501815242,2058.6423841059604,1.3242753973509933,40.0,3348.419921875,3975180000.0,27.6299991607666,2.197049961971141,2.688617644591855,1.1892010837834148,1.722943879226703,2.2806351408202605
2020-10-05,1.169442335049398,10666.63,23212.001595,377553.0,151592064.050859,19300708897945.598,149.6719179262379,1696.322784810127,1.2199773164556962,42.0,3348.419921875,3975180000.0,27.6299991607666,0.6830247434684876,2.197049961971141,2.688617644591855,1.6885322884811895,2.0711562932894028
2020-10-06,1.5008533400807518,10792.21,34025.761653,483340.0,134303836.4311328,19298087186263.0,44.768461097006735,2107.042857142857,1.199752821428571,42.0,3408.60009765625,3692720000.0,27.959999084472656,0.8458705912483861,0.6830247434684876,2.197049961971141,1.5744750534645207,1.996640856055354
2020-10-07,0.6485044909705202,10599.66,48674.740471,734526.0,124710705.25748046,19298087186263.0,126.48520347807715,2445.5538461538463,1.3007073846153847,47.0,3360.969970703125,4453390000.0,29.479999542236328,1.169442335049398,0.8458705912483861,0.6830247434684876,1.4446718466360606,1.8594528972676962
2020-10-08,2.089847042990422,10666.39,32811.990279,503440.0,144856280.7221504,19298087186263.0,140.05753166854382,2454.0,1.2788546291390726,43.0,3419.43994140625,3814750000.0,28.059999465942383,1.5008533400807518,1.169442335049398,0.8458705912483861,1.4677228143133476,1.822096958816124
2020-10-09,1.4551340077393482,10925.57,51959.691572,659291.0,155408725.01316798,19298087186263.0,121.29609699809436,2038.4382716049383,1.223705580246914,46.0,3446.830078125,3867640000.0,26.360000610351562,0.6485044909705202,1.5008533400807518,1.169442335049398,1.3904804439115055,1.7297099309358719
2020-10-10,2.835200693304505,11050.64,48240.073237,635681.0,136222462.66586328,19298087186263.0,104.03489831545852,2389.739436619718,1.3135439859154925,48.0,3477.139892578125,3944090000.0,25.0,2.089847042990422,0.6485044909705202,1.5008533400807518,1.3049417865398725,1.6906802149485733
2020-10-11,1.1650707770584496,11293.22,43648.036943,698561.0,137181775.78322852,19298087186263.0,116.71533533237222,2087.314685314685,1.2981888391608394,53.0,3477.139892578125,3944090000.0,25.0,1.4551340077393482,2.089847042990422,0.6485044909705202,1.1989537930781877,1.6668928589984315
2020-10-12,2.7149577515270242,11369.02,29043.851339,509714.0,134303836.4311328,19298087186263.0,40.15724935013876,1829.2571428571428,1.0668805142857147,55.0,3477.139892578125,3944090000.0,25.0,2.835200693304505,1.4551340077393482,2.089847042990422,1.506407500197619,1.6875101443564091
2020-10-13,1.453147541648998,11528.25,52825.28371,740823.0,142937654.4874199,19298087186263.0,31.83126786867972,2108.55033557047,1.1841813154362426,52.0,3534.219970703125,3435760000.0,25.06999969482422,1.1650707770584496,2.835200693304505,1.4551340077393482,1.5520075267419133,1.6818940438166987
2020-10-14,2.0488144857867145,11420.56,42205.283709,618262.0,159245977.48262888,19298087186263.0,60.62394213066008,2007.3192771084337,1.2577514879518072,56.0,3511.929931640625,3611100000.0,26.06999969482422,2.7149577515270242,1.1650707770584496,2.835200693304505,1.7727954433815747,1.7319001022145992
2020-10-15,1.379818055780148,11417.89,41415.106015,590025.0,142937654.4874199,19298087186263.0,45.71860569283305,2111.013422818792,1.1364574765100672,53.0,3488.669921875,3858510000.0,26.399999618530273,1.453147541648998,2.7149577515270242,1.1650707770584496,1.7659803293198952,1.7112068214267953
2020-10-16,2.423292215867849,11505.12,48760.717679,662386.0,144856280.7221504,19298087186263.0,78.80752436778107,2258.2317880794703,1.2614105960264896,56.0,3483.340087890625,3724550000.0,26.969999313354492,2.0488144857867145,1.453147541648998,2.7149577515270242,1.9660246142936373,1.708658581619469
2020-10-17,0.7187541029354733,11319.32,48797.749502,693210.0,148693533.1916113,19298087186263.0,51.24338589985911,2094.4967741935484,1.2156350903225803,52.0,3483.81005859375,4688030000.0,27.40999984741211,1.379818055780148,2.0488144857867145,1.453147541648998,1.8645919018350268,1.672427905034245
2020-10-18,0.8593070971655049,11360.2,22368.915241,365973.0,152419671.45957646,19529685517635.715,36.34753404307543,1752.031847133758,1.0297412420382166,56.0,3483.81005859375,4688030000.0,27.40999984741211,2.423292215867849,1.379818055780148,2.0488144857867145,2.0029002172819554,1.6860310363142037
2020-10-19,1.9564551685288554,11503.14,23284.041191,346946.0,119288755.698985,19997335994446.0,40.781625189168565,1929.6416666666669,1.0830295916666666,55.0,3483.81005859375,4688030000.0,27.40999984741211,0.7187541029354733,2.423292215867849,1.379818055780148,1.700550704372094,1.657848133090495
2020-10-20,1.6019019912602745,11751.47,47414.534692,650960.0,124259120.51977606,19997335994446.0,64.44831937698059,2431.432,1.2755705199999998,55.0,3426.919921875,4091080000.0,29.18000030517578,0.8593070971655049,0.7187541029354733,2.423292215867849,1.6568701786731015,1.6396129510046464
2020-10-21,5.155946656886689,11909.99,62134.750663,906111.0,143146506.838782,19997335994446.0,119.53186341694968,2295.5763888888887,1.226298277777778,56.0,3443.1201171875,3917850000.0,29.350000381469727,1.9564551685288554,0.8593070971655049,0.7187541029354733,1.5485126668162204,1.6462117290011995
2020-10-22,2.45321177986047,12780.96,114584.456767,1453620.0,129229485.3405671,19997335994446.0,116.838190151107,2394.5538461538463,1.2971500615384612,61.0,3435.56005859375,4103960000.0,28.649999618530273,1.6019019912602745,1.9564551685288554,0.8593070971655049,1.5697633024749744,1.6429838380749602
2020-10-23,2.0080132430489614,12968.52,70038.824144,1035811.0,136187996.08967456,19997335994446.0,131.5335177692173,2475.087591240876,1.2839324233576632,73.0,3453.489990234375,4172060000.0,28.110000610351562,5.155946656886689,1.6019019912602745,1.9564551685288554,2.013639326917828,1.7264824636748008
2020-10-24,1.1335830960102398,12923.07,50386.999841,699313.0,130223558.30472532,19997335994446.0,145.97154159279475,2472.2824427480914,1.284365396946565,74.0,3465.389892578125,3651600000.0,27.549999237060547,2.45321177986047,5.155946656886689,1.6019019912602745,2.166981287500731,1.759261624111197
2020-10-25,3.164280929215409,13111.73,35952.20907,536821.0,151099090.55204767,19997335994446.0,267.719333914827,2018.25,1.337988868421052,73.0,3465.389892578125,3651600000.0,27.549999237060547,2.0080132430489614,2.45321177986047,5.155946656886689,2.1076557199551753,1.7703868582317108
2020-10-26,2.144551735461041,13028.83,38481.579504,610498.0,116306536.8065104,19997335994446.0,86.26373950267228,2070.709401709402,1.3735671965811955,76.0,3465.389892578125,3651600000.0,27.549999237060547,1.1335830960102398,2.0080132430489614,2.45321177986047,2.1669170046801423,1.7265476109735503
2020-10-27,2.722041346628045,13052.19,60951.672986,818144.0,109348026.05740292,19997335994446.0,123.40226916849385,2295.4,1.3404524545454544,75.0,3400.969970703125,4002210000.0,32.459999084472656,3.164280929215409,1.1335830960102398,2.0080132430489614,2.496198980687271,1.78416797640066
2020-10-28,3.102419492924222,13636.17,80796.553996,1003550.0,98413223.45166264,19997335994446.0,79.77078569121981,2544.8282828282827,1.299469636363636,61.0,3390.679931640625,3962400000.0,33.349998474121094,2.144551735461041,3.164280929215409,1.1335830960102398,2.5230699188204406,1.8248561716264586
2020-10-29,2.764215643381604,13266.4,94440.561226,1234511.0,99407296.41582084,19997335994446.0,204.7202361396033,2613.4,1.2878391899999997,70.0,3271.030029296875,5139970000.0,40.279998779296875,2.722041346628045,2.144551735461041,3.164280929215409,2.683089826730122,1.8607818419685578
2020-10-30,2.9756689583290865,13455.7,74872.602132,1008433.0,107359880.12908652,19997335994446.0,352.81797424265994,2556.203703703704,1.2985604074074075,67.0,3310.110107421875,4911860000.0,37.59000015258789,3.102419492924222,2.722041346628045,2.144551735461041,2.3897288033069124,1.894926998971078
2020-10-31,2.7239442161682352,13560.1,70657.778881,1060387.0,110342099.02156112,19997335994446.0,229.74635526573397,2417.6936936936936,1.2940942792792796,74.0,3269.9599609375,4843930000.0,38.02000045776367,2.764215643381604,3.102419492924222,2.722041346628045,2.434157926667075,1.9424176348724733
2020-11-01,1.5572202953435188,13791.0,67339.238515,1022202.0,112330244.94987756,19997335994446.0,291.90803644918475,2440.6725663716816,1.279690805309735,73.0,3269.9599609375,4843930000.0,38.02000045776367,2.9756689583290865,2.764215643381604,3.102419492924222,2.572394457421378,2.001966564023996
2020-11-02,3.140357772218217,13761.5,36285.648526,606248.0,124259120.51977606,19997335994446.0,487.2782187732373,2210.24,1.2468659359999994,72.0,3269.9599609375,4843930000.0,38.02000045776367,2.7239442161682352,2.9756689583290865,2.764215643381604,2.7995889031582344,2.0031441164098753
2020-11-03,2.769045927473901,13549.37,64566.421908,869850.0,94436931.5950298,19997335994446.0,116.66450230610629,2364.305263157895,1.326538305263158,71.0,3310.239990234375,4314690000.0,37.130001068115234,1.5572202953435188,2.7239442161682352,2.9756689583290865,2.5700088126051073,1.9818164608556212
2020-11-04,3.1348195289495657,14023.53,74115.630787,1052569.0,124332259.0484446,17865273539019.508,206.74602784549532,2369.092857142857,1.2825633857142864,71.0,3369.159912109375,4241380000.0,35.54999923706055,3.140357772218217,1.5572202953435188,2.7239442161682352,2.7122668178561327,2.0637275618139457
2020-11-05,3.8750560552567315,14144.01,93016.988262,1212959.0,132689483.0919183,16787779609933.0,205.33190856971453,2016.9622641509436,1.342291578616353,74.0,3443.43994140625,4790400000.0,29.56999969482422,2.769045927473901,3.140357772218217,1.5572202953435188,2.718981757976969,2.127833406354796
2020-11-06,4.121039193828228,15590.02,143741.522673,1736055.0,122675182.48120748,16787779609933.0,92.17279369835585,2167.809523809524,1.2818353741496604,72.0,3510.449951171875,4858150000.0,27.579999923706055,3.1348195289495657,2.769045927473901,3.140357772218217,2.7236103345520184,2.1933459794848016
2020-11-07,3.742494171760139,15579.92,122618.197695,1654968.0,127682332.78656287,16787779609933.0,116.6476646917976,2224.516339869281,1.2726377647058829,90.0,3509.43994140625,4842460000.0,24.860000610351562,3.8750560552567315,3.1348195289495657,2.769045927473901,2.882301821962751,2.2724860699906677
2020-11-08,2.92726221084411,14818.3,101431.206553,1557021.0,121840657.43031491,16787779609933.0,164.16055505682152,1855.486301369863,1.3592373630136991,88.0,3509.43994140625,4842460000.0,24.860000610351562,4.121039193828228,3.8750560552567315,3.1348195289495657,3.045926141319771,2.388237226752591
2020-11-09,4.078604407694093,15475.1,65547.178574,998773.0,115164457.02317438,16787779609933.0,188.30880504197157,1761.2101449275362,1.3720736884057976,82.0,3509.43994140625,4842460000.0,24.860000610351562,3.742494171760139,4.121039193828228,3.8750560552567315,3.1914332778329,2.4433254643782485
2020-11-10,1.8058069148990885,15328.41,108976.334134,1505441.0,154387134.41512507,16787779609933.0,88.00389173038573,1764.2324324324325,1.3706877783783775,90.0,3550.5,8570510000.0,25.75,2.92726221084411,3.742494171760139,4.121039193828228,3.3871535514758415,2.4923964044817404
2020-11-11,2.3334094790369333,15297.21,61681.919606,1093466.0,122675182.48120748,16787779609933.0,50.028937091006014,2063.061224489796,1.22573937414966,90.0,3545.530029296875,6037470000.0,24.799999237060547,4.078604407694093,2.92726221084411,3.742494171760139,3.521188785115253,2.533843194961393
2020-11-12,3.65893938526465,15684.24,78469.746458,1247167.0,122675182.48120748,16787779609933.0,55.46134803479105,2192.360544217687,1.2971731700680271,86.0,3572.659912109375,4635560000.0,23.450000762939453,1.8058069148990885,4.078604407694093,2.92726221084411,3.3835832118902793,2.555201066222748
2020-11-13,2.04962599304584,16291.86,102196.356592,1472049.0,133524008.14281088,16787779609933.0,40.7923204178777,2030.34375,1.2476003812499998,87.0,3537.010009765625,4909660000.0,25.350000381469727,2.3334094790369333,1.8058069148990885,4.078604407694093,3.2690960619027605,2.5424827904730782
2020-11-14,2.1024680116625705,16320.7,75691.881014,1208773.0,115998982.07406694,16787779609933.0,24.38528219595943,2158.561151079137,1.2766392949640286,89.0,3585.14990234375,4719580000.0,23.100000381469727,3.65893938526465,2.3334094790369333,1.8058069148990885,3.2382222519038915,2.6160091852602667
2020-11-15,1.5627853842806256,16070.45,59116.347179,931424.0,118502557.22674464,16787779609933.0,60.87663005903253,1926.1338028169012,1.2901966408450702,90.0,3585.14990234375,4719580000.0,23.100000381469727,2.04962599304584,3.65893938526465,2.3334094790369333,2.9423060803635503,2.6160362355022375
2020-11-16,2.319006536949578,15957.0,43596.841513,854441.0,125178757.6338852,16787779609933.0,21.157358922792493,1684.7666666666669,1.20522652,86.0,3585.14990234375,4719580000.0,23.100000381469727,2.1024680116625705,2.04962599304584,3.65893938526465,2.708016628921041,2.640124567364985
2020-11-17,3.6457942754825554,16713.57,81300.675924,1202386.0,135534841.86269382,17040598812944.877,26.603004057726743,1946.73125,1.2089313187499997,90.0,3626.909912109375,5295510000.0,22.450000762939453,1.5627853842806256,2.1024680116625705,2.04962599304584,2.5130913679834,2.6114410063120777
2020-11-18,6.002555233314774,17659.38,115221.403102,1646652.0,137334450.8705656,17596801059571.0,67.62306790561966,2215.108280254777,1.2824604331210194,86.0,3609.530029296875,4812180000.0,22.709999084472656,2.319006536949578,1.5627853842806256,2.1024680116625705,2.2617202435913266,2.6647827541125477
2020-11-19,2.910582267184275,17776.12,149019.788134,2091832.0,147831351.5740483,17596801059571.0,62.750853235261154,2142.05325443787,1.2620370650887565,91.0,3567.7900390625,5284810000.0,23.84000015258789,3.6457942754825554,2.319006536949578,1.5627853842806256,2.5245755808175363,2.7576656600564493
2020-11-20,3.038281454386137,17802.82,93009.561008,1513304.0,119839616.36476108,17596801059571.0,53.8343131513498,2270.518248175182,1.3300628175182485,94.0,3581.8701171875,4363370000.0,23.110000610351562,6.002555233314774,3.6457942754825554,2.319006536949578,3.0487392600000844,2.89253566221598
2020-11-21,2.231113800047417,18655.67,88423.018489,1444692.0,146956609.8487581,17596801059571.0,103.21850207847817,2071.583333333333,1.285111857142857,86.0,3557.5400390625,4236370000.0,23.700000762939453,2.910582267184275,6.002555233314774,3.6457942754825554,2.941831100274317,2.936158338080113
2020-11-22,3.7828638375596526,18703.8,75577.458394,1451352.0,147831351.5740483,17596801059571.0,43.279586180490135,1841.3550295857988,1.1501721597633134,91.0,3557.5400390625,4236370000.0,23.700000762939453,3.038281454386137,2.910582267184275,6.002555233314774,3.083067594751502,2.8655694979967614
2020-11-23,2.979576951521257,18414.43,81645.737778,1528524.0,152205060.20049945,17596801059571.0,13.345738866270963,1558.1896551724135,0.9292092586206891,94.0,3557.5400390625,4236370000.0,23.700000762939453,2.231113800047417,3.038281454386137,2.910582267184275,3.1014455645207657,2.8581662320029935
2020-11-24,3.51121814923113,18368.0,82961.506093,1629379.0,128587033.61766332,17596801059571.0,23.288353788250056,2026.122448979592,1.2294749115646255,90.0,3577.590087890625,5057550000.0,22.65999984741211,3.7828638375596526,2.231113800047417,3.038281454386137,3.4185996292749126,2.917327918486683
2020-11-25,2.527691610461277,19160.01,113581.509241,2179862.0,118964874.63947085,17596801059571.0,81.12626270289302,2450.683823529412,1.271609338235293,88.0,3635.409912109375,6280290000.0,21.639999389648438,2.979576951521257,3.7828638375596526,2.231113800047417,3.512966831356581,2.9788610470037167
2020-11-26,8.219809683564842,18719.11,93266.576887,1785408.0,135584967.41998515,17596801059571.0,116.6963612110565,2335.4193548387098,1.233440948387097,94.0,3629.64990234375,4910440000.0,21.25,3.51121814923113,2.979576951521257,3.7828638375596526,3.4937416704635202,2.990425621004241
2020-11-27,5.227284750584682,17149.47,181005.246693,2770483.0,131211258.793534,17596801059571.0,121.79962868817968,2159.833333333333,1.2968146333333337,93.0,3629.64990234375,4910440000.0,21.25,2.527691610461277,3.51121814923113,2.979576951521257,2.9973325814844496,3.0031969501709157
2020-11-28,3.060829626510358,17139.52,85297.024787,1572299.0,134710225.69469494,17596801059571.0,162.3110975484004,2093.7987012987014,1.2851594480519473,86.0,3638.35009765625,2778390000.0,20.84000015258789,8.219809683564842,2.527691610461277,3.51121814923113,3.7557936409673878,3.186455894735475
2020-11-29,2.8970327593918292,17719.85,64910.69997,1209385.0,134710225.69469494,17596801059571.0,158.87591553453032,1908.7597402597405,1.3202985974025976,87.0,3638.35009765625,2778390000.0,20.84000015258789,5.227284750584682,8.219809683564842,2.527691610461277,4.06850839756718,3.2572847366574904
2020-11-30,4.094410607763455,18184.99,55329.016303,1141289.0,135399801.26976258,18158528379021.04,57.85164300442836,1757.1533333333334,1.1048270733333336,89.0,3638.35009765625,2778390000.0,20.84000015258789,3.060829626510358,5.227284750584682,8.219809683564842,4.187039229919028,3.267171869428449
2020-12-01,6.804266939832497,19695.87,115463.466888,1744149.0,107610727.917311,19157154724710.0,31.563772251987658,2270.362831858407,1.3185017699115051,88.0,3621.6298828125,6308410000.0,20.56999969482422,2.8970327593918292,3.060829626510358,5.227284750584682,4.060491933037911,3.264550662797207
2020-12-02,3.1585852190836707,18764.96,127698.762652,2023802.0,144750713.6586838,19157154724710.0,170.71564127607758,2487.2894736842104,1.2771752828947374,95.0,3662.449951171875,5418480000.0,20.770000457763672,4.094410607763455,2.8970327593918292,3.060829626510358,4.219753883929653,3.310232875850381
2020-12-03,2.5130707999339927,19204.09,75911.013478,1566635.0,124752259.79794464,19157154724710.0,126.70717499959471,2496.328244274809,1.2566132061068704,92.0,3669.010009765625,5041250000.0,21.170000076293945,6.804266939832497,4.094410607763455,2.8970327593918292,4.690189425444133,3.4851344306666805
2020-12-04,3.123803176304708,19421.9,66689.391279,1242229.0,149512250.29219317,19157154724710.0,217.43578119283072,2209.687898089172,1.3102050445859874,92.0,3666.719970703125,5065340000.0,21.280000686645508,3.1585852190836707,6.804266939832497,4.094410607763455,4.780317083818763,3.485742012228862
2020-12-05,2.1949525075752625,18650.52,71283.6682,1286657.0,137132255.0450689,19157154724710.0,74.37405944590832,2214.5416666666665,1.3210272569444448,92.0,3699.1201171875,5099620000.0,20.790000915527344,2.5130707999339927,3.1585852190836707,6.804266939832497,3.965068671871498,3.477209507977532
2020-12-06,2.2555036133559825,19147.66,42922.748573,932124.0,137132255.0450689,19157154724710.0,193.47423979811424,1962.493055555556,1.3423031666666674,93.0,3699.1201171875,5099620000.0,20.790000915527344,3.123803176304708,2.5130707999339927,3.1585852190836707,3.664571304117216,3.4768422962227032
2020-12-07,1.9138157972851275,19359.4,37043.091861,820382.0,129513796.43145394,19157154724710.0,182.24978818704128,1901.6470588235293,1.3485796470588238,95.0,3699.1201171875,5099620000.0,20.790000915527344,2.1949525075752625,3.123803176304708,2.5130707999339927,3.5408745728407736,3.420838844633321
2020-12-08,3.3107427552681137,19166.9,41372.296293,840954.0,142846099.00528008,19157154724710.0,51.23604956121072,2006.04,1.202576086666667,94.0,3691.9599609375,4804500000.0,21.299999237060547,2.2555036133559825,2.1949525075752625,3.123803176304708,3.4492275519785096,3.3586543252842462
2020-12-09,3.091227751983347,18324.11,61626.947614,1143181.0,137132255.0450689,19157154724710.0,94.56677949451786,2298.402777777778,1.2865375208333338,95.0,3702.25,4584390000.0,20.68000030517578,1.9138157972851275,2.2555036133559825,2.1949525075752625,3.137714007624463,3.2976983794684123
2020-12-10,2.0475357612281937,18541.28,79585.553801,1302476.0,132370718.41155957,19157154724710.0,64.22960457036886,2309.9208633093526,1.2758179136690648,86.0,3672.820068359375,5232800000.0,22.270000457763672,3.3107427552681137,1.9138157972851275,2.2555036133559825,2.638639124115265,3.310481064282546
2020-12-11,2.9305115789027227,18254.63,52890.675094,891151.0,123799952.47124276,19157154724710.0,68.98619409966494,2412.6846153846154,1.3067105230769234,94.0,3668.10009765625,4658480000.0,22.520000457763672,3.091227751983347,3.3107427552681137,1.9138157972851275,2.629016628815219,3.277568509092188
2020-12-12,2.540239568644045,18036.53,72610.724259,1117810.0,131418411.08485769,19157154724710.0,136.6918062193683,2208.2246376811595,1.3259370217391302,89.0,3663.4599609375,4375470000.0,23.309999465942383,2.0475357612281937,3.091227751983347,3.3107427552681137,2.562511623285819,3.2856261373031574
2020-12-13,2.0264340485806094,18808.69,49519.978432,891810.0,125704567.1246465,19157154724710.0,120.41292308631029,2237.954545454545,1.296116386363636,90.0,3663.4599609375,4375470000.0,23.309999465942383,2.9305115789027227,2.0475357612281937,3.091227751983347,2.5348985379426785,3.3055295406320173
2020-12-14,1.9852042440374196,19174.99,56560.821744,938022.0,148463110.1109586,19144667899932.82,76.56430013507668,1770.2564102564102,1.174223993589744,91.0,3663.4599609375,4375470000.0,23.309999465942383,2.540239568644045,2.9305115789027227,2.0475357612281937,2.5842252609525045,3.268239546744664
2020-12-15,2.146673220697391,19273.14,47257.201294,842382.0,134574371.39496115,18670168558400.0,34.12454240011268,2167.9310344827586,1.1715791172413796,95.0,3647.489990234375,4623850000.0,24.719999313354492,2.0264340485806094,2.540239568644045,2.9305115789027227,2.5515010374131655,3.267466481929156
2020-12-16,4.459178728805761,19426.43,61834.366011,1046423.0,129933875.82961763,18670168558400.0,75.0415874329675,2288.8571428571427,1.2925099642857143,91.0,3694.6201171875,4387080000.0,22.889999389648438,1.9852042440374196,2.0264340485806094,2.540239568644045,2.5616993869492073,3.2635576896749843
2020-12-17,5.919824389947595,21335.52,114306.33557,1659135.0,132718173.16882376,18670168558400.0,95.58851307875226,2204.314685314685,1.3095326993006986,92.0,3701.169921875,4067040000.0,22.5,2.146673220697391,1.9852042440374196,2.0264340485806094,2.39540373915339,3.283020617555543
2020-12-18,2.7707419704296186,22797.16,184882.476748,2795084.0,119724785.58586197,18670168558400.0,44.62547834313419,2399.077519379845,1.2999028449612409,92.0,3722.47998046875,4192810000.0,21.93000030517578,4.459178728805761,2.146673220697391,1.9852042440374196,2.5908253072708773,3.3543596906174162
2020-12-19,2.92126027876197,23107.39,79646.134315,1613775.0,145711560.75178552,18670168558400.0,351.26747894690493,2392.0318471337578,1.2715359872611471,95.0,3709.409912109375,7097100000.0,21.56999969482422,5.919824389947595,4.459178728805761,2.146673220697391,3.144009397087935,3.4301606944329177
2020-12-20,4.545643314300321,23821.61,86045.064677,1678611.0,146639659.8648542,18670168558400.0,483.3984414762167,2174.278481012658,1.2656244746835446,93.0,3709.409912109375,7097100000.0,21.56999969482422,2.7707419704296186,5.919824389947595,4.459178728805761,3.121185167306063,3.3224335856700784
2020-12-21,5.988810169466677,23455.52,76690.145685,1743225.0,140142966.07337332,18670168558400.0,208.9106743483685,1867.8344370860927,1.3440260927152317,92.0,3709.409912109375,7097100000.0,21.56999969482422,2.92126027876197,2.7707419704296186,5.919824389947595,3.1756166973229094,3.3227895193893358
2020-12-22,3.4118353097365492,22719.71,88030.297243,1593949.0,126221479.37734284,18670168558400.0,51.91196948916926,1984.0735294117649,1.3453685,92.0,3694.919921875,4748580000.0,25.15999984741211,4.545643314300321,2.92126027876197,2.7707419704296186,3.535503735282868,3.3730349147198084
2020-12-23,4.7592820760969685,23810.79,87033.12616,1496277.0,132718173.16882376,18670168558400.0,92.06598129648796,2266.874125874126,1.3020790209790214,88.0,3687.260009765625,4053310000.0,24.229999542236328,5.988810169466677,4.545643314300321,2.92126027876197,4.107447438915619,3.4982914603671165
2020-12-24,3.585409294672476,23232.76,119047.259733,2194611.0,142927263.41257942,18670168558400.0,70.74740468073507,2197.811688311688,1.2462769350649348,93.0,3690.010009765625,3779160000.0,23.309999465942383,3.4118353097365492,5.988810169466677,4.545643314300321,4.288184880206927,3.4859238427730133
2020-12-25,3.8450934641324848,23729.2,69013.834252,1421257.0,116940488.24665588,18670168558400.0,133.2886630360864,2139.3571428571427,1.2701059523809528,86.0,3703.06005859375,1883780000.0,21.530000686645508,4.7592820760969685,3.4118353097365492,5.988810169466677,4.331056786962814,3.5452473469255374
2020-12-26,3.9940960459323196,24712.47,79519.943569,1504426.0,133646272.28189243,18670168558400.0,179.74940590367797,2110.4236111111118,1.2858441805555554,94.0,3703.06005859375,1883780000.0,21.530000686645508,3.585409294672476,4.7592820760969685,3.4118353097365492,3.9975689162092256,3.5477203851069152
2020-12-27,5.597812975478773,26493.39,97806.513386,1735574.0,127149578.49041158,18670168558400.0,103.84823602465546,1999.6642335766423,1.384865839416059,93.0,3703.06005859375,1883780000.0,21.530000686645508,3.8450934641324848,3.585409294672476,4.7592820760969685,4.151047701023921,3.5916337802292886
2020-12-28,3.9002120576415042,26281.66,148455.586214,2438493.0,137358668.73416725,18670168558400.0,89.13820439908197,2087.8716216216217,1.3039597297297305,91.0,3703.06005859375,1883780000.0,21.530000686645508,3.9940960459323196,3.8450934641324848,3.585409294672476,4.304309953476828,3.450776658974872
2020-12-29,3.2042995657337654,27079.41,79721.742496,1508204.0,147938033.9968089,18600034145237.133,45.22819947333264,1931.14375,1.29663193125,92.0,3735.360107421875,3535460000.0,21.700000762939453,5.597812975478773,3.9940960459323196,3.8450934641324848,4.454619905073749,3.4631275998046744
2020-12-30,3.812961638382291,27385.0,69411.592606,1605166.0,140537799.38571388,18599593048299.0,62.00876489312546,2212.5723684210525,1.2766434473684216,91.0,3727.0400390625,3393290000.0,23.079999923706055,3.9002120576415042,5.597812975478773,3.9940960459323196,4.156248746241582,3.491107014175713
2020-12-31,3.818507503085613,28875.54,95356.057826,1916095.0,159029615.0943604,18599593048299.0,81.12534963967586,1966.6162790697676,1.2565748895348836,91.0,3732.0400390625,3154850000.0,22.770000457763672,3.2042995657337654,3.9002120576415042,5.597812975478773,4.126600782812613,3.5013492410537777
2021-01-01,2.438344200784804,28923.63,75508.505152,1552793.0,153482070.38176647,18599593048299.0,83.14829615215386,2077.8192771084337,1.277365012048193,95.0,3756.070068359375,3179040000.0,22.75,3.812961638382291,3.2042995657337654,3.9002120576415042,3.9914121488533736,3.491967608741072
2021-01-02,9.843503311269759,29331.69,54182.925011,1314910.0,137764027.0294169,18599593048299.0,103.40049852437568,1732.0805369127518,1.352232664429529,94.0,3756.070068359375,3179040000.0,22.75,3.818507503085613,3.812961638382291,3.2042995657337654,4.024711892912393,3.3924422941828425
2021-01-03,5.764009998781342,32178.33,129993.873362,2245922.0,139613208.60028157,18599593048299.0,87.54759527376459,1967.6225165562917,1.3956372450331127,94.0,3756.070068359375,3179040000.0,22.75,2.438344200784804,3.818507503085613,3.812961638382291,3.8237477124341526,3.3684342602395465
2021-01-04,7.496132169385521,33000.05,120957.56675,2369698.0,146085344.09830785,18599593048299.0,111.0859920625864,2272.8860759493678,1.2886939240506328,93.0,3756.070068359375,3179040000.0,22.75,9.843503311269759,2.438344200784804,3.818507503085613,4.659377321768072,3.612782010617406
2021-01-05,7.129915616400891,31988.71,140899.88569,2642408.0,159954205.87979275,18599593048299.0,85.47469638476457,2160.312138728324,1.3188061907514448,94.0,3700.64990234375,5015000000.0,26.969999313354492,5.764009998781342,9.843503311269759,2.438344200784804,4.68311975366844,3.7007889046999605
2021-01-06,6.787116840785382,33949.53,116049.997038,2526851.0,145160753.31287554,18599593048299.0,69.08617018025764,2255.356687898089,1.2927130828025464,93.0,3726.860107421875,4591020000.0,25.34000015258789,7.496132169385521,5.764009998781342,9.843503311269759,5.196822626774727,3.877494893426969
2021-01-07,4.853061623253277,36769.36,127139.20131,2591783.0,163652569.02152207,18599593048299.0,79.04827089326918,2245.107344632768,1.293667920903956,95.0,3748.139892578125,6064110000.0,25.06999969482422,7.129915616400891,7.496132169385521,5.764009998781342,5.757624919727175,4.039975293528466
2021-01-08,9.209702683817508,39432.28,132825.700437,2814686.0,155331251.95263115,18599593048299.0,51.18193927195005,2391.333333333333,1.269546125,91.0,3803.7900390625,5099160000.0,22.3700008392334,6.787116840785382,7.129915616400891,7.496132169385521,6.182504234356187,4.202418661645141
2021-01-09,4.289162883925527,40582.81,139789.957499,2925632.0,136839436.24398455,18599593048299.0,60.27968376358079,2422.472972972973,1.295011067567567,93.0,3824.679931640625,4773040000.0,21.559999465942383,4.853061623253277,6.787116840785382,7.129915616400891,6.330297680094424,4.25382929057798
2021-01-10,5.646740721877027,40088.22,75785.979675,1998156.0,133808024.52210464,19365166707094.76,116.84444589064918,2312.1510791366904,1.2609308633093523,93.0,3824.679931640625,4773040000.0,21.559999465942383,9.209702683817508,4.853061623253277,6.787116840785382,7.297634606241955,4.457778454972452
2021-01-11,13.720068941646723,38150.02,118209.544503,2628050.0,162879650.9247733,20607418304386.0,207.34922533474983,2087.2012578616354,1.282691371069182,94.0,3824.679931640625,4773040000.0,21.559999465942383,4.289162883925527,9.209702683817508,4.853061623253277,6.504157402335635,4.532499359062362
2021-01-12,8.702895946167951,35404.47,249131.539943,4431451.0,157757649.32336533,20607418304386.0,81.38398978395179,2168.5584415584417,1.3372514999999996,90.0,3799.610107421875,4465430000.0,24.079999923706055,5.646740721877027,4.289162883925527,9.209702683817508,6.487404648492161,4.62304033049484
2021-01-13,8.644390274152638,34051.24,133948.151996,2674145.0,151611247.4016758,20607418304386.0,113.55606172504082,2274.5067567567567,1.3242120472972965,84.0,3801.18994140625,4994950000.0,23.329999923706055,13.720068941646723,5.646740721877027,4.289162883925527,7.376538473100906,4.995701309594929
2021-01-14,4.720004632818796,37371.38,124477.914938,2514289.0,155708848.68280214,20607418304386.0,92.29365560311638,2099.782894736842,1.2648656644736844,78.0,3809.840087890625,4602510000.0,22.209999084472656,8.702895946167951,13.720068941646723,5.646740721877027,7.601249948781914,5.218250039514507
2021-01-15,6.26814147975015,39144.5,102950.389421,2297466.0,150586847.08139417,20607418304386.0,171.8715857430822,2304.8231292517007,1.2964830204081637,83.0,3795.5400390625,5198480000.0,23.25,8.644390274152638,8.702895946167951,13.720068941646723,7.8665747249772355,5.4402229071850146
2021-01-16,5.394402382185175,36742.22,118300.920916,2560801.0,158782049.6436469,20607418304386.0,125.27467052482557,2219.367741935484,1.315265806451613,88.0,3768.25,5369820000.0,24.34000015258789,4.720004632818796,8.644390274152638,8.702895946167951,7.847566583486596,5.526000620922393
2021-01-17,5.477340005799992,35994.98,86348.431508,2066363.0,150586847.08139417,20607418304386.0,186.9020179363925,2098.374149659864,1.3197683197278909,84.0,3768.25,5369820000.0,24.34000015258789,6.26814147975015,4.720004632818796,8.644390274152638,7.427343554334116,5.586299379287208
2021-01-18,4.605255373151013,35828.61,80157.727384,1860642.0,136245242.59745187,20607418304386.0,228.67802605347956,2044.165413533835,1.3245906842105262,79.0,3768.25,5369820000.0,24.34000015258789,5.394402382185175,6.26814147975015,4.720004632818796,7.585234911228352,5.568785312361794
2021-01-19,4.140573939986866,36631.27,70698.11875,1707766.0,148538046.440831,20607418304386.0,129.48788940172636,2164.248275862069,1.3425268551724134,79.0,3768.25,5369820000.0,24.34000015258789,5.477340005799992,5.394402382185175,6.26814147975015,7.561034808931632,5.659005246874139
2021-01-20,5.344903943939742,35891.49,79611.307769,1939371.0,152635647.72195736,20607418304386.0,80.02863407821849,2181.7651006711408,1.278255315436242,80.0,3798.909912109375,5014440000.0,23.239999771118164,4.605255373151013,5.477340005799992,5.394402382185175,6.258918584860817,5.7151384166871075
2021-01-21,7.871352940946686,35468.23,89368.422918,2234539.0,144440445.1597046,20607418304386.0,72.72714785573311,2232.6879432624114,1.2771157234042554,78.0,3851.85009765625,4566190000.0,21.579999923706055,4.140573939986866,4.605255373151013,5.477340005799992,5.607158298263519,5.701636104209992
2021-01-22,7.99940647073066,30850.13,131803.182926,2820752.0,132147641.31632549,20607418304386.0,64.94696795010368,2253.906976744186,1.313049093023256,75.0,3853.070068359375,4501760000.0,21.31999969482422,5.344903943939742,4.140573939986866,4.605255373151013,5.135803108233105,5.680172563359093
2021-01-23,4.670882089665223,32945.17,142971.684049,2707810.0,145464845.4799862,20607418304386.0,172.7586398923981,2302.359154929577,1.283418816901409,40.0,3841.469970703125,5110890000.0,21.90999984741211,7.871352940946686,5.344903943939742,4.140573939986866,5.585995723679946,5.828823151066099
2021-01-24,3.5561755809596467,32078.0,64595.287675,1700056.0,159781151.23197326,20737086011821.6,236.6172606957018,1969.090322580645,1.289703470967742,74.0,3841.469970703125,5110890000.0,21.90999984741211,7.99940647073066,7.871352940946686,5.344903943939742,5.833319293820019,5.936827297553889
2021-01-25,5.501424184893575,32259.9,57978.037966,1528287.0,143884925.38771522,20823531150112.0,150.3058935833552,1827.1294964028775,1.3070278705035971,70.0,3841.469970703125,5110890000.0,21.90999984741211,4.670882089665223,7.99940647073066,7.871352940946686,5.729959252031454,5.9730097240536475
2021-01-26,5.901012350400191,32254.2,88499.226921,2106548.0,144920068.73582825,20823531150112.0,45.49697064752138,2207.8714285714286,1.3805250428571425,74.0,3855.360107421875,7000840000.0,23.190000534057617,3.5561755809596467,4.670882089665223,7.99940647073066,5.455507191339977,5.963379127947886
2021-01-27,7.6142974367266705,32467.77,84972.20691,2010392.0,166658079.0462025,20823531150112.0,109.5422277983314,2092.76397515528,1.360394142857143,71.0,3849.6201171875,6137500000.0,23.020000457763672,5.501424184893575,3.5561755809596467,4.670882089665223,5.5835313073032,6.013623399246594
2021-01-28,4.24698065449312,30366.15,95911.961711,2065953.0,146990355.43205437,20823531150112.0,64.3455323914754,2278.542253521127,1.286615401408451,78.0,3750.77001953125,9976520000.0,37.209999084472656,5.901012350400191,5.501424184893575,3.5561755809596467,5.835022508790817,6.023730045077309
2021-01-29,13.728917355163297,33364.86,92621.145617,2060660.0,150095785.47639358,20823531150112.0,65.13904591647669,2242.386206896552,1.3159464068965516,55.0,3787.3798828125,6992770000.0,30.209999084472656,7.6142974367266705,5.901012350400191,5.501424184893575,6.159221579188951,6.147532891046813
2021-01-30,4.154414239825057,34252.2,231827.005626,4403349.0,157341788.913185,20823531150112.0,38.788105521482805,2243.657894736842,1.313147296052631,77.0,3714.239990234375,6643370000.0,33.09000015258789,4.24698065449312,7.6142974367266705,5.901012350400191,5.641454109695583,6.182288927338792
2021-01-31,4.227094815542108,34262.88,84889.68134,2201040.0,140779495.34337604,20823531150112.0,213.0085305690409,2296.419117647059,1.3017438382352942,76.0,3714.239990234375,6643370000.0,33.09000015258789,13.728917355163297,4.24698065449312,7.6142974367266705,6.459955664614532,6.512820784564826
2021-02-01,4.85163714034161,33092.98,68742.280384,1707064.0,149060642.12828052,20823531150112.0,241.60011960791343,2019.118055555556,1.3109724583333329,78.0,3714.239990234375,6643370000.0,33.09000015258789,4.154414239825057,13.728917355163297,4.24698065449312,6.386174543208794,6.524017675789475
2021-02-02,3.755548469052418,33526.37,82718.276882,1810492.0,124217201.7735671,20823531150112.0,34.602017549435566,2340.525,1.3131606749999998,77.0,3773.860107421875,5436230000.0,30.239999771118164,4.227094815542108,4.154414239825057,13.728917355163297,6.482020148149145,6.583642696281384
2021-02-03,3.6240772100814276,35466.24,78056.65988,1789672.0,157341788.913185,20823531150112.0,96.24364276065062,2398.361842105264,1.3008425328947373,76.0,3826.31005859375,5514090000.0,25.559999465942383,4.85163714034161,4.227094815542108,4.154414239825057,6.389193427498865,6.417247157250445
2021-02-04,4.2281775210892905,37618.87,80784.333663,1881740.0,155271502.21695888,20823531150112.0,142.5931155816319,2296.1666666666665,1.301816320000001,78.0,3830.169921875,4864870000.0,22.90999984741211,3.755548469052418,4.85163714034161,4.227094815542108,6.082698587306325,6.350298439592815
2021-02-05,3.565295495362132,36936.66,92080.735898,2211866.0,165622935.69808948,20823531150112.0,86.39273098002431,2298.675,1.2867745437499998,80.0,3871.739990234375,4879240000.0,21.770000457763672,3.6240772100814276,3.755548469052418,4.85163714034161,5.512667126357006,6.221229940949345
2021-02-06,3.8882284146392228,38290.24,66681.334275,1853253.0,174939225.83110696,20823531150112.0,188.35234598958607,2133.378698224852,1.3038176686390532,81.0,3886.830078125,4879470000.0,20.8700008392334,4.2281775210892905,3.6240772100814276,3.755548469052418,5.509980964442172,6.124505337772291
2021-02-07,4.379565367068251,39186.94,98757.311183,2291646.0,169021265.50315762,21384451039675.53,88.05842399110432,2099.911949685534,1.2862396477987417,84.0,3886.830078125,4879470000.0,20.8700008392334,3.565295495362132,4.2281775210892905,3.6240772100814276,4.058034984470577,6.01711129292485
2021-02-08,10.380630444079952,38795.69,84363.679763,1976357.0,166219498.0035569,21434395961349.0,133.6237520447743,1835.6666666666667,1.3935527884615386,86.0,3886.830078125,4879470000.0,20.8700008392334,3.8882284146392228,3.565295495362132,4.2281775210892905,4.020008438015458,5.984950185971048
2021-02-09,6.2041425933855425,46374.87,138597.536914,3230961.0,172612555.6190783,21434395961349.0,90.54657996118884,2069.277777777778,1.3867732962962962,83.0,3915.590087890625,4648360000.0,21.239999771118164,4.379565367068251,3.8882284146392228,3.565295495362132,4.041789945376336,5.823945608746072
2021-02-10,3.8279038146950835,46420.42,115499.861712,3119034.0,152367873.16992718,21434395961349.0,61.19790493630068,2518.44055944056,1.2789557342657334,95.0,3911.22998046875,4568320000.0,21.6299991607666,10.380630444079952,4.379565367068251,3.8882284146392228,4.83164613162467,6.026994527417887
2021-02-11,4.543302641910446,44807.58,97154.1822,2891592.0,152367873.16992718,21434395961349.0,202.49935958399635,2382.923076923077,1.2902988391608394,92.0,3909.8798828125,4837070000.0,21.989999771118164,6.2041425933855425,10.380630444079952,4.379565367068251,5.181445292243688,6.045574589801504
2021-02-12,4.19876644331237,47969.51,89561.081454,2570949.0,137450738.7337105,21434395961349.0,84.43525697563197,2362.3178294573645,1.2711824186046514,93.0,3916.3798828125,4590960000.0,21.25,3.8279038146950835,6.2041425933855425,10.380630444079952,5.210563378617067,5.715835752236449
2021-02-13,2.534076413525579,47287.6,85870.035697,2418841.0,151302363.56734022,21434395961349.0,134.87225814251545,2417.6478873239435,1.2729824577464783,92.0,3934.830078125,4135060000.0,19.969999313354492,4.543302641910446,3.8279038146950835,6.2041425933855425,5.2555812530200905,5.577182642094533
2021-02-14,4.004721215124788,47153.69,63768.097399,2058823.0,167285007.6061438,21434395961349.0,459.5460418578883,2144.1019108280257,1.31935750955414,92.0,3934.830078125,4135060000.0,19.969999313354492,4.19876644331237,4.543302641910446,3.8279038146950835,5.346077102727266,5.428995181066524
2021-02-15,3.9197842452370404,48577.79,73735.475533,2090070.0,158760930.78544855,21434395961349.0,454.94272877756936,2001.7046979865768,1.323906899328858,95.0,3934.830078125,4135060000.0,19.969999313354492,2.534076413525579,4.19876644331237,4.543302641910446,5.152626816853889,5.356130907090084
2021-02-16,4.357295646777066,47911.1,79398.156784,2313155.0,160891949.9906224,21434395961349.0,171.58067518602138,2043.0198675496688,1.3219647549668876,93.0,3934.830078125,4135060000.0,19.969999313354492,4.004721215124788,2.534076413525579,4.19876644331237,5.099077652290537,5.280683564935904
2021-02-17,3.0407726621088695,49133.45,88813.266298,2199849.0,128926661.9130153,21434395961349.0,63.59276773942535,2449.4876033057853,1.2968272396694225,95.0,3932.590087890625,5058990000.0,21.459999084472656,3.9197842452370404,4.004721215124788,2.534076413525579,4.176099623884407,5.231529627037633
2021-02-18,2.495136779268108,52119.71,85743.637818,2514374.0,147040325.15699264,21434395961349.0,79.2228015426806,2301.927536231884,1.2910194710144924,95.0,3931.330078125,4730650000.0,21.5,4.357295646777066,3.9197842452370404,4.004721215124788,3.9122643457974817,5.194194815070202
2021-02-19,3.3266221132141887,51552.6,60758.046954,1891592.0,145974815.55440575,21434395961349.0,104.21043283417244,2313.518248175182,1.3050502846715326,91.0,3913.969970703125,4793650000.0,22.489999771118164,3.0407726621088695,4.357295646777066,3.9197842452370404,3.7998170382851657,5.142045391368797
2021-02-20,4.0926809905355,55906.0,79659.77802,2339215.0,163181402.20420986,21455226865438.4,107.751334696073,2232.5882352941176,1.328641823529411,93.0,3906.7099609375,4845320000.0,22.049999237060547,2.495136779268108,3.0407726621088695,4.357295646777066,3.507221915050546,5.0871974860115055
2021-02-21,2.9037376336290404,55841.19,80948.205314,2642846.0,157667240.0893604,21724134900047.0,135.85768055415616,2195.0342465753424,1.321612397260274,91.0,3906.7099609375,4845320000.0,22.049999237060547,3.3266221132141887,2.495136779268108,3.0407726621088695,3.382629867893663,5.019921424987321
2021-02-22,7.038229522364552,57408.57,58166.708511,1950533.0,152267677.07260144,21724134900047.0,128.23555109267662,1926.5602836879432,1.4457590921985817,91.0,3906.7099609375,4845320000.0,22.049999237060547,4.0926809905355,3.3266221132141887,2.495136779268108,3.605287664609366,4.8939656933069475
2021-02-23,13.056227070453499,54087.67,134019.434944,3313083.0,143628376.2457872,21724134900047.0,137.61951230327827,2145.736842105264,1.3349589999999991,94.0,3876.5,5917100000.0,23.450000762939453,2.9037376336290404,4.0926809905355,3.3266221132141887,3.448004295824259,4.72411006540356
2021-02-24,6.098298275369276,48891.0,169375.025051,3825196.0,137148900.6256765,21724134900047.0,97.55283141886548,2266.803149606299,1.298336511811023,94.0,3881.3701171875,6296610000.0,23.110000610351562,7.038229522364552,2.9037376336290404,4.0926809905355,3.8934964782710466,4.803021646493538
2021-02-25,6.121219092186367,49676.2,91881.209252,2194532.0,171706103.93293357,21724134900047.0,310.2946319064511,2252.1509433962265,1.3099372327044028,76.0,3925.429931640625,6012790000.0,21.34000015258789,13.056227070453499,7.038229522364552,2.9037376336290404,5.136200967367679,5.119690029476667
2021-02-26,7.025787454456184,47073.73,83310.673121,2305679.0,168466366.12287825,21724134900047.0,426.5818561532077,2090.48717948718,1.3010018846153848,79.0,3829.340087890625,6547470000.0,28.889999389648438,6.098298275369276,13.056227070453499,7.038229522364552,5.572990340690595,5.139585832492524
2021-02-27,4.562770529386447,46276.87,109423.200663,2371766.0,150107851.8658979,21724134900047.0,180.7360744847001,2204.431654676259,1.2936843309352513,55.0,3811.14990234375,6526070000.0,27.950000762939453,6.121219092186367,6.098298275369276,13.056227070453499,6.091002099678917,5.146926057218729
2021-02-28,5.424944287956877,46106.43,66060.834292,1757720.0,169546278.72623003,21724134900047.0,1213.009251995286,2043.2101910828023,1.2918701656050957,56.0,3811.14990234375,6526070000.0,27.950000762939453,7.025787454456184,6.121219092186367,6.098298275369276,6.619454291284917,5.127309057809712
2021-03-01,4.47613901496254,45135.66,83055.369042,1838345.0,141468551.03908366,21724134900047.0,452.8094858863674,1941.3435114503816,1.3644879694656489,55.0,3811.14990234375,6526070000.0,27.950000762939453,4.562770529386447,7.025787454456184,6.121219092186367,6.686609939692196,5.1378353869728235
2021-03-02,3.7484618734417885,49587.03,85086.111648,2147223.0,140388638.43573186,21724134900047.0,103.83090385112487,2157.576923076923,1.3479327307692308,38.0,3901.820068359375,5114820000.0,23.350000381469727,5.424944287956877,4.562770529386447,7.025787454456184,7.0467823188818866,4.861036284732609
2021-03-03,4.5774561793677995,48440.65,64221.06214,1855583.0,154427502.27930507,21724134900047.0,126.61284514190768,2364.6853146853146,1.3094418531468526,78.0,3870.2900390625,5536010000.0,24.100000381469727,4.47613901496254,5.424944287956877,4.562770529386447,6.680769389253028,4.871760443903859
2021-03-04,5.640012262567628,50349.37,81035.913705,2242131.0,164146715.7094711,21724134900047.0,540.4755567545668,2193.434210526316,1.301007401315789,78.0,3819.719970703125,6173660000.0,26.670000076293945,3.7484618734417885,4.47613901496254,5.424944287956877,5.351088646822782,4.855806012500515
2021-03-05,4.969056119686721,48374.09,82649.716829,2291936.0,138228813.22902828,21724134900047.0,138.25927534004285,2262.7421875,1.2875538515624998,84.0,3768.469970703125,7195400000.0,28.56999969482422,4.5774561793677995,3.7484618734417885,4.47613901496254,5.133825490251143,4.846666647134722
2021-03-06,2.731279945302995,48751.71,78192.496372,2054216.0,160906977.89941573,21724134900047.0,168.69354615367322,2132.751677852349,1.323912208053692,77.0,3841.93994140625,6851070000.0,24.65999984741211,5.640012262567628,4.5774561793677995,3.7484618734417885,5.0650816574484665,4.909482106918562
2021-03-07,3.091475343161548,48882.2,44399.234242,1476474.0,162254330.9888254,21473685655440.383,1246.1039569170512,1894.493421052632,1.352091625,77.0,3841.93994140625,6851070000.0,24.65999984741211,4.969056119686721,5.640012262567628,4.5774561793677995,4.771262895338543,4.954314737238738
2021-03-08,3.8627850830884403,50971.75,55235.028032,1758101.0,155665151.9066483,21448277761060.0,724.002008384967,1785.8835616438355,1.3697756849315073,76.0,3841.93994140625,6851070000.0,24.65999984741211,2.731279945302995,4.969056119686721,5.640012262567628,4.509621383326622,4.904418151379195
2021-03-09,4.406657860359227,52375.17,66987.359664,1999401.0,165260948.9419896,21448277761060.0,958.1109465520548,1883.5806451612905,1.4102301354838704,81.0,3821.35009765625,5871710000.0,25.469999313354492,3.091475343161548,2.731279945302995,4.969056119686721,4.176268676927289,4.888624146305843
2021-03-10,4.525553846182543,54884.5,71656.737076,2194398.0,149267953.88308737,21448277761060.0,70.87111429880673,2140.5857142857144,1.31116065,81.0,3875.43994140625,5513560000.0,24.030000686645508,3.8627850830884403,3.091475343161548,2.731279945302995,4.08864668665956,4.8877760352541495
2021-03-11,4.132749529697507,55851.59,84749.238943,2647284.0,158863750.91842875,21448277761060.0,119.02313430471848,2313.3422818791946,1.299936744966443,68.0,3898.81005859375,5847380000.0,22.559999465942383,4.406657860359227,3.8627850830884403,3.091475343161548,4.182674684790622,4.888679118363849
2021-03-12,3.0325942503461967,57773.16,81914.812859,2509970.0,140738356.51833954,21448277761060.0,57.474822624213466,2206.401515151515,1.2848289015151508,73.0,3939.340087890625,5312880000.0,21.90999984741211,4.525553846182543,4.406657860359227,3.8627850830884403,4.175260065764157,4.693509898433935
2021-03-13,4.105407902069022,57221.72,73405.406047,2489931.0,159929950.58902222,21448277761060.0,129.18207214913298,2138.293333333333,1.314888066666667,70.0,3943.340087890625,4476280000.0,20.690000534057617,4.132749529697507,4.525553846182543,4.406657860359227,3.9599368182112826,4.624463462977667
2021-03-14,2.9980402897979492,61188.39,83245.091346,2559002.0,152466552.89486787,21448277761060.0,108.02540678867412,1937.5664335664333,1.407024188811188,74.0,3943.340087890625,4476280000.0,20.690000534057617,3.0325942503461967,4.132749529697507,4.525553846182543,3.6832994083054937,4.597953144166038
2021-03-15,5.03574288960731,58968.31,52601.05275,1829769.0,167393348.28317663,21448277761060.0,298.16794209359284,1962.1019108280252,1.3161392038216555,78.0,3943.340087890625,4476280000.0,20.690000534057617,4.105407902069022,3.0325942503461967,4.132749529697507,3.8796034021292116,4.58335665283799
2021-03-16,4.354126767382532,55605.2,102771.427298,2683815.0,157797551.24783528,21448277761060.0,123.5906197345175,1974.533783783784,1.3563101891891882,76.0,3968.93994140625,4900100000.0,20.030000686645508,2.9980402897979492,4.105407902069022,3.0325942503461967,3.8662555373629837,4.543332447720843
2021-03-17,5.066099429721254,56900.75,77986.694355,2241208.0,158863750.91842875,21448277761060.0,129.57117904284047,2144.248322147651,1.3241554765100665,71.0,3962.7099609375,4613080000.0,19.790000915527344,5.03574288960731,2.9980402897979492,4.105407902069022,4.03382093829425,4.6267213302569
2021-03-18,4.230832309631918,58912.97,70421.620841,2204296.0,145003155.2007135,21448277761060.0,173.93106102680372,2177.345588235294,1.2929001544117644,71.0,3974.1201171875,4561660000.0,19.229999542236328,4.354126767382532,5.03574288960731,2.9980402897979492,4.026316496440437,4.638368181998826
2021-03-19,2.967146014060125,57648.16,66580.406675,2040947.0,162062349.9302092,21448277761060.0,116.84552393675612,2182.3552631578946,1.2618810921052628,72.0,3915.4599609375,5118590000.0,21.579999923706055,5.066099429721254,4.354126767382532,5.03574288960731,4.103537294088825,4.676578688148299
2021-03-20,2.3837163120484997,58030.01,52392.652961,1885830.0,158357615.36380938,21524403218194.305,111.48105632398034,2136.3513513513512,1.3230333175675677,71.0,3913.10009765625,7757420000.0,20.950000762939453,4.230832309631918,5.066099429721254,4.354126767382532,4.117549119793741,4.672363243576795
2021-03-21,3.5156532406789913,58102.28,44476.941776,1724131.0,167389189.0439892,21865558044611.0,152.37678546875165,1863.2987012987007,1.3352810064935066,75.0,3913.10009765625,7757420000.0,20.950000762939453,2.967146014060125,4.230832309631918,5.066099429721254,4.108199371752873,4.66990902197517
2021-03-22,3.845556674687986,57351.56,48564.470274,1773546.0,169563074.61598912,21865558044611.0,238.744400275154,1506.0,1.4553190641025635,73.0,3913.10009765625,7757420000.0,20.950000762939453,2.3837163120484997,2.967146014060125,4.230832309631918,3.86224343032137,4.666195006401183
2021-03-23,3.882283783268539,54083.25,62581.626169,1927345.0,164128360.68598944,21865558044611.0,150.17385023952343,1969.6026490066224,1.3574443841059602,70.0,3940.590087890625,4316260000.0,18.8799991607666,3.5156532406789913,2.3837163120484997,2.967146014060125,3.93618813759009,4.672496043983342
2021-03-24,4.6619986354938545,54340.89,59789.365427,1740349.0,174997788.54598877,21865558044611.0,397.65131719684274,1951.7639751552797,1.3523681428571432,66.0,3910.52001953125,4669010000.0,20.299999237060547,3.845556674687986,3.5156532406789913,2.3837163120484997,3.766161535458758,4.664258566788425
2021-03-25,4.640114342182993,52303.65,83537.465021,2401988.0,165215303.47198936,21865558044611.0,1128.7731383233704,2007.190789473684,1.3536179868421052,65.0,3889.139892578125,4783020000.0,21.200000762939453,3.882283783268539,3.845556674687986,3.5156532406789913,3.698755394871044,4.696876771776409
2021-03-26,3.966084138271795,51293.78,87400.534538,2099425.0,167389189.0439892,21865558044611.0,153.0320289261103,2068.584415584416,1.3164960000000003,60.0,3909.52001953125,4948340000.0,19.809999465942383,4.6619986354938545,3.882283783268539,3.845556674687986,3.6410267099814164,4.617669075547385
2021-03-27,3.0994865626935484,55025.59,63813.774692,1773150.0,147824218.8959905,21865558044611.0,58.68513756184043,2158.8970588235293,1.318635669117647,54.0,3974.5400390625,5483160000.0,18.860000610351562,4.640114342182993,4.6619986354938545,3.882283783268539,3.699495571774427,4.337131984605035
2021-03-28,2.608023060691644,55817.14,50105.475055,1528776.0,172823902.97398886,21865558044611.0,122.2807172512362,1812.9496855345917,1.298147333333333,65.0,3974.5400390625,5483160000.0,18.860000610351562,3.966084138271795,4.640114342182993,4.6619986354938545,3.8422010180903796,4.266058180035119
2021-03-29,3.265824443504421,55777.63,39050.387511,1551283.0,172823902.97398886,21865558044611.0,542.9820319514832,1563.553459119497,1.3152392515723268,74.0,3974.5400390625,5483160000.0,18.860000610351562,3.0994865626935484,3.966084138271795,4.640114342182993,3.9444539110396724,4.165333762385358
2021-03-30,2.3650623442708527,57635.47,67857.937398,1983437.0,164128360.68598944,21865558044611.0,1667.7024807132475,2008.64238410596,1.2829920132450328,72.0,3971.090087890625,4628180000.0,20.739999771118164,2.608023060691644,3.0994865626935484,3.966084138271795,3.8147924567557654,4.018074949259874
2021-03-31,3.8990336770064906,58746.57,55122.443122,1612744.0,158693646.7559898,21865558044611.0,107.74370083368493,2199.246575342466,1.31233240410959,72.0,3958.550048828125,4121510000.0,19.610000610351562,3.265824443504421,2.608023060691644,3.0994865626935484,3.7319735665866847,3.9748434130638066
2021-04-01,1.5052897802141916,58740.55,60975.542666,1928224.0,170650017.401989,21865558044611.0,94.4821144275428,2119.420382165605,1.3453399490445856,76.0,3972.889892578125,4578050000.0,19.399999618530273,2.3650623442708527,3.265824443504421,2.608023060691644,3.5152276467298726,3.8728473482742722
2021-04-02,1.8531158785871022,58720.44,47415.61722,1594431.0,157606703.96998987,21865558044611.0,121.31724961721947,2151.303448275862,1.336590924137931,74.0,4019.8701171875,4162130000.0,17.329999923706055,3.8990336770064906,2.3650623442708527,3.265824443504421,3.4062326526602495,3.8536105036757373
2021-04-03,2.3759640845914602,58950.01,47382.418781,1666356.0,160517766.38346806,23064760716651.37,101.03133327213617,2184.2,1.314276628571429,74.0,4019.8701171875,4162130000.0,17.329999923706055,1.5052897802141916,3.8990336770064906,2.3650623442708527,2.958400572378992,3.7788381005681506
2021-04-04,2.0174246282830994,57051.94,47409.852113,1606805.0,150672055.73110902,23137439666472.0,209.50502200722,2150.5114503816794,1.3121621603053435,73.0,4019.8701171875,4162130000.0,17.329999923706055,1.8531158785871022,1.5052897802141916,3.8990336770064906,2.6565479638526073,3.688026757208794
2021-04-05,2.42914081437653,58202.01,41314.081973,1499113.0,167924581.1965032,23137439666472.0,2372.590292590168,1684.9794520547946,1.3700521849315066,74.0,4019.8701171875,4162130000.0,17.329999923706055,2.3759640845914602,1.8531158785871022,1.5052897802141916,2.553187609838023,3.579225151276255
2021-04-06,1.829780541297368,59129.99,54258.01579,2035877.0,179426264.84009933,23137439666472.0,664.7356575944076,1852.8589743589744,1.4087214102564114,71.0,4077.909912109375,4005030000.0,17.90999984741211,2.0174246282830994,2.3759640845914602,1.8531158785871022,2.468816405208231,3.480837434896134
2021-04-07,2.7707904186894625,57991.15,54201.000727,1960513.0,165624244.467784,23137439666472.0,92.85413091896751,2149.7569444444443,1.343027368055556,75.0,4073.93994140625,4081270000.0,18.1200008392334,2.42914081437653,2.0174246282830994,2.3759640845914602,2.3492901724756754,3.4707661305319193
2021-04-08,2.448710829325073,55953.45,71228.405659,2206433.0,180576433.2044589,23137439666472.0,116.6491164152207,2046.6178343949043,1.304126649681529,72.0,4079.949951171875,4120810000.0,17.15999984741211,1.829780541297368,2.42914081437653,2.0174246282830994,2.272821343479463,3.4287096371364467
2021-04-09,1.8366080908791313,58077.52,44283.147019,1661080.0,154122560.82418784,23137439666472.0,175.6040496007634,2078.6119402985078,1.3142138507462682,73.0,4097.169921875,3907100000.0,16.950000762939453,2.7707904186894625,1.829780541297368,2.42914081437653,2.111643735148459,3.392309814989814
2021-04-10,4.2569912138102435,58142.54,40831.884911,1615962.0,174825591.38266087,23137439666472.0,117.39889350457246,2136.315789473684,1.3286036842105262,70.0,4128.7998046875,3640390000.0,16.690000534057617,2.448710829325073,2.7707904186894625,1.829780541297368,2.2464181707357276,3.3270449139553415
2021-04-11,1.9612011756329817,59769.13,69906.424117,2470398.0,180576433.2044589,23137439666472.0,201.23254768721048,1905.006369426752,1.3513014267515928,70.0,4128.7998046875,3640390000.0,16.690000534057617,1.8366080908791313,2.448710829325073,2.7707904186894625,2.244059915348875,3.2374133887785614
2021-04-12,2.42033118901897,60002.43,41156.715391,1746102.0,166774412.8321436,23137439666472.0,1382.1283474941777,1747.9241379310345,1.3770414137931035,76.0,4128.7998046875,3640390000.0,16.690000534057617,4.2569912138102435,1.8366080908791313,2.448710829325073,2.512778076665844,3.2415547782489855
2021-04-13,3.45487417079673,59860.0,56375.037117,1806298.0,165624244.467784,23137439666472.0,769.20881310881,2023.3958333333333,1.345640743055556,74.0,4127.990234375,3588900000.0,16.90999984741211,1.9612011756329817,4.2569912138102435,1.8366080908791313,2.504746154858684,3.205841675758545
2021-04-14,3.461677700317425,63575.0,82848.688746,2703735.0,163323907.73906472,23137439666472.0,104.26589744202737,2184.598591549296,1.337717894366197,74.0,4141.58984375,3734720000.0,16.649999618530273,2.42033118901897,1.9612011756329817,4.2569912138102435,2.503487636950461,3.149672451990211
2021-04-15,1.7668760755146347,62959.53,82616.343993,2645625.0,155272729.1885475,23137439666472.0,84.60120820072552,2203.659259259259,1.2884584814814817,75.0,4124.66015625,3985350000.0,16.989999771118164,3.45487417079673,2.42033118901897,1.9612011756329817,2.735643869736084,3.164900248023503
2021-04-16,3.149893412968331,63159.98,51649.70034,1938028.0,198514005.7096344,23217560568175.21,230.9889503972147,2089.767441860465,1.3172522732558145,79.0,4170.419921875,4033420000.0,16.56999969482422,3.461677700317425,3.45487417079673,2.42033118901897,2.8343420528257934,3.112431408380507
2021-04-17,2.874417870883285,61334.8,91764.139884,2639940.0,120743465.5644424,23581981443664.0,32.99354435474078,2133.0485436893205,1.3172985533980583,78.0,4185.47021484375,4163820000.0,16.25,1.7668760755146347,3.461677700317425,3.45487417079673,2.736937087995731,3.0261897186515774
2021-04-18,8.474332706898894,60006.66,58912.256128,2268816.0,106676265.69285686,23581981443664.0,130.2095405808845,2138.2417582417584,1.3556591758241758,76.0,4185.47021484375,4163820000.0,16.25,3.149893412968331,1.7668760755146347,3.461677700317425,2.9245492768656165,2.962316184759813
2021-04-19,4.042011911326668,56150.01,124882.131824,3444089.0,145361065.33971703,23581981443664.0,352.8905308022068,2215.6048387096776,1.2941819596774196,79.0,4185.47021484375,4163820000.0,16.25,2.874417870883285,3.149893412968331,1.7668760755146347,2.727038799304623,2.917102370134858
2021-04-20,4.865205156162357,55633.14,78229.042267,2390527.0,113709865.62864962,23581981443664.0,59.27781621687403,2148.5876288659792,1.3054006494845365,74.0,4163.259765625,3810290000.0,17.290000915527344,8.474332706898894,2.874417870883285,3.149893412968331,3.6574861609140386,3.1006752598961507
2021-04-21,3.8701677130932004,56425.0,72744.482151,2148820.0,150050131.96357888,23581981443664.0,177.75969245883033,2187.3203125,1.3298666718750003,73.0,4134.93994140625,4342650000.0,18.68000030517578,4.042011911326668,8.474332706898894,2.874417870883285,3.889154835529424,3.15595177987209
2021-04-22,5.015103289718422,53787.63,66984.756909,2134946.0,118398932.25251149,23581981443664.0,78.34088446846215,2237.831683168317,1.3068625049504947,73.0,4173.419921875,3887250000.0,17.5,4.865205156162357,4.042011911326668,8.474332706898894,4.090630690581657,3.2009368437215353
2021-04-23,6.206176430889639,51690.96,104656.631337,2744621.0,167634131.8030608,23581981443664.0,401.2046520860927,1920.3496503496503,1.2761913496503492,65.0,4134.97998046875,4245140000.0,18.709999084472656,3.8701677130932004,4.865205156162357,4.042011911326668,4.148986406692481,3.2017572116683755
2021-04-24,4.149897102331466,51125.14,132230.780719,2888237.0,158255998.5553371,23581981443664.0,725.6550603521889,2190.6,1.3158200518518512,55.0,4180.169921875,3569880000.0,17.329999923706055,5.015103289718422,3.8701677130932004,4.865205156162357,4.6130188658644515,3.239517861883372
2021-04-25,4.591752172057917,50047.84,55361.512573,1164985.0,169978665.11499172,23581981443664.0,1807.1406629838184,2004.7586206896551,1.3262256896551727,37.0,4180.169921875,3569880000.0,17.329999923706055,6.206176430889639,5.015103289718422,3.8701677130932004,5.049630725567495,3.2909904550632314
2021-04-26,5.325769631032803,49066.77,58255.645004,1475479.0,165289598.49112985,23581981443664.0,1621.2869655072902,1709.5106382978724,1.3424513687943267,31.0,4180.169921875,3569880000.0,17.329999923706055,4.149897102331466,6.206176430889639,5.015103289718422,5.2318420443458065,3.2746498804015136
2021-04-27,2.604067206039409,54001.39,86310.802124,2174544.0,133638398.78006244,23581981443664.0,550.2850086885215,2111.2894736842104,1.3147731754385967,27.0,4187.6201171875,3748320000.0,17.639999389648438,4.591752172057917,4.149897102331466,6.206176430889639,4.677187682225667,3.295505481527718
2021-04-28,3.2880328469594398,55011.97,54064.034675,1568666.0,166461865.14709532,23581981443664.0,162.67469298233348,2099.359154929577,1.3166573380281692,50.0,4186.72021484375,3710700000.0,17.559999465942383,5.325769631032803,4.591752172057917,4.149897102331466,4.8605816421836865,3.3697149171390266
2021-04-29,3.208885843077411,54846.22,55130.459015,1830042.0,166461865.14709532,23581981443664.0,697.6068762695612,1951.5915492957747,1.3116247676056327,59.0,4183.18017578125,3787360000.0,17.280000686645508,2.604067206039409,5.325769631032803,4.591752172057917,4.537561935023265,3.369583055317285
2021-04-30,3.8889200003016073,53555.0,52486.019455,1763676.0,143016532.0277861,23581981443664.0,63.64800989884315,2126.7622950819677,1.3643297377049182,52.0,4211.47021484375,4298680000.0,17.610000610351562,3.2880328469594398,2.604067206039409,5.325769631032803,4.45439981128987,3.3703233354324524
2021-05-01,1.8725156784079722,57694.27,68578.910045,2267648.0,169978665.11499172,23581981443664.0,129.1084764903051,1995.786206896552,1.3887697586206893,51.0,4181.169921875,4300880000.0,18.610000610351562,3.208885843077411,3.2880328469594398,2.604067206039409,4.196368747484011,3.398450785392671
2021-05-02,2.8257288581873947,57800.37,42600.351836,1743013.0,158954589.9843886,23004465874892.84,570.8400098348349,1892.021582733813,1.3459564388489211,68.0,4181.169921875,4300880000.0,18.610000610351562,3.8889200003016073,3.208885843077411,3.2880328469594398,3.865332114542865,3.3981136628358417
2021-05-03,3.341950533624565,56578.21,36812.878863,1371638.0,189527186.50027972,20608845737768.0,1993.646499206413,1271.427027027027,1.407752259459459,66.0,4181.169921875,4300880000.0,18.610000610351562,1.8725156784079722,3.8889200003016073,3.208885843077411,3.539991911125223,3.410354526108968
2021-05-04,4.873728659376143,57169.39,57649.931286,2102128.0,181331416.27324063,20608845737768.0,540.1698382886366,1621.5084745762713,1.4626008474576273,61.0,4192.66015625,4070220000.0,18.309999465942383,2.8257288581873947,1.8725156784079722,3.8889200003016073,3.2877028662865766,3.442774958762311
2021-05-05,4.0911114002644675,53200.01,85324.625903,2492629.0,185429301.3867602,20608845737768.0,3198.691888171703,1662.011049723757,1.336464895027624,68.0,4164.66015625,4452460000.0,19.479999542236328,3.341950533624565,2.8257288581873947,1.8725156784079722,3.0043001380853993,3.4749745070634144
2021-05-06,3.1996526884541487,57436.11,77263.923439,2378119.0,160841990.70564282,20608845737768.0,3379.793620253274,1973.0828025477704,1.3476442802547772,48.0,4167.58984375,4230920000.0,19.149999618530273,4.873728659376143,3.341950533624565,2.8257288581873947,3.3285374885620764,3.5701846414331824
2021-05-07,3.025811122678673,56393.68,70181.671908,2459881.0,174160117.3245814,20608845737768.0,2121.125220618622,1831.6470588235293,1.3617653764705882,65.0,4201.6201171875,4511000000.0,18.389999389648438,4.0911114002644675,4.873728659376143,3.341950533624565,3.4432629961770798,3.6255836609627803
2021-05-08,3.589768951987243,57314.75,74542.747829,2361692.0,176209059.88134116,20608845737768.0,2567.2519045852296,1790.6279069767445,1.2962967151162783,64.0,4232.60009765625,4016080000.0,16.690000534057617,3.1996526884541487,4.0911114002644675,4.873728659376143,3.441943974088043,3.671246065868006
2021-05-09,3.7636051857330237,58862.05,69709.906028,2311378.0,175184588.60296133,20608845737768.0,32.37134715956255,1606.3801169590645,1.310903526315789,67.0,4232.60009765625,4016080000.0,16.690000534057617,3.025811122678673,3.1996526884541487,4.0911114002644675,3.318642705856195,3.6797467560009802
2021-05-10,4.671119638447392,58240.84,69806.11991,2170139.0,190551657.77865964,20608845737768.0,2136.4514464091026,1332.6129032258063,1.3608950322580635,73.0,4232.60009765625,4016080000.0,16.690000534057617,3.589768951987243,3.025811122678673,3.1996526884541487,3.5639646020818048,3.717782026756386
2021-05-11,3.6418947027799726,55816.14,89586.34925,2575419.0,184404830.1083803,20608845737768.0,791.1708962517197,1684.9833333333331,1.374446744444444,72.0,4188.43017578125,4560700000.0,19.65999984741211,3.7636051857330237,3.589768951987243,3.025811122678673,3.6979469345883236,3.7820152632515156
2021-05-12,7.9588624860750885,56670.02,64329.54055,1911480.0,176209059.88134116,20608845737768.0,749.981306880855,1814.622093023256,1.349528220930233,61.0,4152.10009765625,4870710000.0,21.84000015258789,4.671119638447392,3.7636051857330237,3.589768951987243,3.8878282352772993,3.7958195440727542
2021-05-13,5.581506946223078,49631.32,99842.789836,2676826.0,176209059.88134116,20608845737768.0,450.02351537518297,1746.813953488372,1.3712228837209302,68.0,4063.0400390625,4733070000.0,27.59000015258789,3.6418947027799726,4.671119638447392,3.7636051857330237,3.71185195576356,3.85184266164432
2021-05-14,4.290575245884662,49670.97,147332.002121,3570506.0,185896531.25400168,23227330060562.566,34.684499176496026,1717.2173913043478,1.3115552298136637,31.0,4112.5,4779540000.0,23.1299991607666,7.9588624860750885,3.6418947027799726,4.671119638447392,4.264387825165078,4.03646037154619
2021-05-15,5.385529169464016,49841.45,80082.204306,2095860.0,166839065.28467855,25046487590083.0,101.94434335229488,1985.4850746268655,1.3155430373134331,26.0,4173.85009765625,4008880000.0,18.809999465942383,5.581506946223078,7.9588624860750885,3.6418947027799726,4.604652719132067,4.107348130727069
2021-05-16,7.1300043558241235,46762.99,89437.449359,2286791.0,153143321.1195184,25046487590083.0,73.15964156468955,1886.9837398373984,1.3477717886178866,27.0,4173.85009765625,4008880000.0,18.809999465942383,4.290575245884662,5.581506946223078,7.9588624860750885,4.785333308161495,4.134978048912644
2021-05-17,8.547367574014746,46431.5,114269.812775,2661295.0,164348929.98192218,25046487590083.0,135.7020571798854,1662.3863636363635,1.3717010757575758,20.0,4173.85009765625,4008880000.0,18.809999465942383,5.385529169464016,4.290575245884662,5.581506946223078,5.041870482086748,4.255599818710957
2021-05-18,5.228449830596033,43538.04,166657.172736,3216821.0,150653185.81676203,25046487590083.0,35.45744865793906,2073.6363636363635,1.3341216280991737,27.0,4163.2900390625,4125050000.0,19.719999313354492,7.1300043558241235,5.385529169464016,4.290575245884662,5.5227846492426185,4.388270183472816
2021-05-19,16.4311432602429,42849.78,116979.860784,2561165.0,124506765.13781984,25046487590083.0,60.70059029365128,2210.18,1.3321869600000005,21.0,4127.830078125,4398150000.0,21.34000015258789,8.547367574014746,7.1300043558241235,5.385529169464016,6.07653435432367,4.577368506910531
2021-05-20,9.338636869688557,36690.09,354347.243161,6331062.0,155633456.42227483,25046487590083.0,59.79634218193576,2107.352,1.32228564,23.0,4115.68017578125,4247450000.0,22.18000030517578,5.228449830596033,8.547367574014746,7.1300043558241235,6.3031850868688215,4.469172411033769
2021-05-21,11.901801603516251,40526.64,203017.596923,4269898.0,139447576.95435822,25046487590083.0,123.18177276502128,2036.0625,1.3041271875000002,11.0,4159.1201171875,3978880000.0,20.670000076293945,16.4311432602429,5.228449830596033,8.547367574014746,7.513510911749937,4.882143455997644
2021-05-22,5.466992968131102,37252.01,202100.888258,3993336.0,136957441.6516018,25046487590083.0,229.97757799595016,2057.7363636363634,1.2896153545454547,19.0,4155.85986328125,3995250000.0,20.149999618530273,9.338636869688557,16.4311432602429,5.228449830596033,8.050243757959292,5.031257846448517
2021-05-23,9.238913916721362,37449.73,126542.243689,2716691.0,144427847.55987102,25046487590083.0,538.842490276244,1929.3103448275865,1.2895503362068967,12.0,4155.85986328125,3995250000.0,20.149999618530273,11.901801603516251,9.338636869688557,16.4311432602429,9.137561809049519,5.298978976129286
2021-05-24,7.494503997853395,34655.25,217136.046593,4082004.0,148163050.51400563,25046487590083.0,507.8716269998111,1632.9411764705883,1.379971949579833,14.0,4155.85986328125,3995250000.0,20.149999618530273,5.466992968131102,11.901801603516251,9.338636869688557,9.149199494573386,5.314041965409708
2021-05-25,6.030697823806901,38796.29,161630.893971,3510578.0,156878524.07365298,25046487590083.0,221.88691913553097,1863.1349206349207,1.345942547619048,10.0,4197.0498046875,3684800000.0,18.399999618530273,9.238913916721362,5.466992968131102,11.901801603516251,9.45047228898728,5.415133214937432
2021-05-26,5.908006107940468,38324.72,111996.228404,2508310.0,153143321.1195184,25046487590083.0,322.33850908430867,1899.5447154471544,1.359462617886179,22.0,4188.1298828125,4182250000.0,18.84000015258789,7.494503997853395,9.238913916721362,5.466992968131102,9.300063206678514,5.526620111454831
2021-05-27,5.430297503163487,39241.91,104780.773396,2432319.0,151898253.46814018,25046487590083.0,50.92244872109368,1891.4180327868853,1.3001551639344262,22.0,4195.990234375,4420890000.0,17.360000610351562,6.030697823806901,7.494503997853395,9.238913916721362,9.414670062851496,5.57458496651313
2021-05-28,6.863046938478427,38529.98,86547.158794,2102182.0,145672915.21124923,25046487590083.0,70.85606105189916,1829.3589743589744,1.262394282051282,27.0,4200.8798828125,6406310000.0,16.739999771118164,5.908006107940468,6.030697823806901,7.494503997853395,7.9113647553797195,5.593992849076718
2021-05-29,6.1024241640576875,35663.49,135377.62972,2659178.0,148163050.51400563,25046487590083.0,132.70328328411605,1834.546218487395,1.343872411764706,21.0,4204.10986328125,4649250000.0,16.760000228881836,5.430297503163487,5.908006107940468,6.030697823806901,7.353030560161853,5.68820052564752
2021-05-30,5.128484086122058,34605.15,112663.092689,2169643.0,144427847.55987102,25046487590083.0,354.038092994766,1709.7586206896551,1.3227263965517242,18.0,4204.10986328125,4649250000.0,16.760000228881836,6.863046938478427,5.430297503163487,5.908006107940468,6.633208465156449,5.807367662031487
2021-05-31,4.811897686902754,35641.27,73535.386967,1559892.0,151858199.84334671,21214345448186.625,1732.342057339018,1248.576388888889,1.4991831736111114,10.0,4204.10986328125,4649250000.0,16.760000228881836,6.1024241640576875,6.863046938478427,5.430297503163487,6.723984350288818,5.903818939397497
2021-06-01,5.042261794249437,37253.81,94160.735289,1896359.0,147526659.02062267,21047730572452.0,339.1490032177561,1606.163120567376,1.4406667730496452,18.0,4204.10986328125,4649250000.0,16.760000228881836,5.128484086122058,6.1024241640576875,6.863046938478427,6.136780088774633,5.945137742258178
2021-06-02,2.73169414551612,36693.09,81234.66377,1760417.0,148572947.38247102,21047730572452.0,210.22926153686177,1651.838028169014,1.3656506478873232,20.0,4202.0400390625,5074670000.0,17.899999618530273,4.811897686902754,5.128484086122058,6.1024241640576875,5.753550615781683,6.0431171425413375
2021-06-03,3.7878077978609155,37568.68,67587.372495,1530915.0,173683868.0668324,21047730572452.0,612.8762164799268,1509.5722891566263,1.291096493975903,23.0,4208.1201171875,5833670000.0,17.479999542236328,5.042261794249437,4.811897686902754,5.128484086122058,5.6123454687020455,6.117001573743406
2021-06-04,4.1113761888749565,39246.79,75889.106011,1949658.0,153804389.191713,21047730572452.0,28.36411526593241,1738.9183673469388,1.2936538027210884,24.0,4192.85009765625,5587970000.0,18.040000915527344,2.73169414551612,5.042261794249437,4.811897686902754,5.158586616927138,6.096659694139791
2021-06-05,6.174392879962304,36829.0,91317.799245,1926311.0,137063775.4021388,21047730572452.0,28.93274709591425,1806.6564885496184,1.2901670152671756,27.0,4229.89013671875,4139790000.0,16.420000076293945,3.7878077978609155,2.73169414551612,5.042261794249437,4.923945230455343,6.060462332089283
2021-06-06,3.314448327080318,35513.2,70459.62149,1463754.0,137063775.4021388,21047730572452.0,14.178226830228244,1485.3435114503816,1.0839169007633591,24.0,4229.89013671875,4139790000.0,16.420000076293945,4.1113761888749565,3.7878077978609155,2.73169414551612,4.530849409083419,6.061137825042965
2021-06-07,4.805513047199387,35796.31,47650.206637,993430.0,156943254.27725816,21047730572452.0,9.4606947046008,1235.3666666666666,0.948718753333333,17.0,4229.89013671875,4139790000.0,16.420000076293945,6.174392879962304,4.1113761888749565,3.7878077978609155,4.541130654212649,6.160295831426571
2021-06-08,5.533269432323747,33552.79,77574.952573,1532260.0,139156352.12583557,21047730572452.0,23.38897251663865,1770.5187969924812,1.2507247218045112,15.0,4226.52001953125,4476920000.0,16.420000076293945,3.314448327080318,6.174392879962304,4.1113761888749565,4.281982688635258,6.169917071573293
2021-06-09,6.882149355430448,33380.81,123251.189037,2074885.0,155896965.91540977,21047730572452.0,27.68422862515039,1657.0872483221476,1.286348818791947,13.0,4227.259765625,4659620000.0,17.06999969482422,4.805513047199387,3.314448327080318,6.174392879962304,4.281070597249063,6.210441874747031
2021-06-10,4.662790357748761,37388.05,136607.597517,2601479.0,131832333.59289683,21047730572452.0,24.156571717786488,1673.8968253968253,1.067569261904762,14.0,4219.5498046875,4713260000.0,17.889999389648438,5.533269432323747,4.805513047199387,3.314448327080318,4.351214545545393,6.269430682966722
2021-06-11,3.723408677359838,36675.72,109527.284943,2231430.0,123462026.69810976,21047730572452.0,104.25800281925927,2143.923728813559,1.3114524237288132,21.0,4239.18017578125,4408210000.0,16.100000381469727,6.882149355430448,5.533269432323747,4.805513047199387,4.944136718390297,6.343131673532824
2021-06-12,4.161211357351901,37331.98,78466.0053,1727645.0,109860277.9940807,21047730572452.0,148.54917572379605,2061.9238095238097,1.401894276190477,21.0,4247.43994140625,3815010000.0,15.649999618530273,4.662790357748761,6.882149355430448,5.533269432323747,5.069134226945702,6.37716152869845
2021-06-13,5.941549681737803,35546.11,87717.54999,1719650.0,138110063.76398718,21047730572452.0,326.77773932099706,1687.6818181818182,1.4897595227272729,28.0,4247.43994140625,3815010000.0,15.649999618530273,3.723408677359838,4.662790357748761,6.882149355430448,5.013710296729258,6.235979735074608
2021-06-14,3.9990788690233843,39020.57,86921.025555,1894103.0,136724465.12868512,20836567779802.566,41.97310800481696,1417.409090909091,1.1749237651515152,23.0,4247.43994140625,3815010000.0,15.649999618530273,4.161211357351901,3.723408677359838,4.662790357748761,4.726112936356342,6.188636548778902
2021-06-15,3.533059436373974,40516.29,108522.391949,2185089.0,133766696.2189013,19932791027263.0,46.93731213980222,1795.674074074074,1.263461481481482,28.0,4255.14990234375,4151200000.0,16.389999389648438,5.941549681737803,4.161211357351901,3.723408677359838,5.101413129878841,6.243669029974006
2021-06-16,3.2271282536304238,40144.04,80679.622838,1931890.0,129803238.5531561,19932791027263.0,31.485123285221,1846.2671755725191,1.294162251908396,38.0,4246.58984375,4048940000.0,17.020000457763672,3.9990788690233843,5.941549681737803,4.161211357351901,4.986208247282269,6.197454019959319
2021-06-17,3.3772064919099107,38349.01,87771.976937,2134897.0,121876323.22166562,19932791027263.0,54.57553264272376,2056.39837398374,1.354007869918699,33.0,4223.7001953125,4538350000.0,18.149999618530273,3.533059436373974,3.9990788690233843,5.941549681737803,4.7004639621465865,6.077555855977647
2021-06-18,4.239700215782348,38092.97,79541.307119,1620210.0,128812374.13671976,19932791027263.0,15.178447145412672,1828.6538461538464,1.1697487076923074,26.0,4221.85986328125,5312680000.0,17.75,3.2271282536304238,3.533059436373974,3.9990788690233843,4.178318090460869,5.90021454529817
2021-06-19,3.6710767985884343,35819.84,95228.042935,1809253.0,122867187.63810194,19932791027263.0,17.11526586654717,1797.725806451613,1.1640267258064512,25.0,4166.4501953125,6817010000.0,20.700000762939453,3.3772064919099107,3.2271282536304238,3.533059436373974,3.9946632524838903,5.838506434008633
2021-06-20,4.1969797562248745,35483.72,68712.449461,1212278.0,102059034.89293952,19932791027263.0,32.31425165786351,1815.9417475728155,1.1876399029126212,23.0,4166.4501953125,6817010000.0,20.700000762939453,4.239700215782348,3.3772064919099107,3.2271282536304238,4.068419186544249,5.43212499919328
2021-06-21,7.961793348275845,35600.16,89878.17085,1691871.0,104040763.72581212,19932791027263.0,43.25180122105122,1592.847619047619,1.2623590571428571,21.0,4166.4501953125,6817010000.0,20.700000762939453,3.6710767985884343,4.239700215782348,3.3772064919099107,3.998399963863754,5.24320633015661
2021-06-22,9.710003218624653,31608.93,168778.873159,2688993.0,104040763.72581212,19932791027263.0,117.24113524975492,1952.857142857143,1.3532359333333328,23.0,4224.7900390625,4128950000.0,17.889999389648438,4.1969797562248745,3.6710767985884343,4.239700215782348,3.7491756887904786,4.986378935246899
2021-06-23,5.349016140390236,32509.56,204208.179762,3113977.0,90168661.89570382,19932791027263.0,68.49998377015761,2159.5934065934066,1.3929326923076923,10.0,4246.43994140625,3828390000.0,16.65999984741211,7.961793348275845,4.1969797562248745,3.6710767985884343,4.3152777572551155,5.069538947918389
2021-06-24,4.405086146739389,33678.07,126966.100563,2026228.0,100077306.0600669,19932791027263.0,128.7230277247744,2304.0,1.3926188613861386,14.0,4241.83984375,3730350000.0,16.31999969482422,9.710003218624653,7.961793348275845,4.1969797562248745,5.1976982975766415,5.085241924648498
2021-06-25,4.306149616331297,34663.09,86625.80426,1531230.0,104040763.72581212,19932791027263.0,145.416854312237,2221.695238095238,1.3808627333333334,22.0,4266.490234375,3816660000.0,15.970000267028809,5.349016140390236,9.710003218624653,7.961793348275845,5.500825138542328,5.01372566273306
2021-06-26,6.4289140229588,31584.45,116061.130356,2094932.0,108995085.80799364,19932791027263.0,141.75833924886683,1984.0454545454545,1.3957033818181812,27.0,4280.7001953125,7341450000.0,15.619999885559082,4.405086146739389,5.349016140390236,9.710003218624653,5.647665089232254,4.959538606830809
2021-06-27,5.826412372139884,32283.65,107820.375287,1814051.0,88186933.06283121,19932791027263.0,323.11572956425806,2040.76404494382,1.4203916067415732,20.0,4280.7001953125,7341450000.0,15.619999885559082,4.306149616331297,4.405086146739389,5.349016140390236,5.657157860739247,4.9061433904438365
2021-06-28,3.8046501385834137,34700.34,96613.244211,1799875.0,58461000.56974205,19932791027263.0,41.12185509804705,2112.542372881356,1.4248974915254242,22.0,4280.7001953125,7341450000.0,15.619999885559082,6.4289140229588,4.306149616331297,4.405086146739389,6.051134607077871,4.939430607770348
2021-06-29,3.8655325363176023,34494.89,82222.267819,1868627.0,86205204.22995861,19932791027263.0,92.54778816413892,2504.574712643678,1.3709456321839082,25.0,4290.60986328125,4147890000.0,15.760000228881836,5.826412372139884,6.4289140229588,4.306149616331297,6.283910695065729,4.90487612222573
2021-06-30,3.940227702512637,35911.73,90788.79622,1673802.0,89177797.47926754,19932791027263.0,168.027804735286,2284.6222222222223,1.4013251666666662,25.0,4291.7998046875,3707150000.0,16.020000457763672,3.8046501385834137,5.826412372139884,6.4289140229588,5.690033093681095,4.82828365470992
2021-07-01,4.392646949232953,35045.0,77152.197634,1301036.0,88186933.06283121,19932791027263.0,132.66713759949914,2457.6853932584268,1.359347292134831,28.0,4297.5,4266040000.0,15.829999923706055,3.8655325363176023,3.8046501385834137,5.826412372139884,4.855108710494375,4.786185269716438
2021-07-02,3.483963260346681,33504.69,71708.266112,1240681.0,94132119.56144908,19932791027263.0,130.1651881638862,2423.7157894736843,1.392820968421053,28.0,4319.93994140625,3788230000.0,15.479999542236328,3.940227702512637,3.8655325363176023,3.8046501385834137,4.653853219369004,4.757129603570102
2021-07-03,2.9007389930145817,33786.55,56172.181378,1176457.0,89177797.47926754,19932791027263.0,191.5481395412636,2095.2,1.403917177777778,21.0,4352.33984375,3225840000.0,15.069999694824219,4.392646949232953,3.940227702512637,3.8655325363176023,4.652076191153798,4.735475775402885
2021-07-04,2.6554015275327894,34669.13,43044.578641,1078278.0,98706076.21227616,15634861856766.195,634.8027412216753,1869.7874015748032,1.420467622047245,24.0,4352.33984375,3225840000.0,15.069999694824219,3.483963260346681,4.392646949232953,3.940227702512637,4.53462099744171,4.7605514125639035
2021-07-05,4.164675903745419,35286.51,43703.475789,1164970.0,82108836.0775171,14363025673660.0,567.8289780590412,1494.3478260869565,1.4411636086956523,27.0,4352.33984375,3225840000.0,15.069999694824219,2.9007389930145817,3.483963260346681,4.392646949232953,4.030595993163964,4.730982452402359
2021-07-06,4.05432103123116,33690.14,64123.874245,1109367.0,94246664.01941094,14363025673660.0,611.4341265328977,1695.1515151515152,1.3275864469696963,29.0,4352.33984375,3225840000.0,15.069999694824219,2.6554015275327894,2.9007389930145817,3.483963260346681,3.5775944439343794,4.682449963690955
2021-07-07,1.9354915818624536,34220.01,58210.596349,1184687.0,101386562.80876024,14363025673660.0,13.77077007717865,1607.598591549296,1.0970254436619715,20.0,4343.5400390625,4309570000.0,16.440000534057617,4.164675903745419,2.6554015275327894,2.9007389930145817,3.62902669610038,4.615459397817058
2021-07-08,3.579478380757359,33862.12,53807.521675,1041416.0,87820755.10899657,14363025673660.0,22.834182032679784,1798.5934959349593,1.1737401219512196,28.0,4358.1298828125,4037380000.0,16.200000762939453,4.05432103123116,4.164675903745419,2.6554015275327894,3.6559964810880317,4.640121821288752
2021-07-09,2.8365283323228843,32875.71,70136.48032,1257892.0,99244593.17195548,14363025673660.0,19.62045172173044,1659.848920863309,1.0300185755395692,20.0,4320.81982421875,4347500000.0,19.0,1.9354915818624536,4.05432103123116,4.164675903745419,3.369605606709434,4.544454439110854
2021-07-10,2.60959592844523,33815.81,47153.939899,1236351.0,93532674.14047602,14363025673660.0,22.52574623449435,1736.7251908396947,1.2597139847328245,20.0,4369.5498046875,3531120000.0,16.18000030517578,3.579478380757359,1.9354915818624536,4.05432103123116,3.2534386683557774,4.479328070725308
2021-07-11,2.3678017552823105,33502.87,34761.175468,865508.0,114952370.50852396,14363025673660.0,8.408006125996952,1163.1242236024846,0.840594552795031,20.0,4369.5498046875,3531120000.0,16.18000030517578,2.8365283323228843,3.579478380757359,1.9354915818624536,3.160947964352378,4.3444740366217225
2021-07-12,1.9294659968022851,34258.99,31572.647448,952891.0,89248734.86686642,14363025673660.0,13.06639169249094,1329.152,1.110524304,20.0,4369.5498046875,3531120000.0,16.18000030517578,2.60959592844523,2.8365283323228843,3.579478380757359,3.1193560979853276,4.276034222311606
2021-07-13,3.0161212379052,33086.63,48181.403762,1176847.0,89962724.74580133,14363025673660.0,22.83306812342845,1748.1666666666667,1.1771021190476192,25.0,4384.6298828125,3384460000.0,16.170000076293945,2.3678017552823105,2.60959592844523,2.8365283323228843,3.0782704162352594,4.23084732490902
2021-07-14,3.5936483904665266,32729.77,41126.361008,956053.0,97102623.53515066,14363025673660.0,22.145952654343272,1690.5588235294117,1.159622036764706,20.0,4369.2099609375,3695430000.0,17.1200008392334,1.9294659968022851,2.3678017552823105,2.60959592844523,2.7589547152433833,4.156455812890701
2021-07-15,2.765050567576335,32820.02,46777.823484,1123129.0,121378279.41893832,14363025673660.0,8.795739492678171,1389.5117647058823,0.9098740705882356,21.0,4374.2998046875,4006370000.0,16.329999923706055,3.0161212379052,1.9294659968022851,2.3678017552823105,2.6106404590539602,4.058941531429614
2021-07-16,2.9873015876996845,31880.0,51639.576353,1099367.0,91390704.5036712,14363025673660.0,21.226783138302785,1767.453125,1.2113098203125003,20.0,4360.02978515625,3905230000.0,17.010000228881836,3.5936483904665266,3.0161212379052,1.9294659968022851,2.8475200031402563,4.045427182144385
2021-07-17,2.0581512964741986,31383.87,48499.864154,1067591.0,107098481.84023967,14363025673660.0,11.361214977192702,1489.7733333333333,0.9305223866666668,22.0,4327.16015625,3985700000.0,18.450000762939453,2.765050567576335,3.5936483904665266,3.0161212379052,2.7311731726858244,4.019826886517797
2021-07-18,2.5853637229728714,31520.07,34012.242132,883442.0,101997588.09440474,14348541098817.076,10.026967664115244,1273.055944055944,0.7849456643356646,15.0,4327.16015625,3985700000.0,18.450000762939453,2.9873015876996845,2.765050567576335,3.5936483904665266,2.7527122091682243,4.011832664320106
2021-07-19,2.479233298575288,31778.56,35923.716186,760979.0,97872242.0886884,13672594272814.0,8.362789665807153,1118.9027777777778,0.8038608680555556,19.0,4327.16015625,3985700000.0,18.450000762939453,2.0581512964741986,2.9873015876996845,2.765050567576335,2.6739344046009346,3.967864157805582
2021-07-20,3.3423638332622434,30839.65,47340.468499,846029.0,115543619.13247934,13672594272814.0,11.396187381416109,1334.1352941176472,0.9130094588235296,24.0,4258.490234375,5157660000.0,22.5,2.5853637229728714,2.0581512964741986,2.9873015876996845,2.705014685699586,3.912719608045266
2021-07-21,4.002785163016225,29790.35,61034.049017,1062139.0,82919538.43624988,13672594272814.0,23.016813924515198,1889.4180327868853,1.2860610409836066,19.0,4323.06005859375,4438270000.0,19.729999542236328,2.479233298575288,2.5853637229728714,2.0581512964741986,2.783552871667158,3.872991491378161
2021-07-22,2.126063241614583,32144.51,82796.265128,1415058.0,98551910.4365265,13672594272814.0,20.68415160844348,1625.3793103448277,1.0920549172413792,10.0,4358.68994140625,3810280000.0,17.90999984741211,3.3423638332622434,2.479233298575288,2.5853637229728714,2.830158956718164,3.8445042939460734
2021-07-23,2.942421132396098,32287.83,46148.092433,1000742.0,103989257.2192314,13672594272814.0,10.596898970663332,1505.111111111111,0.949214777777778,21.0,4367.47998046875,3358300000.0,17.690000534057617,4.002785163016225,3.3423638332622434,2.479233298575288,2.8886070670824067,3.7125373544374196
2021-07-24,2.585547424712156,33634.09,50112.863626,1394786.0,91755226.95814537,13672594272814.0,11.96957287805499,1712.074074074074,1.0535018518518524,23.0,4411.7900390625,4540070000.0,17.200000762939453,2.126063241614583,4.002785163016225,3.3423638332622434,2.7973231633735844,3.4597393552037508
2021-07-25,2.811409785091277,34258.14,47977.550138,1196914.0,104668925.56706952,13672594272814.0,9.665915317513663,1286.3051948051948,0.8430606623376622,22.0,4411.7900390625,4540070000.0,17.200000762939453,2.942421132396098,2.126063241614583,4.002785163016225,2.790911669758786,3.379519521603946
2021-07-26,8.02470086119088,35381.02,47852.928313,1245775.0,103989257.2192314,13672594272814.0,7.577590521109193,1140.751633986928,0.7927888300653594,27.0,4411.7900390625,4540070000.0,17.200000762939453,2.585547424712156,2.942421132396098,2.126063241614583,2.8662539737927806,3.318868230869705
2021-07-27,4.10678627019252,37237.6,152452.512724,3330102.0,101950252.17571706,13672594272814.0,14.597363141426984,1746.3333333333333,1.147170953333333,26.0,4422.2998046875,4275630000.0,17.579999923706055,2.811409785091277,2.585547424712156,2.942421132396098,2.8985462683811245,3.2690435698283706
2021-07-28,6.896300084458735,39457.87,88397.267015,1938478.0,115543619.13247934,13672594272814.0,18.151376886948523,1501.3,1.0925581588235291,32.0,4401.4599609375,4241950000.0,19.360000610351562,8.02470086119088,2.811409785091277,2.585547424712156,3.6907559201833515,3.322236464436107
2021-07-29,2.854152888256268,40019.56,101344.528441,2631048.0,106707930.61058386,13672594272814.0,11.838178016193222,1600.1464968152866,1.0117097070063696,50.0,4400.64013671875,4215290000.0,18.309999465942383,4.10678627019252,8.02470086119088,2.811409785091277,3.799959125459105,3.264915594371195
2021-07-30,4.7139292749921475,40016.48,53998.439283,1428738.0,108746935.6540982,13672594272814.0,12.325006118100456,1641.325,1.0221618375000003,50.0,4419.14990234375,4044600000.0,17.700000762939453,6.896300084458735,4.10678627019252,8.02470086119088,4.213318399950893,3.3679705925670387
2021-07-31,2.280254993265092,42206.37,73602.784805,1797012.0,112824945.7411269,13672594272814.0,9.618723326501105,1538.6566265060242,0.9293354096385542,53.0,4395.259765625,3956740000.0,18.239999771118164,2.854152888256268,6.896300084458735,4.10678627019252,4.317331206613991,3.334257937631661
2021-08-01,3.293638572784521,41461.83,44849.791012,1565380.0,112465862.1258896,14319158983942.734,7.738678871146246,1312.3291139240507,0.8155839303797466,60.0,4395.259765625,3956740000.0,18.239999771118164,4.7139292749921475,2.854152888256268,6.896300084458735,4.570403798413426,3.360047990047645
2021-08-02,3.2130469209223653,39845.44,53953.186326,1603964.0,110975800.79118258,14496442856349.0,9.35032486986963,1202.3181818181818,0.772602162337662,60.0,4395.259765625,3956740000.0,18.239999771118164,2.280254993265092,4.7139292749921475,2.854152888256268,4.526790593920988,3.289634924848716
2021-08-03,2.634349287777756,39147.82,50837.351954,1162878.0,103048957.87752669,14496442856349.0,13.71548964853728,1673.2657342657342,1.2678562447552448,48.0,4387.16015625,3724090000.0,19.459999084472656,3.293638572784521,2.280254993265092,4.7139292749921475,4.595680420734309,3.2832907685966437
2021-08-04,2.5149713961113136,38207.05,57117.435853,1379871.0,121785132.03707698,14496442856349.0,9.376618701149669,1456.792899408284,0.9487337218934906,48.0,4423.14990234375,3965190000.0,18.040000915527344,3.2130469209223653,3.293638572784521,2.280254993265092,3.9083012864102358,3.2937010328602367
2021-08-05,4.783935202746873,39723.18,52329.35243,1220555.0,98004603.29610927,14496442856349.0,32.41593333680732,1761.735294117647,1.1794950808823523,42.0,4402.66015625,4260760000.0,17.969999313354492,2.634349287777756,3.2130469209223653,3.293638572784521,3.6979531460652697,3.292999291535069
2021-08-06,5.056908700708935,40862.46,84343.755621,1913281.0,115299533.28954034,14496442856349.0,9.156697997900752,1538.59375,0.9629145312500004,50.0,4429.10009765625,3769410000.0,17.280000686645508,2.5149713961113136,2.634349287777756,3.2130469209223653,3.0720490477299234,3.2380091412805987
2021-08-07,3.3209312067101724,42836.87,75753.941347,2223356.0,114578911.20648073,14496442856349.0,12.62976407664418,1640.314465408805,1.037619540880503,52.0,4436.52001953125,3451870000.0,16.149999618530273,4.783935202746873,2.5149713961113136,2.634349287777756,3.3477322355142958,3.262329613664456
2021-08-08,3.56144526074452,44572.54,73396.740808,2258213.0,120343887.87095772,14496442856349.0,7.545344498135732,1270.8323353293413,0.791597706586826,69.0,4436.52001953125,3451870000.0,16.149999618530273,5.056908700708935,4.783935202746873,2.5149713961113136,3.396729296330979,3.366376850959339
2021-08-09,4.299668888629843,43794.37,69329.092698,1857112.0,113858289.12342106,14496442856349.0,9.764151937231098,1212.8037974683543,0.8049295759493672,74.0,4436.52001953125,3451870000.0,16.149999618530273,3.3209312067101724,5.056908700708935,4.783935202746873,3.5453973268231342,3.357758611824432
2021-08-10,2.985244187591737,46253.4,74587.884845,2130595.0,109534556.62506332,14496442856349.0,15.902155082202682,1662.2368421052631,1.1259523815789474,65.0,4432.35009765625,3449280000.0,16.719999313354492,3.56144526074452,3.3209312067101724,5.056908700708935,3.583655425103134,3.381922509438487
2021-08-11,2.2191525228173616,45584.99,53814.643421,1951330.0,118902643.70483848,14496442856349.0,10.764009031682294,1581.6242424242423,0.9898545696969694,71.0,4436.75,3886610000.0,16.790000915527344,4.299668888629843,3.56144526074452,3.3209312067101724,3.7388871347756303,3.438258274777974
2021-08-12,2.787242300856658,45511.0,52734.901977,1862925.0,105931446.20976518,14496442856349.0,16.814696663249173,1785.2857142857142,1.10884337414966,70.0,4442.41015625,3532560000.0,16.170000076293945,2.985244187591737,4.299668888629843,3.56144526074452,3.789014977606199,3.4588396891882884
2021-08-13,3.5895645579297577,44399.0,55266.108781,1623329.0,108813934.5420037,14496442856349.0,15.287743353546,1661.9933774834435,1.0304098741721857,70.0,4460.830078125,3375310000.0,15.59000015258789,2.2191525228173616,2.985244187591737,4.299668888629843,3.746755138564206,3.4684959067221244
2021-08-14,2.8474150545227817,47800.0,48239.370431,1804716.0,108175319.62792765,15324761487407.408,33.20310096872665,1835.380281690141,1.2439080211267606,70.0,4468.0,3016470000.0,15.449999809265137,2.787242300856658,2.2191525228173616,2.985244187591737,3.4615132954370327,3.460866608820506
2021-08-15,2.5973575900423063,47068.51,46114.359022,1849556.0,126820808.5468918,15556093717703.0,8.320372018644642,1274.841463414634,0.7645612256097561,76.0,4468.0,3016470000.0,15.449999809265137,3.5895645579297577,2.787242300856658,2.2191525228173616,3.251892703611436,3.4607304810692807
2021-08-16,3.2062685973039837,46973.82,42110.711334,1580122.0,140740165.58252627,15556093717703.0,8.414814334217489,1023.2912087912088,0.8235795879120882,71.0,4468.0,3016470000.0,15.449999809265137,2.8474150545227817,3.5895645579297577,2.787242300856658,3.184247539013237,3.4634759639674955
2021-08-17,3.0354532461752086,45901.29,52480.574014,1655378.0,124500915.7076194,15556093717703.0,13.018449220387089,1636.8260869565215,1.1053970124223598,72.0,4479.7099609375,3370640000.0,16.1200008392334,2.5973575900423063,2.8474150545227817,3.5895645579297577,3.046520728912921,3.45047783071225
2021-08-18,2.986054127257389,44695.95,57039.341629,1781303.0,133007189.45161822,15556093717703.0,18.235567560634035,1498.639534883721,1.1411411337209294,72.0,4448.080078125,3836960000.0,17.90999984741211,3.2062685973039837,2.5973575900423063,2.8474150545227817,2.890320687294941,3.4887484074065753
2021-08-19,3.3780380426237766,44705.29,54099.415985,1656723.0,104395177.76725852,15556093717703.0,20.38595253279301,1832.0962962962965,1.2484088740740735,73.0,4400.27001953125,3755590000.0,21.56999969482422,3.0354532461752086,3.2062685973039837,2.5973575900423063,2.8974934099497225,3.50375139151332
2021-08-20,3.0403739348293866,46760.62,53411.75392,1774382.0,119087832.41598378,15556093717703.0,17.97878087536585,1645.7597402597405,1.114092584415584,70.0,4405.7998046875,4398410000.0,21.670000076293945,2.986054127257389,3.0354532461752086,3.2062685973039837,3.0070507820125836,3.520645419136057
2021-08-21,3.2970583063520866,49322.47,56850.352228,1950404.0,123727618.0945286,15556093717703.0,18.28613327665265,1698.98125,1.152746675,70.0,4441.669921875,3652610000.0,18.559999465942383,3.3780380426237766,2.986054127257389,3.0354532461752086,3.0914501736936004,3.5218345594481084
2021-08-22,2.470880449307391,48821.87,46745.136584,2069725.0,131460594.22543664,15556093717703.0,16.643629029509924,1290.629411764706,0.8427393705882353,78.0,4441.669921875,3652610000.0,18.559999465942383,3.0403739348293866,3.3780380426237766,2.986054127257389,3.012994370393547,3.489754185175214
2021-08-23,1.8832332210140665,49239.22,37007.887795,1610192.0,126820808.5468918,15556093717703.0,10.484626238549874,1162.3841463414635,0.8382142499999998,76.0,4441.669921875,3652610000.0,18.559999465942383,3.2970583063520866,3.0403739348293866,3.3780380426237766,3.0772291206548767,3.528787353999797
2021-08-24,2.661556974745394,49488.85,52462.541954,2143309.0,152339629.77888831,15556093717703.0,6.964270692243102,1374.2944162436547,0.9285368984771571,79.0,4479.52978515625,3576530000.0,17.149999618530273,2.470880449307391,3.2970583063520866,3.0403739348293866,3.0591609576927463,3.5130693312301733
2021-08-25,3.2439114713001795,47674.01,51014.594748,1692896.0,119087832.41598378,15556093717703.0,18.953611519527385,1714.1818181818182,1.1354540064935068,79.0,4486.22998046875,3979220000.0,17.219999313354492,1.8832332210140665,2.470880449307391,3.2970583063520866,2.8701559039370435,3.4896588577735703
2021-08-26,3.128649802158371,48973.32,44655.830342,1559186.0,130687447.2547367,16431142929372.8,9.754645613940497,1643.80625,0.9601314625000004,73.0,4496.18994140625,3444700000.0,16.790000915527344,2.661556974745394,1.8832332210140665,2.470880449307391,2.8167421508756414,3.4846637640953744
2021-08-27,2.770105617361599,46843.87,49371.277774,1532753.0,127844614.11993945,17615033039279.0,9.442257252342934,1771.164383561644,1.0190372054794523,75.0,4470.0,3263980000.0,18.84000015258789,3.2439114713001795,2.661556974745394,1.8832332210140665,2.853578914310326,3.3253041177656844
2021-08-28,1.436089676148411,49069.9,42068.104965,1320503.0,127844614.11993945,17615033039279.0,18.78656639730755,1758.9931506849316,1.0255255342465757,71.0,4509.3701171875,3331200000.0,16.389999389648438,3.128649802158371,3.2439114713001795,2.661556974745394,2.8179520228152684,3.292699568831212
2021-08-29,2.6965423119443326,48895.35,26681.063786,793012.0,123466373.91035248,17615033039279.0,12.096968846057662,1548.0,0.9332373971631212,78.0,4509.3701171875,3331200000.0,16.389999389648438,2.770105617361599,3.128649802158371,3.2439114713001795,2.779342263177013,3.1551597532613083
2021-08-30,2.828664909188543,48767.83,32652.283473,1193046.0,136601094.53911337,17615033039279.0,7.910971944988403,1228.525641025641,0.8494015705128208,72.0,4509.3701171875,3331200000.0,16.389999389648438,1.436089676148411,2.770105617361599,3.128649802158371,2.513489601719345,3.1078909795243796
2021-08-31,2.8086796639597584,46982.91,40288.35083,1204012.0,118212485.65884812,17615033039279.0,14.730241559068896,1858.9259259259256,1.1784164074074073,73.0,4528.7900390625,3168660000.0,16.190000534057617,2.6965423119443326,1.436089676148411,2.770105617361599,2.545727010667479,3.040644747422786
2021-09-01,3.022522064221633,47100.89,48645.52737,1300400.0,126093318.03610466,17615033039279.0,34.27671121293891,1883.076388888889,1.1419137013888885,73.0,4522.68017578125,4290710000.0,16.479999542236328,2.828664909188543,2.6965423119443326,1.436089676148411,2.68078868040669,3.0589250779535675
2021-09-02,2.890920891997487,48810.52,49904.65528,1280384.0,119963781.7426829,17615033039279.0,50.99091014518603,2050.109489051095,1.2568720291970807,71.0,4524.08984375,4057340000.0,16.110000610351562,2.8086796639597584,2.828664909188543,2.6965423119443326,2.701806207437314,3.042759780992742
2021-09-03,3.1814210057332577,49246.64,54410.770538,1549849.0,130471558.2456916,17615033039279.0,32.12784781718024,1945.6375838926172,1.2581258120805374,74.0,4536.9501953125,3735990000.0,16.40999984741211,3.022522064221633,2.8086796639597584,2.828664909188543,2.6701791492832356,3.0364089524360507
2021-09-04,2.1730332853436507,49999.14,59025.644157,1645163.0,129595910.20377424,17615033039279.0,24.85106314140145,1918.858108108108,1.2684944999999996,74.0,4535.43017578125,3217530000.0,16.40999984741211,2.890920891997487,3.022522064221633,2.8086796639597584,2.636217876403109,3.044961339243375
2021-09-05,2.4564856718325485,49915.64,34664.65959,1225830.0,135725446.49719596,17615033039279.0,7.599507257109872,1469.2387096774194,0.8860538580645164,72.0,4535.43017578125,3217530000.0,16.40999984741211,3.1814210057332577,2.890920891997487,3.022522064221633,2.6949772175990603,3.0671763262307734
2021-09-06,1.607526242904653,51756.88,40544.835873,1417660.0,143606278.8744525,17615033039279.0,9.814757126881492,1250.4024390243903,0.8120517560975612,73.0,4535.43017578125,3217530000.0,16.40999984741211,2.1730332853436507,3.1814210057332577,2.890920891997487,2.800254876055523,2.9801462623173327
2021-09-07,7.724489834230037,52663.9,49249.667081,1678015.0,150611463.20979166,17615033039279.0,15.4024222757215,1563.2383720930231,1.0879010000000002,79.0,4535.43017578125,3217530000.0,16.40999984741211,2.4564856718325485,2.1730332853436507,3.1814210057332577,2.765961070325268,2.89346549468812
2021-09-08,4.193013194831163,46863.73,123048.802719,3321711.0,133974150.4133612,17615033039279.0,22.101981208905567,1808.0,1.140718496732026,79.0,4520.02978515625,3822960000.0,18.139999389648438,1.607526242904653,2.4564856718325485,2.1730332853436507,2.59151268942757,2.836351995894603
2021-09-09,2.23504753463906,46048.31,65069.3152,1796101.0,129910433.67934506,18403887482923.09,30.891734452777197,1904.8098591549297,1.1255606971830985,47.0,4514.06982421875,3750880000.0,17.959999084472656,7.724489834230037,1.607526242904653,2.4564856718325485,3.293771285180467,2.9751201483441196
2021-09-10,3.075973769935353,46395.14,50651.66002,1567586.0,125412870.36132078,18415156832118.0,26.713990966788906,2002.802919708029,1.1926854306569343,45.0,4493.27978515625,3735390000.0,18.799999237060547,4.193013194831163,7.724489834230037,1.607526242904653,3.4609843038389707,2.97156495855083
2021-09-11,1.8996008468489625,44850.91,49048.26618,1569941.0,124497447.94992428,18415156832118.0,18.3962663863038,1921.845588235294,1.1944763602941166,46.0,4458.580078125,3623180000.0,20.950000762939453,2.23504753463906,4.193013194831163,7.724489834230037,3.367288109930624,2.946558403452408
2021-09-12,3.0756170091230812,45173.69,30440.4081,1060890.0,135482516.8866823,18415156832118.0,19.93199144288717,1475.9797297297298,1.0829645540540538,31.0,4458.580078125,3623180000.0,20.950000762939453,3.075973769935353,2.23504753463906,4.193013194831163,3.3522242191023524,2.975119111689674
2021-09-13,6.568924538805016,46025.24,32094.28052,1179808.0,134567094.4752858,18415156832118.0,9.303310439553345,1310.8231292517007,0.8351191088435373,32.0,4458.580078125,3623180000.0,20.950000762939453,1.8996008468489625,3.075973769935353,2.23504753463906,3.31316244217454,2.9455310632227514
2021-09-14,2.4795444124997283,44940.73,65429.15056,1703512.0,145552163.4120438,18415156832118.0,24.76488831353787,1609.874213836478,1.0503387672955975,44.0,4468.72998046875,3914220000.0,19.3700008392334,3.0756170091230812,1.8996008468489625,3.075973769935353,3.401609776073187,2.9283994782625284
2021-09-15,2.0195836897275763,47111.52,44855.85099,1210258.0,153790965.11461234,18415156832118.0,18.61633249851987,1595.9940476190477,1.0378767321428573,30.0,4443.0498046875,3670460000.0,19.459999084472656,6.568924538805016,3.0756170091230812,1.8996008468489625,4.110380961201811,3.0524497944052693
2021-09-16,3.021201857010227,48121.41,43204.71174,1176050.0,129989982.41830328,18415156832118.0,19.55003499270549,1894.06338028169,1.3316786619718306,49.0,4480.7001953125,4032020000.0,18.18000030517578,2.4795444124997283,6.568924538805016,3.0756170091230812,3.3611030438117666,3.0485226884871834
2021-09-17,2.7184472968277884,47737.82,40725.08895,1176129.0,124497447.94992428,18415156832118.0,43.08548386908629,1994.2867647058824,1.5063900955882354,53.0,4473.75,3984560000.0,18.690000534057617,2.0195836897275763,2.4795444124997283,6.568924538805016,3.0506131145112536,3.008966524901304
2021-09-18,1.7883904619324118,47299.98,34461.92776,1033968.0,134567094.4752858,18415156832118.0,29.06671762185448,1843.809523809524,1.2240065986394555,48.0,4432.990234375,7289530000.0,20.809999465942383,3.021201857010227,2.0195836897275763,2.4795444124997283,3.1629208748499917,3.0084914785958046
2021-09-19,2.4465416766443324,48292.74,30906.47038,976346.0,141890473.7664578,18415156832118.0,10.668955594014106,1468.7806451612903,0.955009993548387,50.0,4432.990234375,7289530000.0,20.809999465942383,2.7184472968277884,3.021201857010227,2.0195836897275763,3.1118456644060544,2.999571250914818
2021-09-20,4.8250047171034955,47241.75,29847.24349,909785.0,146467585.8234403,18415156832118.0,7.258482745005462,1253.225,0.7703830312499999,53.0,4432.990234375,7289530000.0,20.809999465942383,1.7883904619324118,2.7184472968277884,3.021201857010227,3.095958466560833,2.946582998225105
2021-09-21,6.654970827543137,43015.62,78003.524443,1842231.0,150129275.4690263,18415156832118.0,18.254073835136357,1647.7621951219512,1.214339067073171,50.0,4357.72998046875,4898070000.0,25.709999084472656,2.4465416766443324,1.7883904619324118,2.7184472968277884,3.006090561921011,2.9267885896189365
2021-09-22,4.125280049521566,40734.38,84534.080485,1820721.0,113928907.4435182,18632996500113.82,22.886840150597312,1988.357723577236,1.220175536585366,27.0,4354.18994140625,3920920000.0,24.360000610351562,4.8250047171034955,2.4465416766443324,1.7883904619324118,2.7569591588207945,2.9777201366439834
2021-09-23,3.530753893274026,43543.61,58349.05542,1304011.0,126546633.84005068,18997641161759.0,36.34376666749041,2053.992537313433,1.2345030895522386,21.0,4395.64013671875,3939170000.0,20.8700008392334,6.654970827543137,4.8250047171034955,2.4465416766443324,3.3534486466841384,3.1171898159185085
2021-09-24,6.361711204039374,44865.26,48699.57655,1196106.0,155822347.6388684,18997641161759.0,11.17608420327866,1628.418181818182,1.0165784606060606,27.0,4448.97998046875,3916350000.0,18.6299991607666,4.125280049521566,6.654970827543137,4.8250047171034955,3.6542624123689937,3.191924710202092
2021-09-25,2.0947525799777504,42810.57,84113.426292,1819744.0,139767923.94274256,18997641161759.0,13.571897794180448,1875.4391891891887,1.205603175675676,33.0,4455.47998046875,3384290000.0,17.75,3.530753893274026,4.125280049521566,6.654970827543137,3.7270555604066793,3.2208979408197127
2021-09-26,4.947267694921831,42670.64,33594.57189,949787.0,135990412.4848306,18997641161759.0,18.3937482392302,1476.2152777777778,0.8404593402777775,28.0,4455.47998046875,3384290000.0,17.75,6.361711204039374,3.530753893274026,4.125280049521566,4.247521832865478,3.324824598577686
2021-09-27,3.6586254831436196,43160.9,49879.99765,1374145.0,131268523.16244064,18997641161759.0,9.238376614593072,1406.9064748201438,0.9146582446043168,27.0,4455.47998046875,3384290000.0,17.75,2.0947525799777504,6.361711204039374,3.530753893274026,4.291287849729097,3.2903613578383326
2021-09-28,2.69408560744129,42147.35,39776.84383,1001487.0,146378568.99408844,18997641161759.0,10.879435390192814,1650.7935483870967,1.051818432258064,26.0,4443.10986328125,4058650000.0,18.760000228881836,4.947267694921831,2.0947525799777504,6.361711204039374,4.64853442376874,3.3629334270903395
2021-09-29,2.7302128084201853,41026.54,43372.2624,1045389.0,143545435.4006545,18997641161759.0,16.509569504243146,1725.6052631578948,1.1844019605263156,25.0,4352.6298828125,4416550000.0,23.25,3.6586254831436196,4.947267694921831,2.0947525799777504,4.481908818917328,3.4370179539901797
2021-09-30,3.848566421844213,41524.28,33511.53487,884909.0,122769122.38213871,18997641161759.0,31.684514563402,1861.4692307692308,1.1511185461538471,24.0,4359.4599609375,3712660000.0,22.559999465942383,2.69408560744129,3.6586254831436196,4.947267694921831,3.916068073188494,3.4369360638400788
2021-10-01,5.515700950308489,43824.1,46381.22781,1197815.0,161488614.82573634,18997641161759.0,22.0468778413737,1713.8830409356726,1.2539551754385967,20.0,4307.5400390625,4448140000.0,23.139999389648438,2.7302128084201853,2.69408560744129,3.6586254831436196,3.7167727530311536,3.4336543271477997
2021-10-02,1.7890015466853475,48141.61,66244.87492,1771237.0,132212901.0269186,18997641161759.0,19.86002233321453,1978.8714285714289,1.237001442857143,27.0,4357.0400390625,4010370000.0,21.100000381469727,3.848566421844213,2.7302128084201853,2.69408560744129,3.762174542826895,3.468317219077282
2021-10-03,2.796120751216116,47634.9,30508.98131,996116.0,177543038.52186212,18997641161759.0,42.79770305273087,1382.771276595745,0.9429064361702132,54.0,4357.0400390625,4010370000.0,21.100000381469727,5.515700950308489,3.848566421844213,2.7302128084201853,3.6413159351510545,3.551423181946844
2021-10-04,3.2690988065449686,48200.01,30825.05601,1114294.0,141656679.6716985,18997641161759.0,12.464759143884438,1454.08,0.9103214000000006,49.0,4357.0400390625,4010370000.0,21.100000381469727,1.7890015466853475,5.515700950308489,3.848566421844213,3.5976372161092827,3.5146925371031057
2021-10-05,2.667091112011833,49224.94,46796.49372,1437692.0,147411968.39584854,19009120698769.46,15.87027671448047,1724.070512820513,1.167222923076923,54.0,4300.4599609375,4307870000.0,22.959999084472656,2.796120751216116,1.7890015466853475,5.515700950308489,3.290330509865609,3.501849195285868
2021-10-06,4.476759087963755,51471.99,52125.66793,1641651.0,162177735.83152118,19893045048575.0,27.06547148985033,1905.719512195122,1.274705579268293,59.0,4345.72021484375,3902890000.0,21.299999237060547,3.2690988065449686,2.796120751216116,1.7890015466853475,3.234683841780087,3.5383847126592447
2021-10-07,2.923904098701449,55315.0,79877.545181,2443126.0,129544410.9385932,19893045048575.0,18.981546237971763,2043.8854961832064,1.1967025877862592,68.0,4363.5498046875,4009630000.0,21.0,2.667091112011833,3.2690988065449686,2.796120751216116,3.2308274852901646,3.545404893998554
2021-10-08,3.538408184434812,53785.22,54917.37766,1703147.0,139433297.2697835,19893045048575.0,146.5232939168086,2311.1702127659573,1.4300953475177307,76.0,4399.759765625,3843740000.0,19.540000915527344,4.476759087963755,2.667091112011833,3.2690988065449686,3.480334096653532,3.6410459888338575
2021-10-09,1.635085462443326,53951.43,46160.25785,1548832.0,118666635.97428384,19893045048575.0,114.89612486218051,2333.5666666666666,1.4604280583333338,74.0,4391.33984375,3280160000.0,18.770000457763672,2.923904098701449,4.476759087963755,2.667091112011833,3.348239479061708,3.4810264643162383
2021-10-10,2.7751237598285785,54949.72,55177.08013,1609483.0,148333294.9678548,19893045048575.0,56.58146446313175,1641.26,1.2898361066666668,72.0,4391.33984375,3280160000.0,18.770000457763672,3.538408184434812,2.923904098701449,4.476759087963755,3.065769083936897,3.4592062973030266
2021-10-11,2.585958941571187,54659.0,89237.836128,2427176.0,157233292.66592607,19893045048575.0,9.543869394469803,1330.2264150943397,0.8816028679245281,71.0,4391.33984375,3280160000.0,18.770000457763672,1.635085462443326,3.538408184434812,2.923904098701449,3.043781071902323,3.439207561563168
2021-10-12,2.855833869096679,57471.35,52933.165751,1690409.0,144377740.43537864,19893045048575.0,37.92222216266324,1919.0684931506848,1.266067712328767,71.0,4361.18994140625,3281970000.0,20.0,2.7751237598285785,1.635085462443326,3.538408184434812,3.040781501704103,3.429179227892943
2021-10-13,3.8566200980676877,55996.93,53471.2855,1554412.0,132511076.83795026,19893045048575.0,28.367587739974493,2045.9328358208957,1.3126619999999998,78.0,4350.64990234375,3558450000.0,19.850000381469727,2.585958941571187,2.7751237598285785,1.635085462443326,2.9431900924221344,3.45205783105035
2021-10-14,2.4023616331581503,57367.0,55808.44492,1610489.0,167122178.99711636,19893045048575.0,24.69077666990289,1709.5621301775147,1.107308355029586,70.0,4363.7998046875,3620070000.0,18.639999389648438,2.855833869096679,2.585958941571187,2.7751237598285785,2.970153343434255,3.4447317263828037
2021-10-15,5.284356443147389,57347.94,43053.336781,1372048.0,135477742.7373074,19893045048575.0,28.44400083541577,2061.189781021898,1.339773649635036,70.0,4438.259765625,3598280000.0,16.860000610351562,3.8566200980676877,2.855833869096679,2.585958941571187,2.8815620591633886,3.354321578358226
2021-10-16,2.279244414946574,61672.42,82512.908022,2649137.0,139433297.2697835,19893045048575.0,26.45834318005189,2111.673758865248,1.2966171914893625,71.0,4471.3701171875,3819380000.0,16.299999237060547,2.4023616331581503,3.8566200980676877,2.855833869096679,2.807055992657203,3.35174881904684
2021-10-17,3.4431073569078507,60875.57,35467.88096,1360379.0,131522188.20483124,19893045048575.0,60.12977248361794,2030.4661654135336,1.2955334060150374,78.0,4471.3701171875,3819380000.0,16.299999237060547,5.284356443147389,2.4023616331581503,3.8566200980676877,3.0564771724732855,3.460574577494167
2021-10-18,3.1931127414532363,61528.33,39099.24124,1331655.0,158222181.29904512,19893045048575.0,9.315967835745164,1349.26875,0.9033513624999998,79.0,4471.3701171875,3819380000.0,16.299999237060547,2.279244414946574,5.284356443147389,2.4023616331581503,3.148499879973749,3.4358426627587115
2021-10-19,2.5446823759864188,62009.84,51798.44844,1629184.0,146534419.32302314,19917361849675.438,16.348338100499618,1928.162162162162,1.212650628378379,78.0,4486.4599609375,3662010000.0,16.309999465942383,3.4431073569078507,2.279244414946574,5.284356443147389,3.2439261081279307,3.459997998094714
2021-10-20,3.21292439084129,64280.59,53628.107744,1755708.0,154737198.72913387,20082460130831.0,27.08049469226333,2013.0193548387097,1.3027479612903223,75.0,4519.6298828125,3459130000.0,15.699999809265137,3.1931127414532363,3.4431073569078507,2.279244414946574,3.3306623652539384,3.5068220740787415
2021-10-21,3.335723782449022,66001.41,51428.934856,1823286.0,148747371.68155453,20082460130831.0,20.686284102517963,1958.476510067114,1.1791386644295303,82.0,4536.18994140625,3670760000.0,15.489999771118164,2.5446823759864188,3.1931127414532363,3.4431073569078507,3.2862121519524723,3.5100934307234777
2021-10-22,3.727914527260391,62193.15,68538.64537,2181665.0,147749067.17362463,20082460130831.0,86.84438322214169,2167.1824324324325,1.5127835810810817,84.0,4549.77978515625,3822330000.0,15.010000228881836,3.21292439084129,2.5446823759864188,3.1931127414532363,3.1942556223487015,3.4563574198480707
2021-10-23,3.0620001823416674,60688.22,52119.35886,1555280.0,157732112.25292358,20082460130831.0,16.43436682172951,1819.9367088607596,1.1681894810126583,75.0,4544.89990234375,3758220000.0,15.430000305175781,3.335723782449022,3.21292439084129,2.5446823759864188,3.3275930722473968,3.345715851678267
2021-10-24,2.26446834214053,61286.75,27626.93678,982103.0,144754153.64983496,20082460130831.0,10.253970757843312,1544.4206896551725,1.0513427724137931,74.0,4544.89990234375,3758220000.0,15.430000305175781,3.727914527260391,3.335723782449022,3.21292439084129,3.105244227120683,3.332470334269561
2021-10-25,2.5067209085738926,60852.22,31226.57676,1052085.0,152740589.71327412,20082460130831.0,9.201906547206226,1380.5228758169935,0.8392702941176471,73.0,4544.89990234375,3758220000.0,15.430000305175781,3.0620001823416674,3.727914527260391,3.335723782449022,3.217066479605696,3.316845210571816
2021-10-26,3.050657391985771,63078.78,36853.83806,1270453.0,181691420.4432411,20082460130831.0,10.515106914278515,1564.175824175824,1.1017196868131869,72.0,4566.47998046875,3899400000.0,15.239999771118164,2.26446834214053,3.0620001823416674,3.727914527260391,3.0486894774960795,3.180270448508521
2021-10-27,2.6926507034662186,60328.81,40217.50083,1334460.0,149745676.18948442,20082460130831.0,19.400716051543327,1960.1933333333332,1.21337114,76.0,4574.7900390625,3879740000.0,15.979999542236328,2.5067209085738926,2.26446834214053,3.0620001823416674,2.9506335013704588,3.1940027261283928
2021-10-28,4.252683910169099,58413.44,62124.49016,1913083.0,156733807.7449937,20082460130831.0,14.49974372421966,1860.5987261146497,1.1074765286624202,73.0,4551.68017578125,4226050000.0,16.979999542236328,3.050657391985771,2.5067209085738926,2.26446834214053,3.022915646513223,3.130782382697191
2021-10-29,3.1239259164056064,60575.89,61056.35301,1878275.0,152740589.71327412,20082460130831.0,14.946783800134712,1931.751633986928,1.2503326666666663,66.0,4596.419921875,4132950000.0,16.530000686645508,2.6926507034662186,3.050657391985771,2.5067209085738926,2.9485908340310703,3.0985832233746105
2021-10-30,1.6571359911243377,62253.71,43973.90414,1417344.0,170710070.85601223,20082460130831.0,14.91295956323894,1787.9122807017543,1.067304087719298,70.0,4605.3798828125,4510200000.0,16.260000228881836,4.252683910169099,2.6926507034662186,3.050657391985771,3.0795851379910815,3.1505365001322043
2021-10-31,1.9926904897055298,61859.19,31478.12566,1197748.0,154737198.72913387,20082460130831.0,11.727510071228796,1626.2,0.9866771935483872,73.0,4605.3798828125,4510200000.0,16.260000228881836,3.1239259164056064,4.252683910169099,2.6926507034662186,2.9933010507261124,3.163660270398385
2021-11-01,4.010605862002046,61299.8,39267.63794,1563417.0,140175299.14944655,20286661027549.07,11.620853520404028,1564.2805755395684,1.1186222733812945,74.0,4605.3798828125,4510200000.0,16.260000228881836,1.6571359911243377,3.1239259164056064,4.252683910169099,2.792606166266494,3.0906125893743894
2021-11-02,3.2885949034812354,60911.11,44687.66672,1472636.0,159350397.00608382,21659344833265.0,23.950074292958405,1981.6351351351352,1.3150842770270277,74.0,4613.669921875,3971540000.0,16.40999984741211,1.9926904897055298,1.6571359911243377,3.1239259164056064,2.7537807587757794,2.9731789073542902
2021-11-03,2.7722698652595974,63219.99,46368.2841,1858362.0,170117315.72271112,21659344833265.0,29.226205375666684,1882.2911392405065,1.2504379936708858,73.0,4630.64990234375,3975250000.0,16.030000686645508,4.010605862002046,1.9926904897055298,1.6571359911243377,2.9686214664083725,3.0472323845315135
2021-11-04,2.547370999603483,62896.48,43336.09049,1601925.0,173347391.33769932,21659344833265.0,13.908851963336106,1793.4534161490683,1.179844459627329,76.0,4660.56982421875,4319660000.0,15.100000381469727,3.2885949034812354,4.010605862002046,1.9926904897055298,3.0026125394791534,3.0636481896070173
2021-11-05,2.6297335543972977,61395.01,35930.93314,1346081.0,153966937.6477702,21659344833265.0,32.849127089435626,2021.9650349650349,1.3076002867132872,73.0,4680.06005859375,4462300000.0,15.4399995803833,2.7722698652595974,3.2885949034812354,4.010605862002046,3.0139867054496357,3.0470872248975054
2021-11-06,1.6637546373598848,60937.12,31604.48749,1243074.0,166887240.1077229,21659344833265.0,20.382490429586426,1844.8129032258064,1.2439429612903217,73.0,4697.52978515625,4467180000.0,16.479999542236328,2.547370999603483,2.7722698652595974,3.2885949034812354,2.7703705753688332,3.043096554483894
2021-11-07,1.6617400355567882,61470.61,25590.57408,965309.0,165810548.2360602,21659344833265.0,8.030486907375714,1533.9805194805194,0.9210429545454544,71.0,4697.52978515625,4467180000.0,16.479999542236328,2.6297335543972977,2.547370999603483,2.7722698652595974,2.699771666510504,2.9815290366983453
2021-11-08,3.821564837113279,63273.59,25515.6883,1068629.0,164733856.36439747,21659344833265.0,9.565397832835464,1477.9607843137255,0.9924809934640524,73.0,4697.52978515625,4467180000.0,16.479999542236328,1.6637546373598848,2.6297335543972977,2.547370999603483,2.7007171874012963,2.939524054653626
2021-11-09,2.6741184867930627,67525.83,54442.094554,2349581.0,145353402.67446837,21659344833265.0,19.067224102898845,2117.0814814814817,1.2731532074074072,75.0,4701.7001953125,4269710000.0,17.219999313354492,1.6617400355567882,1.6637546373598848,2.6297335543972977,2.653438551094333,2.8769684496910255
2021-11-10,4.5630129525097685,66947.66,44661.378068,1847655.0,163657164.49273473,21659344833265.0,85.04673168284283,2206.6513157894738,1.473930407894737,84.0,4685.25,4117080000.0,17.780000686645508,3.821564837113279,1.6617400355567882,1.6637546373598848,2.626432690395938,2.9498510955133574
2021-11-11,1.8025606202677367,64882.43,65171.504046,2347934.0,160427088.87774655,21659344833265.0,59.80485848085861,2020.3020134228188,1.3629159463087253,75.0,4646.7099609375,4503720000.0,18.729999542236328,2.6741184867930627,3.821564837113279,1.6617400355567882,2.53865034515477,2.94648425307884
2021-11-12,2.4813724937038097,64774.26,37237.98058,1327827.0,170117315.72271112,21659344833265.0,34.54931309620372,1858.639240506329,1.2304312025316455,77.0,4649.27001953125,3926870000.0,17.65999984741211,4.5630129525097685,2.6741184867930627,3.821564837113279,2.794470786190509,3.0123860534434597
2021-11-13,2.4672070098613235,64122.23,44490.10816,1479149.0,152890245.77610743,21659344833265.0,19.36935099901454,1986.2605633802816,1.2621017887323949,74.0,4682.85009765625,3728600000.0,16.290000915527344,1.8025606202677367,4.5630129525097685,2.6741184867930627,2.68806930342826,2.9772769451491614
2021-11-14,2.3295314596897447,64380.0,22504.97383,904149.0,164733856.36439747,21659344833265.0,9.902786252357703,1559.6993464052289,0.9687511372549014,72.0,4682.85009765625,3728600000.0,16.290000915527344,2.4813724937038097,1.8025606202677367,4.5630129525097685,2.666874866186333,2.931435358337032
2021-11-15,1.999191667314703,65519.1,25705.07347,951393.0,175094161.92837763,22434990744236.72,7.780345044286605,1426.8535031847134,0.8807973885350316,74.0,4682.85009765625,3728600000.0,16.290000915527344,2.4672070098613235,2.4813724937038097,1.8025606202677367,2.7816537765436813,2.933596870893805
2021-11-16,3.7725036895585013,63606.74,37829.37124,1305209.0,170197841.36837798,22674148233453.0,16.590395895877236,1910.1655629139077,1.3503540198675492,72.0,4682.7998046875,3488410000.0,16.489999771118164,2.3295314596897447,2.4672070098613235,2.4813724937038097,2.8770525514198177,2.8351027047785498
2021-11-17,3.7392062781514435,60058.87,77455.15609,2353681.0,169070703.34607086,22674148233453.0,19.17246386569594,2007.3533333333328,1.2594832133333336,71.0,4700.89990234375,3972640000.0,16.3700008392334,1.999191667314703,2.3295314596897447,2.4672070098613235,2.6167135271628785,2.8257676131908207
2021-11-18,3.5630087409778044,60344.87,46289.38491,1471305.0,167943565.3237637,22674148233453.0,17.13557345916644,1948.9261744966443,1.3721297986577192,52.0,4688.669921875,3969070000.0,17.110000610351562,3.7725036895585013,1.999191667314703,2.3295314596897447,2.7736256989865127,2.836747490945842
2021-11-19,3.3773797508392986,56891.62,62146.99931,1960419.0,162307875.21222803,22674148233453.0,18.28675583155772,2040.743055555556,1.2678713680555558,54.0,4704.5400390625,4226410000.0,17.59000015258789,3.7392062781514435,3.7725036895585013,1.999191667314703,2.6559390312210374,2.8549506088357828
2021-11-20,3.200897320491971,58052.24,50715.88726,1560459.0,154417909.05607805,22674148233453.0,20.799356270118963,2078.2408759124087,1.2758372335766426,34.0,4697.9599609375,4253180000.0,17.90999984741211,3.5630087409778044,3.7392062781514435,3.7725036895585013,2.9074316198939036,2.8888948210021623
2021-11-21,2.423246380452286,59707.51,33811.5901,1200190.0,163435013.23453516,22674148233453.0,18.693389242370905,1721.7379310344827,1.049318048275862,43.0,4697.9599609375,4253180000.0,17.90999984741211,3.3773797508392986,3.5630087409778044,3.7392062781514435,3.0354326566275454,2.8943766663354293
2021-11-22,4.341897161113132,58622.02,31902.22785,1249219.0,148782218.94454235,22674148233453.0,17.359665886809257,1689.0075757575758,1.1239917878787882,49.0,4697.9599609375,4253180000.0,17.90999984741211,3.200897320491971,3.3773797508392986,3.5630087409778044,3.1402455581462094,2.889882450936861
2021-11-23,3.046916379837979,56247.18,51724.32047,1624768.0,158926461.1453066,22674148233453.0,17.65264857319701,1979.893617021277,1.1951970070921982,50.0,4682.93994140625,4441100000.0,19.170000076293945,2.423246380452286,3.200897320491971,3.3773797508392986,3.15363340396943,2.846393512709924
2021-11-24,2.627623044177205,57541.27,49917.85017,1570845.0,148782218.94454235,22674148233453.0,15.852938492209384,2146.9772727272725,1.183716757575758,33.0,4690.7001953125,4277590000.0,19.3799991607666,4.341897161113132,2.423246380452286,3.200897320491971,3.4883056173692055,2.8890567453356395
2021-11-25,2.48632630607795,57138.29,39612.04964,1432991.0,176960669.50222084,22674148233453.0,20.377604979579075,1903.87898089172,1.245540707006369,42.0,4701.4599609375,3418430000.0,18.579999923706055,3.046916379837979,4.341897161113132,2.423246380452286,3.3846502874091304,2.915138346592221
2021-11-26,4.2878758057860855,58960.36,42153.51522,1604266.0,146527942.89992806,22674148233453.0,29.698362050624446,2211.507692307692,1.2444485769230769,32.0,4701.4599609375,3418430000.0,18.579999923706055,2.627623044177205,3.046916379837979,4.341897161113132,3.225852682555668,2.919168417778998
2021-11-27,2.459689674872741,53726.53,65927.87066,2138184.0,148782218.94454235,22674148233453.0,36.22279747283126,2217.007575757576,1.342729242424242,47.0,4594.6201171875,3517700000.0,28.6200008392334,2.48632630607795,2.627623044177205,3.046916379837979,3.072040906141403,2.9003573815820705
2021-11-28,3.846755737896569,54721.03,29716.99957,1110145.0,161180737.1899209,22674148233453.0,10.112263087141429,1683.629370629371,0.9227502447552448,21.0,4594.6201171875,3517700000.0,28.6200008392334,4.2878758057860855,2.48632630607795,2.627623044177205,3.202111771133801,2.9535315516594
2021-11-29,3.10458344674712,57274.88,36163.7137,1253408.0,155225116.619112,22464723406485.65,10.354652189229848,1537.8992805755397,0.9679079568345328,27.0,4594.6201171875,3517700000.0,28.6200008392334,2.459689674872741,4.2878758057860855,2.48632630607795,3.0962249646167685,2.893765077149521
2021-11-30,4.084600341880626,57776.25,40125.28009,1349625.0,158774565.17985132,22335659268936.0,17.52308334417888,2106.972027972028,1.2171801048951043,33.0,4655.27001953125,4336410000.0,22.959999084472656,3.846755737896569,2.459689674872741,4.2878758057860855,3.299583444251666,2.9178594045325537
2021-12-01,3.1583886419201996,56950.56,49161.05194,1587472.0,148781760.37832215,22335659268936.0,19.664639510859704,2193.10447761194,1.2441733059701492,40.0,4567.0,6625990000.0,27.190000534057617,3.10458344674712,3.846755737896569,2.459689674872741,3.1228243421993787,2.9661076530533124
2021-12-02,2.6615777977784845,57184.07,44956.63656,1442301.0,152112695.31216523,22335659268936.0,41.92713614179503,2105.2700729927005,1.4064161167883211,34.0,4513.0400390625,5366730000.0,31.1200008392334,4.084600341880626,3.10458344674712,3.846755737896569,3.2710649082054712,3.035837981459149
2021-12-03,3.1743310715918445,56480.34,37574.05976,1307890.0,172098304.91522342,22335659268936.0,118.69997469418684,2021.0387096774195,1.5009869096774198,32.0,4577.10009765625,5077180000.0,27.950000762939453,3.1583886419201996,4.084600341880626,3.10458344674712,3.346888565025899,3.007430740789754
2021-12-04,7.849148938608892,53601.05,58927.69027,1865063.0,186532356.29520997,22335659268936.0,33.93388987463481,1727.017857142857,1.0852969583333336,31.0,4538.43017578125,5240070000.0,30.670000076293945,2.6615777977784845,3.1583886419201996,4.084600341880626,3.3719244924116896,2.9865301705996625
2021-12-05,3.511059476560594,49152.47,114203.373748,3362771.0,172098304.91522342,22335659268936.0,10.530998617320746,1636.6064516129031,1.0918122903225806,25.0,4538.43017578125,5240070000.0,30.670000076293945,3.1743310715918445,2.6615777977784845,3.1583886419201996,3.2128466732410836,2.9999322108107376
2021-12-06,4.807767036637094,49396.33,45580.82012,1371839.0,184311733.00598127,22335659268936.0,28.940246370548618,1296.4638554216867,1.2225265542168682,18.0,4538.43017578125,5240070000.0,30.670000076293945,7.849148938608892,3.1743310715918445,2.6615777977784845,3.9827694252033905,3.1766581421109175
2021-12-07,2.563785505167006,50441.92,58571.21575,1741956.0,190973602.87366727,22335659268936.0,8.378765852590776,1653.8779069767445,1.0961228604651163,16.0,4591.669921875,4770800000.0,27.18000030517578,3.511059476560594,7.849148938608892,3.1743310715918445,3.934812816441109,3.206035672849694
2021-12-08,4.242131273899873,50588.95,38253.46877,1212350.0,170987993.2706091,22335659268936.0,10.909590087570026,1872.357142857143,1.207005727272727,25.0,4686.75,4492400000.0,21.889999389648438,4.807767036637094,3.511059476560594,7.849148938608892,4.178124757853962,3.3108360861589348
2021-12-09,2.9992791256615066,50471.19,38425.92466,1118225.0,186532356.29520997,22335659268936.0,11.053347657941712,1583.9880952380952,0.9516034523809525,28.0,4701.2099609375,4234600000.0,19.899999618530273,2.563785505167006,4.807767036637094,3.511059476560594,3.9608654954663023,3.3409042684792754
2021-12-10,4.3463082727949205,47545.59,37692.68665,1130599.0,180980798.07213816,22335659268936.0,53.48563947257954,1734.8159509202453,1.329413398773006,29.0,4667.4501953125,3903840000.0,21.579999923706055,4.242131273899873,2.563785505167006,4.807767036637094,4.115685871463398,3.354923149705495
2021-12-11,2.6802439391487543,47140.54,44233.57391,1215231.0,173208616.55983782,22335659268936.0,16.261015059024942,1739.5833333333333,1.0283575705128212,24.0,4712.02001953125,3870110000.0,18.690000534057617,2.9992791256615066,4.242131273899873,2.563785505167006,4.163928918303831,3.3657618376677765
2021-12-12,2.4106099694196534,49389.99,28889.19358,957390.0,176161777.07292455,23468677477375.57,8.795423186301514,1494.9205298013244,0.8862376423841059,16.0,4712.02001953125,3870110000.0,18.690000534057617,4.3463082727949205,2.9992791256615066,4.242131273899873,4.331354232761412,3.358538348343948
2021-12-13,3.682208943622648,50053.9,26017.93421,863605.0,168385593.54016247,24195286980614.0,8.166898790770386,1534.3428571428572,0.8631154714285717,27.0,4712.02001953125,3870110000.0,18.690000534057617,2.6802439391487543,4.3463082727949205,2.9992791256615066,3.5929392328385354,3.3877944589733158
2021-12-14,3.5350888887730996,46702.75,50869.52093,1399599.0,169588347.7797351,24195286980614.0,22.73566245002768,1973.127659574468,1.1973467872340426,28.0,4668.97021484375,4397230000.0,20.309999465942383,2.4106099694196534,2.6802439391487543,4.3463082727949205,3.4357321603898296,3.3854357081638438
2021-12-15,3.733948569897013,48343.28,39955.98445,1194992.0,178007627.4567432,24195286980614.0,13.663771020223598,1880.2364864864865,1.1495425202702705,21.0,4634.08984375,4485430000.0,21.889999389648438,3.682208943622648,2.4106099694196534,2.6802439391487543,3.2749381471020516,3.425935772622554
2021-12-16,2.3680676769153908,48864.98,51629.181,1438176.0,169588347.7797351,24195286980614.0,15.508692152255705,1993.6382978723404,1.3965797588652482,28.0,4709.85009765625,4910130000.0,19.290000915527344,3.5350888887730996,3.682208943622648,2.4106099694196534,3.4136957733314937,3.4661210202586665
2021-12-17,3.9027980647942337,47632.38,31949.86739,1023983.0,138316737.55084777,24195286980614.0,17.571176341703076,2227.878260869565,1.275047686956522,29.0,4668.669921875,4829500000.0,20.56999969482422,3.733948569897013,3.5350888887730996,3.682208943622648,3.341098244188228,3.523946250344743
2021-12-18,2.9668597596272437,46131.2,43104.4887,1261780.0,179210381.69631582,24195286980614.0,29.35283493519715,1768.4228187919464,1.243847013422818,23.0,4620.64013671875,7987090000.0,21.56999969482422,2.3680676769153908,3.733948569897013,3.5350888887730996,3.25092518008164,3.477131716589973
2021-12-19,3.0746077435162515,46834.48,25020.05271,862066.0,153952542.66529143,24195286980614.0,70.53350322309534,1868.515625,1.1942178515624997,24.0,4620.64013671875,7987090000.0,21.56999969482422,3.9027980647942337,2.3680676769153908,3.733948569897013,3.187566578938685,3.4825847761447326
2021-12-20,3.0865400800162397,46681.23,29305.70665,874827.0,179210381.69631582,24195286980614.0,8.082833864863558,1387.3758389261743,0.7865209597315433,29.0,4620.64013671875,7987090000.0,21.56999969482422,2.9668597596272437,3.9027980647942337,2.3680676769153908,3.2285116961498974,3.462713143433047
2021-12-21,3.089421494467081,46914.16,35848.50609,1076488.0,173196610.49845287,24195286980614.0,17.72051401433016,1853.798611111111,1.2485019027777782,25.0,4568.02001953125,4635700000.0,22.8700008392334,3.0746077435162515,2.9668597596272437,3.9027980647942337,3.32336852102084,3.4526207431889455
2021-12-22,2.31378842580756,48889.88,37713.92924,1119412.0,193643432.5711869,24195286980614.0,14.93817498210204,1892.6273291925463,1.1103203602484475,27.0,4649.22998046875,4072430000.0,21.010000228881836,3.0865400800162397,3.0746077435162515,2.9668597596272437,3.2382729690770673,3.448808835173088
2021-12-23,2.928596015402925,48588.16,27004.2022,949480.0,178007627.4567432,24195286980614.0,13.426591615529736,1949.2905405405409,1.2057872229729725,45.0,4696.56005859375,3319610000.0,18.6299991607666,3.089421494467081,3.0865400800162397,3.0746077435162515,3.1746061984619223,3.4710146723069144
2021-12-24,2.078763694943786,50838.81,35192.54046,1176050.0,182818644.4150336,24195286980614.0,14.834561677756913,1919.7302631578948,1.1247780263157896,34.0,4725.7900390625,2913040000.0,17.959999084472656,2.31378842580756,3.089421494467081,3.0865400800162397,2.971726177877714,3.4034110477967285
2021-12-25,1.3299625795021677,50820.0,31661.94946,1074410.0,181615890.175461,24195286980614.0,23.08709954973523,1725.5960264900662,1.239346907284769,41.0,4725.7900390625,2913040000.0,17.959999084472656,2.928596015402925,2.31378842580756,3.089421494467081,3.0518016548045046,3.399467035648894
2021-12-26,1.9800852769213257,50399.66,19135.51613,766979.0,177149566.7855162,24242457398797.266,61.248114669813496,1413.625850340136,1.1643887142857148,39.0,4725.7900390625,2913040000.0,17.959999084472656,2.078763694943786,2.928596015402925,2.31378842580756,2.791225316254441,3.3811717240077797
2021-12-27,1.974837576730612,50775.49,22569.88914,797133.0,161682278.52670813,24272331996980.0,14.51151271491644,1481.8955223880596,0.9842661492537316,37.0,4725.7900390625,2913040000.0,17.959999084472656,1.3299625795021677,2.078763694943786,2.928596015402925,2.5573828619508587,3.3426262664552535
2021-12-28,2.783209830639319,50701.44,28779.58212,1009238.0,178574456.88024485,24272331996980.0,26.788379744597773,1686.1351351351352,1.2289302027027027,40.0,4791.18994140625,2770290000.0,17.68000030517578,1.9800852769213257,1.3299625795021677,2.078763694943786,2.401022509580155,3.265699915493095
2021-12-29,3.4840515479082965,47543.74,45853.33924,1345774.0,161682278.52670813,24272331996980.0,50.51799176121155,1980.761194029851,1.4707452537313437,41.0,4786.35009765625,2707920000.0,17.540000915527344,1.974837576730612,1.9800852769213257,1.3299625795021677,2.242207866253637,3.2495381788883573
2021-12-30,2.261145314763988,46464.66,39498.87,1114074.0,174954704.37591556,24272331996980.0,95.1002416709584,1904.0206896551724,1.4020079172413795,27.0,4793.06005859375,2963310000.0,16.950000762939453,2.783209830639319,1.974837576730612,1.9800852769213257,2.1984633428496707,3.214086648646449
2021-12-31,3.9856581310453194,47120.87,30352.29569,910157.0,143583516.00506175,24272331996980.0,34.96422565886284,2059.0,1.4402397563025209,22.0,4778.72998046875,3124950000.0,17.329999923706055,3.4840515479082965,2.783209830639319,1.974837576730612,2.3656437888640616,3.2267355853518214
2022-01-01,2.3889132192418088,46216.93,34937.99796,1059783.0,179781041.0483546,24272331996980.0,79.84492274930687,1808.993288590604,1.394028362416107,28.0,4766.18017578125,2677820000.0,17.219999313354492,2.261145314763988,3.4840515479082965,2.783209830639319,2.270293688772785,3.1659537511146
2022-01-02,2.0487997692623767,47722.65,19604.46325,714899.0,207532476.9148791,24272331996980.0,5.666155357909443,1086.2441860465117,0.6976989127906976,21.0,4766.18017578125,2677820000.0,17.219999313354492,3.9856581310453194,2.261145314763988,3.4840515479082965,2.5427071796444323,3.1935294007521042
2022-01-03,1.963065332384258,47286.18,18340.4604,709624.0,190640298.56134245,24272331996980.0,8.913935297510125,1245.981012658228,0.7881834177215187,29.0,4766.18017578125,2677820000.0,17.219999313354492,2.3889132192418088,3.9856581310453194,2.261145314763988,2.6939858424643814,3.1844405814675483
2022-01-04,2.8441855660801756,46446.1,27662.0771,885624.0,168921783.5353667,24272331996980.0,13.186947598345288,1677.0928571428572,1.185446235714286,29.0,4796.56005859375,3831020000.0,16.600000381469727,2.0487997692623767,2.3889132192418088,3.9856581310453194,2.703802198513103,3.1469228713898993
2022-01-05,3.950915555744272,45832.01,35491.4136,1021815.0,177367872.71213505,24272331996980.0,28.841440746969933,1867.6462585034012,1.1960019047619048,23.0,4793.5400390625,4683170000.0,16.90999984741211,1.963065332384258,2.0487997692623767,2.3889132192418088,2.7021204493207667,2.9507200845157446
2022-01-06,2.4649780572436732,43451.13,51784.11857,1478532.0,180987625.21646437,24272331996980.0,27.233691442840502,1814.3666666666663,1.2350029666666666,24.0,4700.580078125,4887960000.0,19.729999542236328,2.8441855660801756,1.963065332384258,2.0487997692623767,2.7108312686694602,2.928490954166398
2022-01-07,4.714526680177804,43082.31,38880.37305,1150707.0,176161288.5440253,24272331996980.0,25.81467735205054,1814.376712328767,1.1878990136986294,15.0,4696.0498046875,4295280000.0,19.610000610351562,3.950915555744272,2.8441855660801756,1.963065332384258,2.777526126931743,2.899929238136637
2022-01-08,2.9189437210390676,41566.48,54836.50818,1406635.0,168921783.5353667,24272331996980.0,24.34950397005746,1824.15,1.2755521857142853,18.0,4677.02978515625,4181510000.0,18.760000228881836,2.4649780572436732,3.950915555744272,2.8441855660801756,2.806645090143127,2.896635656539192
2022-01-09,2.9851350728958668,41679.74,32952.73111,1021908.0,174242949.24269608,24341458814595.28,13.68015114860038,1555.0,1.026073361111111,10.0,4677.02978515625,4181510000.0,18.760000228881836,4.714526680177804,2.4649780572436732,3.950915555744272,2.910769168590624,2.91238217008179
2022-01-10,3.8995140026679387,41864.62,22724.39426,752733.0,170826076.6426718,24371874614346.0,7.936539869584194,1490.3758865248226,0.929576858156028,23.0,4677.02978515625,4181510000.0,18.760000228881836,2.9189437210390676,4.714526680177804,2.4649780572436732,2.986487811704518,2.909704323261042
2022-01-11,3.0233763925929398,41822.49,50729.17019,1250983.0,172037609.10113046,24371874614346.0,19.302189740534573,1878.4718309859156,1.2681675070422531,23.0,4670.2900390625,4511810000.0,19.399999618530273,2.9851350728958668,2.9189437210390676,4.714526680177804,3.1202499979378744,2.864331883264407
2022-01-12,2.1523076571147923,42729.29,37296.43729,1015526.0,191422128.4364691,24371874614346.0,22.53050630004321,1757.5822784810127,1.109629531645569,21.0,4713.06982421875,4101590000.0,18.40999984741211,3.8995140026679387,2.9851350728958668,2.9189437210390676,3.3968855222641143,2.9049742187150467
2022-01-13,2.757918354313003,43902.66,33943.2928,1023902.0,168403011.72575447,24371874614346.0,14.947686312136186,1956.3525179856117,1.2817502589928056,22.0,4726.35009765625,4048220000.0,17.6200008392334,3.0233763925929398,3.8995140026679387,2.9851350728958668,3.4224842117659375,2.925399766154156
2022-01-14,2.6687245760457596,42560.11,34910.87762,1036234.0,216864310.0641011,24371874614346.0,10.953480790415991,1533.6033519553073,0.9503274134078212,21.0,4659.02978515625,4251730000.0,20.309999465942383,2.1523076571147923,3.0233763925929398,3.8995140026679387,3.1655402262474404,2.8744030566038945
2022-01-15,1.5752419524550458,43059.96,32640.88292,946938.0,192633660.89492777,24371874614346.0,11.354179375877331,1703.660377358491,1.1510939874213837,21.0,4662.85009765625,4338490000.0,19.190000534057617,2.757918354313003,2.1523076571147923,3.0233763925929398,3.2073888401144877,2.848497372121891
2022-01-16,1.612387937413786,43084.29,21936.05616,752688.0,201114388.1041385,24371874614346.0,9.898039930813429,1411.8855421686746,0.8548307108433735,23.0,4662.85009765625,4338490000.0,19.190000534057617,2.6687245760457596,2.757918354313003,2.1523076571147923,2.9151313966670527,2.812989905660183
2022-01-17,1.8335262521347757,43071.66,20602.35271,732171.0,212018180.23026645,24371874614346.0,5.721599384276505,1235.1485714285714,0.7704007485714286,21.0,4662.85009765625,4338490000.0,19.190000534057617,1.5752419524550458,2.6687245760457596,2.757918354313003,2.723174001155049,2.786562381511504
2022-01-18,2.197319677153921,42201.62,27562.08613,918029.0,195056725.81184512,24371874614346.0,13.125275489212868,1603.3602484472049,1.112459049689441,22.0,4662.85009765625,4338490000.0,19.190000534057617,1.612387937413786,1.5752419524550458,2.6687245760457596,2.527067267514752,2.7102153772654898
2022-01-19,3.0731181087507315,42352.12,29324.08257,905061.0,164768414.35037845,24371874614346.0,16.559651498975335,1948.9485294117649,1.2106993235294123,24.0,4577.10986328125,4748700000.0,22.790000915527344,1.8335262521347757,1.612387937413786,1.5752419524550458,2.2319261602957288,2.6724375936824076
2022-01-20,4.166211240075897,41660.01,31685.72159,924528.0,209595115.3133491,24371874614346.0,9.621262973946209,1562.6242774566474,0.9986713179190748,24.0,4532.759765625,4465740000.0,23.850000381469727,2.197319677153921,1.8335262521347757,1.612387937413786,2.113918058090155,2.6431946581369963
2022-01-21,7.362569254890339,40680.91,42330.33953,1098761.0,204748985.4795144,24371874614346.0,12.179161178535963,1605.1183431952663,1.0261115384615378,24.0,4482.72998046875,4640870000.0,25.59000015258789,3.0731181087507315,2.197319677153921,1.8335262521347757,2.2454624083238603,2.6427472590948122
2022-01-22,5.16914436054237,36445.31,88860.891999,2092561.0,175442615.30802113,26338083826987.223,23.164168147489715,2032.44776119403,1.4104563582089549,19.0,4397.93994140625,5589100000.0,28.850000381469727,4.166211240075897,3.0731181087507315,2.197319677153921,2.446647106289988,2.678640250615106
2022-01-23,4.142070011726525,35071.42,90471.338961,2099978.0,177474949.66786668,26643185256535.0,51.30410459136293,1867.865671641791,1.3711556044776112,13.0,4397.93994140625,5589100000.0,28.850000381469727,7.362569254890339,4.166211240075897,3.0731181087507315,3.1171963461249277,2.846932944917866
2022-01-24,7.423725561397886,36244.55,44279.52354,1142407.0,186746029.1281284,26643185256535.0,7.954840801639027,1446.709219858156,0.9678220638297864,11.0,4397.93994140625,5589100000.0,28.850000381469727,5.16914436054237,7.362569254890339,4.166211240075897,3.6306109758516887,2.9216178897558467
2022-01-25,3.417991054806868,36660.35,91904.753211,1999352.0,198665988.4341792,26643185256535.0,20.39709390252659,1804.746666666667,1.2161342066666672,13.0,4410.1298828125,6928110000.0,29.899999618530273,4.142070011726525,5.16914436054237,7.362569254890339,3.991994129324937,2.9903947669819386
2022-01-26,4.246888389028916,36958.32,49232.40183,1248246.0,201314868.2799682,26643185256535.0,19.93661292331745,1744.2631578947369,1.0729042434210527,12.0,4356.4501953125,5145050000.0,31.15999984741211,7.423725561397886,4.142070011726525,5.16914436054237,4.790594030648238,3.193520199711796
2022-01-27,4.847380909399301,36809.34,69830.16036,1584468.0,172177189.9762886,26643185256535.0,32.47762705788603,2008.2307692307693,1.2404942230769227,23.0,4349.93017578125,5570640000.0,31.959999084472656,3.417991054806868,7.423725561397886,4.142070011726525,4.964975656027231,3.2414503923079807
2022-01-28,3.3739087457115535,37160.1,53020.87934,1308408.0,173501629.89918315,26643185256535.0,24.700375882230137,1953.6259541984728,1.2664657328244269,20.0,4326.509765625,5214200000.0,30.489999771118164,4.246888389028916,3.417991054806868,7.423725561397886,5.1326571246384,3.317185419384591
2022-01-29,2.510508207404541,37716.56,42154.26956,1061101.0,203963748.12575728,26643185256535.0,16.352559598107998,1718.2402597402595,1.189178155844155,24.0,4431.85009765625,5031090000.0,27.65999984741211,4.847380909399301,4.246888389028916,3.417991054806868,5.229967077398887,3.3859911220099232
2022-01-30,2.1109179805473786,38166.84,26129.49682,816601.0,197341548.51128465,26643185256535.0,12.647933032119662,1550.5906040268455,1.044287523489933,24.0,4431.85009765625,5031090000.0,27.65999984741211,3.3739087457115535,4.847380909399301,4.246888389028916,4.660158433230488,3.382319695270032
2022-01-31,3.585519023626688,37881.76,21430.66527,698593.0,193368228.74260104,26643185256535.0,17.180356371808823,1418.9931506849316,1.0481526506849317,29.0,4431.85009765625,5031090000.0,27.65999984741211,2.510508207404541,3.3739087457115535,4.847380909399301,4.280353268496513,3.390631791691384
2022-02-01,2.722521564637219,38466.9,36855.2458,936014.0,189394908.97391748,26643185256535.0,23.02260684228219,1842.027972027972,1.4252182727272729,20.0,4515.5498046875,5098610000.0,24.829999923706055,2.1109179805473786,2.510508207404541,3.3739087457115535,3.9901886926137777,3.3281404533414523
2022-02-02,3.0226677886243136,38694.59,34574.44663,917617.0,203963748.12575728,26643185256535.0,46.532599353397096,1772.6233766233763,1.3371820064935065,26.0,4546.5400390625,4816830000.0,21.959999084472656,3.585519023626688,2.1109179805473786,2.510508207404541,3.4418734729321776,3.368027313487615
2022-02-03,3.133610790994381,36896.36,35794.6813,907905.0,202639308.20286277,26643185256535.0,25.39338967905748,1823.43137254902,1.190933980392157,28.0,4589.3798828125,4481580000.0,22.09000015258789,2.722521564637219,3.585519023626688,2.1109179805473786,3.3425206886222276,3.390484706666776
2022-02-04,5.684771091393096,37311.61,32081.10999,848961.0,194692668.66549557,26643185256535.0,12.324473048949672,1805.061224489796,1.1827169047619048,20.0,4477.43994140625,4401970000.0,24.350000381469727,3.0226677886243136,2.722521564637219,3.585519023626688,3.167632031421571,3.4258047885414453
2022-02-05,1.91464918589113,41574.25,64703.95874,1380724.0,172445464.54596007,26684698822068.03,25.00746391757941,1907.2769230769231,1.2128998615384616,20.0,4500.52978515625,4706290000.0,23.219999313354492,3.133610790994381,3.0226677886243136,2.722521564637219,2.9228077287922964,3.435452296038585
2022-02-06,2.4410504780934916,41382.59,32532.34372,1006352.0,157888391.82261464,26690525287406.0,94.09519939061956,2173.495798319328,1.4285829747899157,33.0,4500.52978515625,4706290000.0,23.219999313354492,5.684771091393096,3.133610790994381,3.0226677886243136,3.2529309210325166,3.4932474805602127
2022-02-07,2.9876938802689033,42380.87,22405.16704,788291.0,206979740.54057044,26690525287406.0,63.10089033981496,1405.1025641025642,1.086566423076924,37.0,4500.52978515625,4706290000.0,23.219999313354492,1.91464918589113,5.684771091393096,3.133610790994381,3.167808203673458,3.474903184848461
2022-02-08,4.154479076821688,43839.99,51060.62006,1473274.0,180443876.3687024,26690525287406.0,23.4360813682337,1926.720588235294,1.2200945514705883,45.0,4483.8701171875,4228480000.0,22.860000610351562,2.4410504780934916,1.91464918589113,5.684771091393096,3.2149699890371886,3.3991206447789843
2022-02-09,2.7057448741548877,44042.99,64880.29387,1653350.0,204326154.12338364,26690525287406.0,37.024547819168966,1797.7272727272727,1.269141733766233,48.0,4521.5400390625,4459620000.0,21.440000534057617,2.9876938802689033,2.4410504780934916,1.91464918589113,3.129566397128934,3.4014123167533117
2022-02-10,4.561989614568049,44372.72,34428.16729,1066395.0,185751049.203076,26690525287406.0,36.94555174886428,1898.6,1.4128728214285715,54.0,4587.18017578125,4524350000.0,19.959999084472656,4.154479076821688,2.9876938802689033,2.4410504780934916,3.3341317560124293,3.440390450217506
2022-02-11,3.391136390424655,43495.44,62357.29091,1541483.0,195038601.66322985,26690525287406.0,55.481255832798965,1774.2380952380952,1.3890481632653064,50.0,4504.080078125,5314860000.0,23.90999984741211,2.7057448741548877,4.154479076821688,2.9876938802689033,3.2888570539453683,3.400598145933737
2022-02-12,2.69105777807838,42373.73,44975.1687,1169354.0,188404635.6202628,26690525287406.0,39.60470668120736,1821.0915492957747,1.5267551690140848,50.0,4418.64013671875,5251500000.0,27.360000610351562,4.561989614568049,2.7057448741548877,4.154479076821688,3.4929111715987493,3.451885253332908
2022-02-13,1.9682934832592491,42217.87,26556.85681,830322.0,248110330.00696588,26690525287406.0,138.52765569063232,1220.2620320855615,1.2995136898395725,44.0,4418.64013671875,5251500000.0,27.360000610351562,3.391136390424655,4.561989614568049,2.7057448741548877,3.165249071460401,3.4931795444432368
2022-02-14,2.5082672746965655,42053.66,17732.08113,624898.0,209633326.9577572,26690525287406.0,7.873005656236775,1322.639240506329,0.9082284303797468,44.0,4418.64013671875,5251500000.0,27.360000610351562,2.69105777807838,3.391136390424655,4.561989614568049,3.2761645846300085,3.490950858568749
2022-02-15,2.6578578901990264,42535.94,34010.1306,867622.0,202999360.9147902,26690525287406.0,13.997657766682718,1618.248366013072,1.058443359477124,46.0,4401.669921875,4600390000.0,28.329999923706055,1.9682934832592491,2.69105777807838,3.391136390424655,3.2086278710822596,3.4676031554758655
2022-02-16,1.9613065165251384,44544.86,38095.19576,990694.0,232188811.50384504,26690525287406.0,14.24793768771993,1563.56,1.1096905599999998,46.0,4471.06982421875,4430830000.0,25.700000762939453,2.5082672746965655,1.9682934832592491,2.69105777807838,3.1401383560004965,3.498703999550583
2022-02-17,3.385216184563515,43873.56,28471.8727,823745.0,206979740.54057044,26690525287406.0,12.292455565705737,1710.179487179487,1.0628591538461536,51.0,4475.009765625,4283640000.0,24.290000915527344,2.6578578901990264,2.5082672746965655,1.9682934832592491,2.926335329340116,3.5335529979767575
2022-02-18,2.6175324501189365,40515.7,47245.99494,1067658.0,213256529.5453799,27324773218056.85,10.97114245228538,1627.8535031847134,1.0726679044585987,52.0,4380.259765625,4539420000.0,28.110000610351562,1.9613065165251384,2.6578578901990264,2.5082672746965655,2.8199869925358665,3.537812340123103
2022-02-19,1.5752784878210333,39974.44,43845.92241,1025882.0,186294128.8834766,27967152532434.0,22.138675884931686,1948.1716417910447,1.296436089552239,30.0,4348.8701171875,4708060000.0,27.75,3.385216184563515,1.9613065165251384,2.6578578901990264,2.651876502535219,3.5774088903700894
2022-02-20,3.1413386111097426,40079.17,18042.0551,586653.0,207147949.28088072,27967152532434.0,12.93478164344674,1481.0268456375838,1.0517474295302012,25.0,4348.8701171875,4708060000.0,27.75,2.6175324501189365,3.385216184563515,1.9613065165251384,2.541361653920116,3.5622227017490298
2022-02-21,6.159622880945496,38386.89,33439.29011,811235.0,200196675.81507933,27967152532434.0,7.927453717768405,1392.6041666666667,0.9037676388888888,27.0,4348.8701171875,4708060000.0,27.75,1.5752784878210333,2.6175324501189365,3.385216184563515,2.3819646124547806,3.475858276673868
2022-02-22,3.0987564535568963,37008.16,62347.68496,1352290.0,171001327.25871363,27967152532434.0,27.61938538489463,1930.0975609756097,1.3037946991869918,25.0,4348.8701171875,4708060000.0,27.75,3.1413386111097426,1.5752784878210333,2.6175324501189365,2.549542487861994,3.3351505885478474
2022-02-23,3.082546233974748,38230.33,53785.94589,1212527.0,211318713.36036152,27967152532434.0,11.573000944701558,1712.2697368421052,1.0979872565789477,20.0,4304.759765625,5121900000.0,28.809999465942383,6.159622880945496,3.1413386111097426,1.5752784878210333,3.071164717326127,3.368166539227952
2022-02-24,6.741739410840742,37250.01,43560.732,1030872.0,208538203.974041,27967152532434.0,9.663794783351989,1675.1666666666667,1.0373810866666666,25.0,4225.5,4797430000.0,31.020000457763672,3.0987564535568963,6.159622880945496,3.1413386111097426,3.134150226377251,3.3333894206222974
2022-02-25,3.6205574704050614,38327.21,120476.29458,2622780.0,183513619.49715608,27967152532434.0,24.50185102526776,1925.2954545454545,1.3138973636363636,23.0,4288.7001953125,6752130000.0,30.31999969482422,3.082546233974748,3.0987564535568963,6.159622880945496,3.2943273288700525,3.1886834430415263
2022-02-26,2.41074715106687,39219.17,56574.57125,1408558.0,186294128.8834766,27967152532434.0,16.890117304238423,1942.8358208955224,1.2936352238805964,27.0,4384.64990234375,5177060000.0,27.59000015258789,6.741739410840742,3.082546233974748,3.0987564535568963,3.7738306469096563,3.299475054909322
2022-02-27,5.227090698768246,39116.72,29361.2568,924257.0,173781836.64503416,27967152532434.0,13.716758527497328,1763.384,1.1652993200000008,26.0,4384.64990234375,5177060000.0,27.59000015258789,3.6205574704050614,6.741739410840742,3.082546233974748,3.91711993552196,3.27859735762186
2022-02-28,6.8347844047202715,37699.07,46229.44719,1265753.0,189074638.2697972,27967152532434.0,10.285924217195843,1552.6764705882354,1.0207118823529415,26.0,4384.64990234375,5177060000.0,27.59000015258789,2.41074715106687,3.6205574704050614,6.741739410840742,4.036472601699937,3.1973762323441126
2022-03-01,3.6175286108485625,43160.0,73945.63858,1931087.0,214099222.7466821,27967152532434.0,10.27488344988108,1759.2077922077922,1.168961,20.0,4373.93994140625,6071370000.0,30.149999618530273,5.227090698768246,2.41074715106687,3.6205574704050614,4.334437185651152,3.259148964112669
2022-03-02,4.007412932543021,44421.2,61743.09873,1866871.0,225221260.29196423,27967152532434.0,26.760694311878865,1732.3086419753083,1.2820745185185185,51.0,4306.259765625,5846230000.0,33.31999969482422,6.8347844047202715,5.227090698768246,2.41074715106687,4.43088883190469,3.4032915040231932
2022-03-03,3.277479398659152,43892.98,57782.65081,1653131.0,189074638.2697972,27967152532434.0,99.75427335438717,2122.4779411764707,1.5223956323529415,52.0,4386.5400390625,5337870000.0,30.739999771118164,3.6175286108485625,6.8347844047202715,5.227090698768246,4.504999140089215,3.4535118583665665
2022-03-04,3.5464968501390306,42454.0,50940.61021,1289320.0,204908164.05639085,27851682002895.555,36.05442428183528,1812.4594594594596,1.2709558243243246,39.0,4363.490234375,5039890000.0,30.479999542236328,4.007412932543021,3.6175286108485625,6.8347844047202715,4.637122954170396,3.4675749886637774
2022-03-05,1.685792370993974,39148.66,61964.68498,1465066.0,190365286.6455021,27550332084344.0,22.112446751567187,1885.6187050359715,1.31741837410072,33.0,4328.8701171875,5797380000.0,31.979999542236328,3.277479398659152,4.007412932543021,3.6175286108485625,4.142228666715883,3.486073583131175
2022-03-06,3.05936197491845,39397.96,30363.13341,879727.0,168452735.66472492,27550332084344.0,27.12039509084981,1831.878048780488,1.2012880081300812,22.0,4328.8701171875,5797380000.0,31.979999542236328,3.5464968501390306,3.277479398659152,4.007412932543021,4.131648578106451,3.5035345518483325
2022-03-07,3.898788349730685,38420.81,39677.26158,986352.0,179409011.15511352,27550332084344.0,10.748439894258151,1581.038167938931,1.067880190839695,22.0,4328.8701171875,5797380000.0,31.979999542236328,1.685792370993974,3.5464968501390306,3.277479398659152,4.028083609524608,3.4552739378483186
2022-03-08,3.098908199255324,37988.0,63994.11559,1456041.0,202691096.5721893,27550332084344.0,11.902455673620628,1725.9527027027027,1.1802086689189193,23.0,4201.08984375,6940470000.0,36.45000076293945,3.05936197491845,1.685792370993974,3.5464968501390306,3.7184080775460657,3.3677603006324968
2022-03-09,5.161344981548817,38730.63,55583.06638,1271128.0,202691096.5721893,27550332084344.0,13.938326732393058,1728.1824324324325,1.243527722972973,21.0,4170.7001953125,7243120000.0,35.130001068115234,3.898788349730685,3.05936197491845,1.685792370993974,3.298980069690411,3.4338982727604823
2022-03-10,4.372263779349446,41941.71,67392.58799,1570230.0,188995752.20920357,27550332084344.0,39.976637409180974,1976.8478260869565,1.249582333333333,22.0,4277.8798828125,5662670000.0,32.45000076293945,3.098908199255324,3.898788349730685,3.05936197491845,3.224891439462805,3.455826863465876
2022-03-11,4.343420873676065,39422.0,71962.93154,1512655.0,198582493.2632936,27550332084344.0,33.09830249130908,1803.813793103448,1.2813420689655166,28.0,4259.52001953125,4980830000.0,30.229999542236328,5.161344981548817,3.098908199255324,3.898788349730685,3.389738875035061,3.5282819001752075
2022-03-12,1.626827112692935,38729.57,59018.7642,1252571.0,188995752.20920357,27550332084344.0,26.528758312682744,1828.86231884058,1.231351152173913,22.0,4204.31005859375,4938640000.0,30.75,4.372263779349446,5.161344981548817,3.098908199255324,3.546136643705104,3.535541390259466
2022-03-13,3.0450503507622537,38807.36,24034.36432,671733.0,213647372.0625779,27550332084344.0,11.99341684206603,1443.2564102564102,0.9416506089743588,22.0,4204.31005859375,4938640000.0,30.75,4.343420873676065,4.372263779349446,5.161344981548817,3.6599829327818227,3.590130590243505
2022-03-14,2.6982842210448577,37777.34,32791.82359,841844.0,206799699.88108504,27550332084344.0,8.637015547767241,1378.092715231788,0.8933613178807945,21.0,4204.31005859375,4938640000.0,30.75,1.626827112692935,4.343420873676065,4.372263779349446,3.6515593244531033,3.4922918401810015
2022-03-15,2.9576914627835524,39671.37,46945.45375,1114899.0,209538768.75368217,27550332084344.0,14.88864447969471,1696.6797385620914,1.1300726797385627,23.0,4173.10986328125,5574920000.0,31.770000457763672,3.0450503507622537,1.626827112692935,4.343420873676065,3.6495148067165037,3.480755638858921
2022-03-16,6.748735642626226,39280.33,46015.54926,1060517.0,190365286.6455021,27550332084344.0,16.326048247151604,1893.36690647482,1.2323800863309344,21.0,4262.4501953125,5392470000.0,29.829999923706055,2.6982842210448577,3.0450503507622537,1.626827112692935,3.4780142169042425,3.480996520291137
2022-03-17,1.998785872751732,41114.0,88120.76167,2051837.0,212277837.6262793,27550332084344.0,12.902381093661022,1783.1612903225807,1.2122472193548388,24.0,4357.85986328125,6309750000.0,26.670000076293945,2.9576914627835524,2.6982842210448577,3.0450503507622537,3.457840397408275,3.513976452941947
2022-03-18,2.6402256163936513,40917.9,37189.38087,935784.0,217523034.5085692,27520860571022.34,14.705360698984238,1753.4591194968552,1.177280188679246,27.0,4411.669921875,4985090000.0,25.670000076293945,6.748735642626226,2.9576914627835524,2.6982842210448577,3.6846104918479052,3.655325398539602
2022-03-19,1.2329946088171306,41757.51,45408.00969,1065054.0,195149454.7366269,27452707696466.0,13.769672757821809,1827.3986013986012,1.280325048951049,25.0,4463.1201171875,8278430000.0,23.8700008392334,1.998785872751732,6.748735642626226,2.9576914627835524,3.3455422194768025,3.6333563312913593
2022-03-20,1.4069462694566905,42201.13,29067.18108,801197.0,211525632.75648364,27452707696466.0,24.83499973375314,1564.0258064516129,1.0357431741935483,28.0,4463.1201171875,8278430000.0,23.8700008392334,2.6402256163936513,1.998785872751732,6.748735642626226,3.1022286112936013,3.655986967953643
2022-03-21,2.2304522354271197,41262.11,30653.33468,799695.0,210160951.25482893,27452707696466.0,8.326304436768943,1367.1883116883116,0.8785399350649351,31.0,4463.1201171875,8278430000.0,23.8700008392334,1.2329946088171306,2.6402256163936513,1.998785872751732,3.045966825025629,3.5842462487620974
2022-03-22,3.553533178174966,41002.25,39426.24877,947206.0,208796269.7531742,27452707696466.0,22.81557029684785,1698.7712418300653,1.1101283464052294,30.0,4461.18017578125,4869820000.0,23.530000686645508,1.4069462694566905,1.2329946088171306,2.6402256163936513,2.8119519562676913,3.5438933760733553
2022-03-23,2.334704524743331,42364.13,59454.94294,1367343.0,203337543.74655527,27452707696466.0,24.035824176285853,1775.6308724832215,1.1143182147651007,26.0,4511.60986328125,4754840000.0,22.940000534057617,2.2304522354271197,1.4069462694566905,1.2329946088171306,2.7451188154651573,3.565732500993558
2022-03-24,2.2323767997195607,42882.76,40828.87039,916671.0,197878817.73993632,27452707696466.0,30.699421658133755,1821.9448275862069,1.256502737931034,31.0,4456.240234375,4550670000.0,23.56999969482422,3.553533178174966,2.2304522354271197,1.4069462694566905,2.8302390605210737,3.5794723198957326
2022-03-25,2.029041497477843,43991.46,56195.12374,1202541.0,195149454.7366269,27452707696466.0,17.87979103172382,1839.06993006993,1.1915053356643357,40.0,4520.16015625,4131390000.0,21.670000076293945,2.334704524743331,3.553533178174966,2.2304522354271197,2.199663186537803,3.45197504135566
2022-03-26,1.021886544879256,44313.16,54614.43648,1141588.0,212890314.2581384,27452707696466.0,25.799677393667636,1863.5833333333333,1.2837107179487182,47.0,4543.06005859375,4305020000.0,20.809999465942383,2.2323767997195607,2.334704524743331,3.553533178174966,2.233033318961778,3.4230957195610827
2022-03-27,3.1925992462434536,44511.27,23041.61741,693647.0,219713721.76641208,27452707696466.0,8.282930411223019,1434.975155279503,0.922095857142858,51.0,4543.06005859375,4305020000.0,20.809999465942383,2.029041497477843,2.2323767997195607,2.334704524743331,2.145721301973806,3.3879788950111855
2022-03-28,1.9537739025401668,46827.76,41874.91071,1135096.0,178773276.7167701,27452707696466.0,13.349950423047105,1665.6641221374043,1.090554992366412,49.0,4543.06005859375,4305020000.0,20.809999465942383,1.021886544879256,2.029041497477843,2.2323767997195607,2.1155630071255382,3.1973171328124694
2022-03-29,1.7423555861216466,47122.21,58949.2614,1498975.0,216984358.7631026,27452707696466.0,14.663306839427188,1844.6792452830189,1.244156289308176,60.0,4575.52001953125,4312260000.0,19.6299991607666,3.1925992462434536,1.021886544879256,2.029041497477843,2.370656289523647,3.1830518586737493
2022-03-30,2.309655743971378,47434.8,36772.28457,1095678.0,206066906.74986476,27452707696466.0,14.86526257787668,1900.264900662252,1.1717840662251648,56.0,4631.60009765625,5085910000.0,18.899999618530273,1.9537739025401668,3.1925992462434536,1.021886544879256,2.3311308133969395,3.1678194170561924
2022-03-31,2.5693481790200345,47067.99,40947.2085,1081607.0,184232002.723389,27452707696466.0,24.91780239191433,2021.2148148148149,1.321063837037037,55.0,4602.4501953125,4385570000.0,19.329999923706055,1.7423555861216466,1.9537739025401668,3.1925992462434536,2.0723911573893226,3.051661579967972
2022-04-01,3.1889862548660726,45510.34,48645.12667,1290541.0,194247387.85170585,28315874718216.324,47.13116079339407,2023.2608695652173,1.2768872608695654,52.0,4530.41015625,4823020000.0,20.559999465942383,2.309655743971378,1.7423555861216466,1.9537739025401668,2.0688127601361863,2.9008239579430093
2022-04-02,2.3206848771002453,46283.49,56271.06474,1372216.0,200371606.28467655,28587155782195.0,42.78379279194352,2014.9290780141844,1.366774773049645,50.0,4545.85986328125,4562940000.0,19.6299991607666,2.5693481790200345,2.309655743971378,1.7423555861216466,2.1169515286076828,2.8658846102153914
2022-04-03,2.291554600495461,45811.0,37073.53582,1056716.0,191845154.95341375,28587155782195.0,37.24248268760187,1884.7555555555557,1.3001462740740737,52.0,4545.85986328125,4562940000.0,19.6299991607666,3.1889862548660726,2.5693481790200345,2.309655743971378,2.2826579225202868,2.838603720959493
2022-04-04,2.35702089353357,46407.35,33394.67794,966563.0,197529455.84092236,28587155782195.0,12.163378011392078,1622.7625899280577,1.0614160647482012,48.0,4545.85986328125,4562940000.0,19.6299991607666,2.3206848771002453,3.1889862548660726,2.5693481790200345,2.468200541409,2.806710570240863
2022-04-05,1.92688751925175,46580.51,44641.87514,1171998.0,224529885.056588,28587155782195.0,10.975923885841032,1741.177215189873,1.165983227848101,52.0,4582.64013671875,4547350000.0,18.56999969482422,2.291554600495461,2.3206848771002453,3.1889862548660726,2.3394798777307146,2.7648791619194104
2022-04-06,2.5054698565102584,45497.55,42192.74852,1046080.0,206055907.1721852,28587155782195.0,25.15851811389351,1885.7241379310344,1.1754642206896546,53.0,4525.1201171875,4800620000.0,21.030000686645508,2.35702089353357,2.291554600495461,2.3206848771002453,2.397086590729773,2.787253446004064
2022-04-07,2.0886930430378694,43170.47,60849.32936,1471912.0,213161283.28157085,28587155782195.0,19.91906776520692,1824.2666666666669,1.1353743,48.0,4481.14990234375,4986830000.0,22.100000381469727,1.92688751925175,2.35702089353357,2.291554600495461,2.4234482954626446,2.749504297481841
2022-04-08,2.788875077684016,43444.19,37396.54156,999816.0,196108380.6190452,28587155782195.0,20.204339451400337,1952.2028985507247,1.279268282608696,34.0,4500.2099609375,4821490000.0,21.549999237060547,2.5054698565102584,1.92688751925175,2.35702089353357,2.451421740111056,2.7030603477078263
2022-04-09,1.4496623553200572,42252.01,42375.04203,1108136.0,190424079.73153663,28587155782195.0,30.97504475673974,1991.0820895522388,1.2222044626865676,37.0,4488.27978515625,4083200000.0,21.15999984741211,2.0886930430378694,2.5054698565102584,1.92688751925175,2.3827567206850326,2.6693865091672446
2022-04-10,2.0969490838216567,42753.97,17891.66047,640230.0,217424508.94720227,28587155782195.0,8.251155642655874,1521.516339869281,0.9584814836601304,30.0,4488.27978515625,4083200000.0,21.15999984741211,2.788875077684016,2.0886930430378694,2.5054698565102584,2.3255979810875957,2.590304179038418
2022-04-11,3.5196859904172686,42158.85,22771.09403,678983.0,198950531.06279945,28587155782195.0,8.772114610208666,1546.0428571428572,0.9637041285714284,34.0,4488.27978515625,4083200000.0,21.15999984741211,1.4496623553200572,2.788875077684016,2.0886930430378694,2.2011661922618546,2.4928841315707717
2022-04-12,2.5194459471553494,39530.45,63560.44721,1385924.0,194687305.39716807,28587155782195.0,21.704476950995485,2019.14598540146,1.3055368686131383,32.0,4412.52978515625,4266290000.0,24.3700008392334,2.0969490838216567,1.4496623553200572,2.788875077684016,2.173365404165597,2.418001738575625
2022-04-13,2.9888372378047334,40074.94,57751.01778,1153667.0,217424508.94720227,28587155782195.0,17.251733618838745,1822.4771241830065,1.2539084509803922,20.0,4397.4501953125,4152090000.0,24.260000228881836,3.5196859904172686,2.0969490838216567,1.4496623553200572,2.339460418006125,2.481097034499769
2022-04-14,2.404719997879934,41147.79,41342.27254,948061.0,198950531.06279945,28587155782195.0,30.10760920578702,1978.3428571428567,1.241552164285714,25.0,4446.58984375,3828150000.0,21.81999969482422,2.5194459471553494,3.5196859904172686,2.0969490838216567,2.4241116219923535,2.4635768877128728
2022-04-15,1.4972895264055157,39942.38,36807.01401,803756.0,194492275.55499536,28351572544596.74,19.38556020353388,1924.1811594202895,1.2269187898550726,28.0,4392.58984375,4083090000.0,22.700000762939453,2.9888372378047334,2.5194459471553494,3.5196859904172686,2.4931641050344213,2.473261988271535
2022-04-16,1.3784226730264433,40551.9,24026.35739,616536.0,221692722.83303383,28225928151211.0,9.036971427055862,1612.8544303797469,1.0117503987341767,22.0,4392.58984375,4083090000.0,22.700000762939453,2.404719997879934,2.9888372378047334,2.5194459471553494,2.5383108128690024,2.4548296061080808
2022-04-17,1.574646778937171,40378.71,15805.44718,423446.0,188017878.85839576,28225928151211.0,9.670837300627015,1682.7313432835822,1.039411619402985,28.0,4392.58984375,4083090000.0,22.700000762939453,1.4972895264055157,2.404719997879934,2.9888372378047334,2.353798591257788,2.2797814022340575
2022-04-18,3.6155036866227714,39678.12,19988.49259,590241.0,231514552.3256366,28225928151211.0,6.230124616977776,1256.509090909091,0.8286350666666664,28.0,4392.58984375,4083090000.0,22.700000762939453,1.3784226730264433,1.4972895264055157,2.404719997879934,2.3436214937872717,2.259102628909881
2022-04-19,1.7920043472584735,40801.13,54243.49575,1157741.0,188017878.85839576,28225928151211.0,23.90105011186653,1838.962686567164,1.2932318059701489,24.0,4391.68994140625,3910490000.0,22.170000076293945,1.574646778937171,1.3784226730264433,1.4972895264055157,2.2690068788037734,2.2235833343279983
2022-04-20,2.2718410551505,41493.18,35788.85843,934526.0,173986693.86896327,28225928151211.0,32.05167153789376,2202.967741935484,1.3595550564516126,27.0,4462.2099609375,4108120000.0,21.3700008392334,3.6155036866227714,1.574646778937171,1.3784226730264433,2.2826951211188455,2.303000303588186
2022-04-21,2.853465726054539,41358.19,40877.35041,1063843.0,224498959.8309204,28225928151211.0,12.738151823678916,1785.34375,1.1487296562499996,27.0,4459.4501953125,4290450000.0,20.31999969482422,1.7920043472584735,3.6155036866227714,1.574646778937171,2.178774892562149,2.3158355728482456
2022-04-22,1.9736496948633862,40480.01,59316.27657,1515456.0,237127026.3214096,28225928151211.0,14.81077935585048,1671.2307692307693,1.1093222248520709,27.0,4393.66015625,4636890000.0,22.68000030517578,2.2718410551505,1.7920043472584735,3.6155036866227714,2.0763468664686866,2.3172152001723583
2022-04-23,1.2901404184674732,39709.18,46664.0196,1043471.0,189420997.35733905,28225928151211.0,23.437419092868517,1932.8148148148148,1.2867501185185182,26.0,4271.77978515625,4651940000.0,28.209999084472656,2.853465726054539,2.2718410551505,1.7920043472584735,2.140453399065059,2.293879618435011
2022-04-24,1.4148120832642754,39441.6,20291.42375,724132.0,228708315.3277501,28225928151211.0,21.997833627325875,1441.5828220858896,0.9530271840490804,24.0,4271.77978515625,4651940000.0,28.209999084472656,1.9736496948633862,2.853465726054539,2.2718410551505,2.2085048517018975,2.281844457439013
2022-04-25,3.224364582747865,39450.13,26703.61186,868183.0,239933263.31929612,28225928151211.0,6.613784788755211,1298.1988304093568,0.8504377309941521,24.0,4271.77978515625,4651940000.0,28.209999084472656,1.2901404184674732,1.9736496948633862,2.853465726054539,2.195893101050616,2.2504365780639426
2022-04-26,2.908561312624773,40426.08,63037.12784,1280351.0,227305196.82880685,28225928151211.0,22.477254132895297,1712.4506172839506,1.1680473580246915,23.0,4296.1201171875,5240040000.0,27.020000457763672,1.4148120832642754,1.2901404184674732,1.9736496948633862,2.1730595730973454,2.2299622642568244
2022-04-27,3.0473642804197008,38112.65,66650.258,1381618.0,196436589.85205528,28225928151211.0,25.048256207190587,1952.1214285714289,1.236938057142857,27.0,4175.2001953125,4689970000.0,33.52000045776367,3.224364582747865,1.4148120832642754,1.2901404184674732,2.117182558258073,2.3033781988524447
2022-04-28,2.4191763238902073,39235.72,57083.12272,1232083.0,243130347.4311681,28770282779728.406,15.193414689362598,1688.8529411764705,1.0623186764705883,21.0,4183.9599609375,4769680000.0,31.600000381469727,2.908561312624773,3.224364582747865,1.4148120832642754,2.276690696167545,2.293910267731822
2022-04-29,2.5323325567691946,39742.07,56086.6715,1135242.0,195503620.58301136,29794407589312.0,18.965460223843056,2089.128787878788,1.3674304772727277,24.0,4287.5,4854180000.0,29.989999771118164,3.0473642804197008,2.908561312624773,3.224364582747865,2.387479728348859,2.3303632803278065
2022-04-30,2.0446628981287835,38596.11,51453.65715,1101140.0,222163205.20796743,29794407589312.0,46.44577552294742,1910.42,1.3172070399999998,23.0,4131.93017578125,5084030000.0,33.400001525878906,2.4191763238902073,3.0473642804197008,2.908561312624773,2.3254383851825255,2.3529239715867587
2022-05-01,2.5628231840805737,37630.8,35321.18989,1017369.0,222163205.20796743,29794407589312.0,27.1819707934096,1744.2,1.227105786666667,20.0,4131.93017578125,5084030000.0,33.400001525878906,2.5323325567691946,2.4191763238902073,3.0473642804197008,2.4052502225976413,2.3603465320133523
2022-05-02,2.3538636250057676,38468.35,38812.24104,1021157.0,247341701.7982037,29794407589312.0,6.706414333229017,1391.1497005988024,0.8749842634730544,22.0,4131.93017578125,5084030000.0,33.400001525878906,2.0446628981287835,2.5323325567691946,2.4191763238902073,2.5130391482635432,2.34285702265031
2022-05-03,1.3314589196113977,38525.16,53200.92628,1053893.0,236974085.5551653,29794407589312.0,24.35838031272421,1701.2875,1.1179860625,28.0,4155.3798828125,5163790000.0,32.34000015258789,2.5628231840805737,2.0446628981287835,2.5323325567691946,2.6770407340944424,2.3219849202907943
2022-05-04,2.5496989057542034,37728.95,40316.45358,1005131.0,222163205.20796743,29794407589312.0,13.15534509465838,1852.6333333333332,1.1243359599999998,27.0,4175.47998046875,4582050000.0,29.25,2.3538636250057676,2.5628231840805737,2.0446628981287835,2.552683454417,2.323090878554311
2022-05-05,4.622787845349419,39690.0,62574.61736,1238847.0,216238853.06908828,29794407589312.0,10.536335752089917,1596.1986301369864,1.0929134589041098,21.0,4300.169921875,5136360000.0,25.420000076293945,1.3314589196113977,2.3538636250057676,2.5628231840805737,2.3273831125579467,2.2910876891915093
2022-05-06,2.357957434242929,36552.97,88722.43355,1979692.0,232530821.4510059,29794407589312.0,150.94163170968568,2011.2038216560509,1.4194339617834393,27.0,4146.8701171875,5077030000.0,31.200000762939453,2.5496989057542034,1.3314589196113977,2.3538636250057676,2.2562880590343037,2.2975102895988635
2022-05-07,2.6625989450406706,36013.77,68437.80187,1214518.0,210314500.9302092,29794407589312.0,117.71818098622826,2020.3309859154929,1.4592799436619717,22.0,4123.33984375,5116940000.0,30.190000534057617,4.622787845349419,2.5496989057542034,1.3314589196113977,2.5710897049570485,2.3873736338021194
2022-05-08,3.1141518634084697,35472.39,34281.70682,746488.0,211795588.96492895,29794407589312.0,10.574708477195577,1619.741258741259,1.0678109510489509,23.0,4123.33984375,5116940000.0,30.190000534057617,2.357957434242929,4.622787845349419,2.5496989057542034,2.546178973167582,2.382456553059875
2022-05-09,5.7656705068547085,34038.4,72445.64344,1301451.0,229568645.3815663,29794407589312.0,14.452304836813225,1508.9806451612903,1.0122096387096775,18.0,4123.33984375,5116940000.0,30.190000534057617,2.6625989450406706,2.357957434242929,4.622787845349419,2.6344555512978514,2.401586749793302
2022-05-10,6.669920715585157,30076.31,191876.926428,2564538.0,229568645.3815663,29794407589312.0,34.763523843178966,1803.2967741935483,1.2456847225806449,11.0,3991.239990234375,5954520000.0,34.75,3.1141518634084697,2.6625989450406706,2.357957434242929,2.713216791201837,2.4124293093174503
2022-05-11,12.377473284024592,31017.1,165532.00311,2470325.0,226823707.2333046,29822970212378.65,13.320991793223085,1827.8300653594767,1.1630135555555552,10.0,4001.050048828125,5885820000.0,32.9900016784668,5.7656705068547085,3.1141518634084697,2.6625989450406706,3.200617774323114,2.556296247701938
2022-05-12,9.742294458445858,29103.94,207063.739278,3559270.0,225257597.8912952,31251101365711.0,21.428445732036213,1811.606896551724,1.2383156068965515,12.0,3935.179931640625,5816140000.0,32.560001373291016,6.669920715585157,5.7656705068547085,3.1141518634084697,3.9632551737479367,2.7087286354273887
2022-05-13,4.928211952082241,29029.75,204507.263138,3951233.0,209722591.14017135,31251101365711.0,57.53850107460973,2031.1407407407407,1.3874058148148145,12.0,3930.080078125,6286450000.0,31.770000457763672,12.377473284024592,6.669920715585157,5.7656705068547085,5.367222942072279,3.003988211880966
2022-05-14,3.726448279189748,29287.05,97872.36957,2051900.0,236132102.61708185,31251101365711.0,155.23727246268888,1775.5263157894738,1.3054267105263158,10.0,4023.889892578125,5183340000.0,28.8700008392334,9.742294458445858,12.377473284024592,6.669920715585157,6.098581029657483,3.244749828923983
2022-05-15,3.3577491599141163,30086.74,51095.87863,1204626.0,219043595.19084564,31251101365711.0,441.3771224850989,2058.333333333333,1.396389234042553,9.0,4023.889892578125,5183340000.0,28.8700008392334,4.928211952082241,9.742294458445858,12.377473284024592,6.465760246491671,3.3093956527332327
2022-05-16,4.810523695833132,31328.89,46275.66912,1016769.0,189527082.3637104,31251101365711.0,400.7873123985102,1929.77868852459,1.530435786885246,10.0,4023.889892578125,5183340000.0,28.8700008392334,3.726448279189748,4.928211952082241,9.742294458445858,6.617738722798682,3.353453262110227
2022-05-17,3.231902729586017,29874.01,73082.19658,1561954.0,254774110.7184304,31251101365711.0,286.35282581620146,1659.3536585365853,1.4254625426829266,14.0,4008.010009765625,4415030000.0,27.469999313354492,3.3577491599141163,3.726448279189748,4.928211952082241,6.652538336585203,3.4154685832271805
2022-05-18,3.3155809709326225,30444.93,56724.13307,1175382.0,228364599.24151996,31251101365711.0,126.54867059934855,1894.530612244898,1.4602010884353749,8.0,4088.85009765625,4841410000.0,26.100000381469727,4.810523695833132,3.3577491599141163,3.726448279189748,6.516088792153549,3.5298719506540697
2022-05-19,3.596860142654843,28715.32,59749.15799,1379212.0,208169090.46505892,31251101365711.0,15.447490405570296,1961.9925373134329,1.2737879402985068,12.0,3923.679931640625,5103220000.0,30.959999084472656,3.231902729586017,4.810523695833132,3.3577491599141163,6.024943365582244,3.5851138156756983
2022-05-20,3.8604701135551402,30319.23,67877.36415,1860780.0,189527082.3637104,31251101365711.0,29.32194863485856,2151.467213114754,1.3354899918032797,13.0,3900.7900390625,5113550000.0,29.350000381469727,3.3155809709326225,3.231902729586017,4.810523695833132,4.730387320854819,3.5751163918193596
2022-05-21,1.1678769200113581,29201.01,60517.25325,1694004.0,198848086.4143847,31251101365711.0,38.93038102153928,2086.203125,1.4430168203124998,13.0,3901.360107421875,5130730000.0,29.43000030517578,3.596860142654843,3.3155809709326225,3.231902729586017,3.8524681328846744,3.635278251665906
2022-05-22,2.764336955825249,29445.06,20987.13124,643486.0,209722591.14017135,31251101365711.0,12.162366735050398,1668.3333333333333,1.0711926814814818,13.0,3901.360107421875,5130730000.0,29.43000030517578,3.8604701135551402,3.596860142654843,3.3155809709326225,3.69993358452366,3.688232553612727
2022-05-23,3.2715301684374904,30293.94,36158.98748,862880.0,189527082.3637104,31251101365711.0,19.98054260077576,1713.5,1.2055888032786886,14.0,3901.360107421875,5130730000.0,29.43000030517578,1.1678769200113581,3.8604701135551402,3.596860142654843,3.3344233903553184,3.632046260077954
2022-05-24,2.1999986124064144,29109.15,63901.49932,1328317.0,248560108.0179809,31251101365711.0,12.076828257552638,1656.9125,1.1423810437500002,10.0,3973.75,4420030000.0,28.479999542236328,2.764336955825249,1.1678769200113581,3.8604701135551402,3.249650218342623,3.6584025021100164
2022-05-25,2.71785317835068,29654.58,59442.96036,946421.0,186420081.01348567,31251101365711.0,16.91602541591629,1965.55,1.228520425,12.0,3941.47998046875,4923190000.0,29.450000762939453,3.2715301684374904,2.764336955825249,1.1678769200113581,3.0297940001432457,3.724448827109017
2022-05-26,3.626031427032871,29542.15,59537.38659,985440.0,219801139.27751225,30705864440302.207,41.71047228262224,2005.8472222222224,1.354729888888888,11.0,3978.72998046875,4802560000.0,28.3700008392334,2.1999986124064144,3.2715301684374904,2.764336955825249,2.8823791262604455,3.7506217114137548
2022-05-27,3.349636805399287,29201.35,94581.65463,1431112.0,209555369.85718092,29897409688834.0,20.22295570571001,1860.758865248227,1.1963576099290782,12.0,4057.840087890625,4709970000.0,27.5,2.71785317835068,2.1999986124064144,3.2715301684374904,2.796989441605882,3.7337379979338485
2022-05-28,1.4095486139698798,28629.8,90998.5201,1321406.0,205096744.96660265,29897409688834.0,18.45394841827012,1959.804347826087,1.2631450507246371,12.0,4158.240234375,4375620000.0,25.719999313354492,3.626031427032871,2.71785317835068,2.1999986124064144,2.8011567679456,3.7576536684141186
2022-05-29,1.3814591440508657,29031.33,34479.35127,684423.0,219958827.93519703,29897409688834.0,10.892897597685936,1532.391891891892,1.0555958378378365,13.0,4158.240234375,4375620000.0,25.719999313354492,3.349636805399287,3.626031427032871,2.71785317835068,2.728180581066193,3.767729419246771
2022-05-30,3.711207955636548,29468.1,27567.34764,635311.0,221445036.23205647,29897409688834.0,10.383367942172514,1395.0268456375838,1.021936020134228,14.0,4158.240234375,4375620000.0,25.719999313354492,1.4095486139698798,3.349636805399287,3.626031427032871,2.7627051087745533,3.734075162249427
2022-05-31,2.624811249287873,31734.22,96785.9476,1380410.0,228876077.71635368,29897409688834.0,12.337681808973311,1765.0584415584417,1.2585863766233765,10.0,4158.240234375,4375620000.0,25.719999313354492,1.3814591440508657,1.4095486139698798,3.349636805399287,2.565151135663927,3.6957127151588165
2022-06-01,3.3804345415545347,31801.04,62433.11632,1161340.0,216986411.34147817,29897409688834.0,27.00559411080385,1892.280821917808,1.2953703561643837,16.0,4132.14990234375,6822640000.0,26.190000534057617,3.711207955636548,1.3814591440508657,1.4095486139698798,2.627962248120935,3.751264217075742
2022-06-02,1.6938752702750082,29805.83,103395.63382,1404611.0,202124328.3728837,29897409688834.0,35.887983325895426,2001.2132352941176,1.3376668235294125,17.0,4101.22998046875,4531800000.0,25.690000534057617,2.624811249287873,3.711207955636548,1.3814591440508657,2.6886497676754293,3.7533304859159844
2022-06-03,2.439393786417826,30452.62,56961.42928,1086183.0,185776037.10742992,29897409688834.0,62.20845441562219,2119.208,1.4238328000000002,13.0,4176.81982421875,4405790000.0,24.719999313354492,3.3804345415545347,2.624811249287873,3.711207955636548,2.783304248133123,3.7875495164676107
2022-06-04,1.3666605488341586,29700.21,54067.44727,993769.0,212527786.45089987,29897409688834.0,21.597524659260984,1870.748251748252,1.2533063496503491,10.0,4108.5400390625,3711110000.0,24.790000915527344,1.6938752702750082,3.3804345415545347,2.624811249287873,2.507281940024857,3.7996300614897307
2022-06-05,1.4069898487330423,29864.04,25617.90113,618037.0,206582953.2634621,29897409688834.0,11.606457362643978,1572.8705035971225,1.0438811366906473,14.0,4108.5400390625,3711110000.0,24.790000915527344,2.439393786417826,1.6938752702750082,3.3804345415545347,2.377247223027505,3.7959532241785183
2022-06-06,2.7089457113433872,29919.21,23139.9281,604680.0,216986411.34147817,29897409688834.0,7.710981667675506,1379.0479452054794,0.9038802397260276,10.0,4108.5400390625,3711110000.0,24.790000915527344,1.3666605488341586,2.439393786417826,1.6938752702750082,2.371120356579545,3.6874156476280096
2022-06-07,5.599102096780532,31373.1,68836.92456,1124745.0,222931244.5289159,29897409688834.0,16.63661695627702,1792.8066666666666,1.212194793333333,13.0,4121.43017578125,4332700000.0,25.06999969482422,1.4069898487330423,1.3666605488341586,2.439393786417826,2.37476760010557,3.655716728111013
2022-06-08,4.413217563552567,31125.33,110674.51658,1743957.0,240765744.0912292,29897409688834.0,11.067536562276032,1627.4135802469136,1.1520254938271597,15.0,4160.68017578125,4248210000.0,24.020000457763672,2.7089457113433872,1.4069898487330423,1.3666605488341586,2.231587279492261,3.6572616203211035
2022-06-09,1.6958984386114886,30204.77,68542.61276,1236327.0,266405768.7361438,30107694713067.656,9.55757889698211,1469.6460674157304,0.9635821966292134,17.0,4115.77001953125,4159470000.0,23.959999084472656,5.599102096780532,2.7089457113433872,1.4069898487330423,2.656485971991213,3.7400932947668393
2022-06-10,2.795505016008862,30109.93,46291.1865,841562.0,219787040.37955952,30283293547737.0,13.701448989455526,1795.2397260273972,1.1738058493150685,11.0,4017.820068359375,4134170000.0,26.09000015258789,4.413217563552567,5.599102096780532,2.7089457113433872,2.8040264037052176,3.6950115299901016
2022-06-11,2.754394722617114,29091.88,76204.2498,1258608.0,221292431.06709072,30283293547737.0,20.598276127956368,1781.3333333333333,1.1401990816326533,13.0,3900.860107421875,4889640000.0,27.75,1.6958984386114886,4.413217563552567,5.599102096780532,2.8043154277532865,3.5292107874243124
2022-06-12,4.98420978030154,28424.7,65901.39895,1084163.0,231830165.87980932,30283293547737.0,14.673138824402084,1493.5194805194806,1.007854441558442,12.0,3900.860107421875,4889640000.0,27.75,2.795505016008862,1.6958984386114886,4.413217563552567,2.855188460552005,3.2098118451571214
2022-06-13,7.103620866816958,26574.53,92474.598809,1451271.0,191184617.31646612,30283293547737.0,13.73571812950919,1696.6377952755906,1.0910468661417323,14.0,3900.860107421875,4889640000.0,27.75,2.754394722617114,2.795505016008862,1.6958984386114886,3.053436199663856,2.97688185396283
2022-06-14,9.128542074614499,22487.41,254611.034966,3261484.0,200216961.44165352,30283293547737.0,42.04056478759687,2048.894736842105,1.3918801503759402,11.0,3749.6298828125,5636890000.0,34.02000045776367,4.98420978030154,2.754394722617114,2.795505016008862,3.5644676184593562,2.9787484482368067
2022-06-15,8.429351613060188,22136.41,187201.64671,2583151.0,219787040.37955952,30283293547737.0,118.53763878732627,1939.9383561643835,1.44310098630137,8.0,3735.47998046875,5153890000.0,32.689998626708984,7.103620866816958,4.98420978030154,2.754394722617114,4.19227835495558,3.09132086782438
2022-06-16,4.097351839966586,22583.72,200774.493467,2847831.0,248389463.44265285,30283293547737.0,32.81135474922963,1795.830303030303,1.2661951696969689,7.0,3789.989990234375,5530480000.0,29.6200008392334,9.128542074614499,7.103620866816958,4.98420978030154,4.696484066074719,3.283680631647726
2022-06-17,4.453761900673475,20401.31,99673.59429,1690477.0,179141491.81621632,30283293547737.0,45.08441513033772,2111.36974789916,1.3726127226890756,7.0,3666.77001953125,5644930000.0,32.95000076293945,8.429351613060188,9.128542074614499,7.103620866816958,5.270217501718664,3.4043082288886284
2022-06-18,8.41531000158283,20468.81,86694.33663,1352992.0,162582194.2533728,30283293547737.0,30.84981978372693,2329.3888888888887,1.4524084074074075,9.0,3674.840087890625,8520740000.0,31.1299991607666,4.097351839966586,8.429351613060188,9.128542074614499,5.613282273340822,3.4331565325679803
2022-06-19,9.061920542174644,18970.79,196441.655524,2467372.0,234840947.25487185,30283293547737.0,20.326140649535954,1589.0384615384614,1.1938977371794866,6.0,3674.840087890625,8520740000.0,31.1299991607666,4.453761900673475,4.097351839966586,8.429351613060188,5.850176114007193,3.4710958968926757
2022-06-20,5.926910000057357,20574.0,128320.87595,1950660.0,200216961.44165352,30283293547737.0,9.87386685913098,1502.0827067669172,1.0397977218045114,6.0,3674.840087890625,8520740000.0,31.1299991607666,8.41531000158283,4.453761900673475,4.097351839966586,6.658878296716582,3.631710892190275
2022-06-21,4.541312156305514,20573.89,109028.94154,1639448.0,198711570.75412232,30283293547737.0,17.967852276947283,1792.6969696969695,1.1304500833333335,9.0,3674.840087890625,8520740000.0,31.1299991607666,9.061920542174644,8.41531000158283,4.453761900673475,7.241408405555597,3.8050925731442584
2022-06-22,4.707616195031047,20723.52,104371.0749,1515321.0,225808603.1296844,30283293547737.0,22.791954658661187,1696.253333333333,1.1341584733333336,9.0,3764.7900390625,5292260000.0,30.190000534057617,5.926910000057357,9.061920542174644,8.41531000158283,7.073306853161369,3.963727009145792
2022-06-23,4.385262426092656,19987.99,92133.97938,1394981.0,193273708.26929796,30139562945443.56,24.363430850489525,1980.4031007751937,1.27878376744186,11.0,3759.889892578125,5058990000.0,28.950000762939453,4.541312156305514,5.926910000057357,9.061920542174644,6.417988293402942,4.022959515828467
2022-06-24,2.8386549901280347,21110.13,83127.08716,1207858.0,223431040.49786,29570168636358.0,11.112985540108092,1679.032894736842,1.0648888815789477,11.0,3795.72998046875,5098640000.0,29.049999237060547,4.707616195031047,4.541312156305514,5.926910000057357,5.886311805113064,4.0708290500482525
2022-06-25,2.682173065189747,21237.69,77430.36622,1309709.0,189622396.2119996,29570168636358.0,28.969778651117363,1971.68992248062,1.311822999999999,11.0,3911.739990234375,8120260000.0,27.229999542236328,4.385262426092656,4.707616195031047,4.541312156305514,5.92744188884536,4.143671177171127
2022-06-26,2.509801367540867,21491.19,51431.67794,874540.0,221961099.44195303,29570168636358.0,17.92936222003068,1443.8211920529802,1.0827234105960268,14.0,3911.739990234375,8120260000.0,27.229999542236328,2.8386549901280347,4.385262426092656,4.707616195031047,5.6967123301960125,4.147697904230372
2022-06-27,2.862623478962996,21038.07,53278.10464,885306.0,202851865.7151624,29570168636358.0,44.39588374720842,1498.2246376811595,1.2713079347826082,14.0,3911.739990234375,8120260000.0,27.229999542236328,2.682173065189747,2.8386549901280347,4.385262426092656,4.877692767854143,4.116235958835602
2022-06-28,2.886257607104949,20742.56,64475.0013,1002214.0,199911983.60334843,29570168636358.0,128.28801788181545,1903.5514705882356,1.439817183823529,12.0,3900.110107421875,4325310000.0,26.950000762939453,2.509801367540867,2.682173065189747,2.8386549901280347,3.941675742906461,4.088241444240321
2022-06-29,2.211367785980473,20281.29,63801.0832,1064497.0,214611394.16241816,29570168636358.0,52.35359132159664,1699.1780821917807,1.1555059452054792,10.0,3821.550048828125,4270120000.0,28.360000610351562,2.862623478962996,2.509801367540867,2.682173065189747,3.503920525607266,4.136677273073425
2022-06-30,6.813167088230541,20123.01,77309.04379,1210636.0,221961099.44195303,29570168636358.0,24.326086413940004,1755.4900662251655,1.2189805629139074,13.0,3818.830078125,4211240000.0,28.15999984741211,2.886257607104949,2.862623478962996,2.509801367540867,3.267484161435757,4.186837221841894
2022-07-01,4.705983044882649,19942.21,93846.64806,1438163.0,251359920.5600925,29570168636358.0,19.395405191227837,1586.0409356725147,1.0714789883040936,11.0,3785.3798828125,4840070000.0,28.709999084472656,2.211367785980473,2.886257607104949,2.862623478962996,2.9108772458571037,4.136842549520025
2022-07-02,1.6155217145205618,19279.8,111844.59494,1668363.0,196972101.49153444,29570168636358.0,17.917167643361243,2028.910447761194,1.260714589552239,11.0,3825.330078125,4046950000.0,26.700000762939453,6.813167088230541,2.211367785980473,2.886257607104949,3.257720769019658,4.276454410818115
2022-07-03,2.391721615951445,19252.81,46180.3021,833508.0,202851865.7151624,29570168636358.0,22.6888154783586,1703.5942028985507,1.1567153115942028,14.0,3825.330078125,4046950000.0,26.700000762939453,4.705983044882649,6.813167088230541,2.211367785980473,3.524481919698889,4.320639360929051
2022-07-04,3.2565695938027077,19315.83,51087.46631,880786.0,227840863.6655809,29570168636358.0,8.229296136592001,1331.1806451612904,0.8576525806451611,11.0,3825.330078125,4046950000.0,26.700000762939453,1.6155217145205618,4.705983044882649,6.813167088230541,3.372103155317576,4.318027575737236
2022-07-05,4.065183777349546,20236.71,74814.04601,1282843.0,210201570.99469727,29570168636358.0,16.615103736595728,1681.013986013986,1.1054568181818174,14.0,3825.330078125,4046950000.0,26.700000762939453,2.391721615951445,1.6155217145205618,4.705983044882649,3.3552346193762306,4.3164385033883566
2022-07-06,2.670104620681347,20175.83,96041.13756,1612273.0,173453044.59702292,29570168636358.0,27.97944093441217,2083.2966101694915,1.3184957033898306,19.0,3831.389892578125,5076590000.0,27.540000915527344,3.2565695938027077,2.391721615951445,1.6155217145205618,3.411512635781904,4.379435471553975
2022-07-07,4.069232818836236,20564.51,82439.5808,1472221.0,186682514.1001857,29570168636358.0,58.8552202276856,2103.2913385826773,1.3833030078740152,18.0,3845.080078125,4417720000.0,26.729999542236328,4.065183777349546,3.2565695938027077,2.391721615951445,3.57993066010256,4.468041935841192
2022-07-08,4.375150336079746,21624.98,85014.58261,1653722.0,227544125.37384427,29155457214820.32,30.68094900805019,1792.5796178343949,1.2649011464968152,18.0,3902.6201171875,4057770000.0,26.079999923706055,2.670104620681347,4.065183777349546,3.2565695938027077,3.645464493631257,4.466747232819123
2022-07-09,2.252416371186394,21594.75,403081.57349,4358216.0,214480636.4041969,29152798808272.0,13.552173601330926,1813.0472972972973,1.2341333243243249,20.0,3899.3798828125,3521620000.0,24.639999389648438,4.069232818836236,2.670104620681347,4.065183777349546,3.2534738837177843,4.415751590220981
2022-07-10,2.282869931110159,21591.83,178417.84468,3524386.0,194191927.5551512,29152798808272.0,17.58014801700329,1647.0746268656717,1.068876223880597,24.0,3899.3798828125,3521620000.0,24.639999389648438,4.375150336079746,4.069232818836236,2.670104620681347,3.2062120681745125,4.414482682638553
2022-07-11,2.6723364715847326,20862.47,192188.21556,3434401.0,221726603.8502846,29152798808272.0,7.550632865611557,1303.0653594771245,0.8588863137254902,24.0,3899.3798828125,3521620000.0,24.639999389648438,2.252416371186394,4.375150336079746,4.069232818836236,3.2971970191267745,4.43303328039105
2022-07-12,2.840711554625539,19963.61,137535.40724,3232941.0,178250799.1737582,29152798808272.0,14.16213780169345,1865.7073170731708,1.2103079105691057,22.0,3854.429931640625,3423480000.0,26.170000076293945,2.282869931110159,2.252416371186394,4.375150336079746,3.2816467784351624,4.41594544422776
2022-07-13,5.08609970579235,19328.75,139506.45862,3626399.0,218828216.87184957,29152798808272.0,30.53800414277381,1823.6953642384103,1.2042947350993374,16.0,3818.800048828125,3817210000.0,27.290000915527344,2.6723364715847326,2.282869931110159,2.252416371186394,3.198184903832594,4.413210169193348
2022-07-14,4.187217902904237,20234.87,209250.24888,4789109.0,159411283.8139301,29152798808272.0,33.871490923503394,2024.154545454545,1.3524131727272726,15.0,3801.780029296875,4109390000.0,26.81999969482422,2.840711554625539,2.6723364715847326,2.282869931110159,3.023260300586308,4.34176022833748
2022-07-15,3.169777245221527,20588.84,174809.21696,4576355.0,179699992.6629758,29152798808272.0,100.89375991386956,2313.6612903225805,1.519424540322581,18.0,3790.3798828125,4199690000.0,26.399999618530273,5.08609970579235,2.840711554625539,2.6723364715847326,3.368402455602165,4.274509522969994
2022-07-16,3.1856369767476695,20830.04,143343.3049,4411375.0,205785475.4688916,29152798808272.0,38.802536318710594,1896.2605633802816,1.351248126760563,15.0,3863.159912109375,4143800000.0,24.229999542236328,4.187217902904237,5.08609970579235,2.840711554625539,3.3852574676118796,4.109798717246319
2022-07-17,2.7614557172399206,21195.6,121011.67393,3723401.0,214480636.4041969,29152798808272.0,13.488488883482974,1531.337837837838,1.0242224864864866,21.0,3863.159912109375,4143800000.0,24.229999542236328,3.169777245221527,4.187217902904237,5.08609970579235,3.2130613117749918,3.9344795716516967
2022-07-18,5.951924108653243,20798.16,118229.4525,4261057.0,179699992.6629758,29152798808272.0,17.62026002252391,1630.298387096774,1.107770830645161,24.0,3863.159912109375,4143800000.0,24.229999542236328,3.1856369767476695,3.169777245221527,4.187217902904237,3.3463785411408873,3.904089076211066
2022-07-19,4.130845086244901,22432.58,239942.73132,6564387.0,189844347.0874986,29152798808272.0,20.97322874209937,1892.328244274809,1.206672099236641,20.0,3830.85009765625,4046870000.0,25.299999237060547,2.7614557172399206,3.1856369767476695,3.169777245221527,3.414747939159425,3.847678870096614
2022-07-20,5.019954951715196,23396.62,263770.76574,6488375.0,199988701.51202145,29152798808272.0,45.16382467887428,2028.623188405797,1.4011164275362311,30.0,3936.68994140625,4041070000.0,24.5,5.951924108653243,2.7614557172399206,3.1856369767476695,3.8832604587406405,3.765566006998961
2022-07-21,4.071324819900248,23223.3,238762.17094,6364038.0,182598379.6414109,29152798808272.0,35.80404934689697,2065.0396825396824,1.3745806507936509,31.0,3959.89990234375,4185300000.0,23.8799991607666,4.130845086244901,5.951924108653243,2.7614557172399206,4.067565248971978,3.6011968251346365
2022-07-22,3.4461152949419698,23152.19,184817.68191,4808194.0,199187652.45519632,28827135813162.805,43.981176350891566,1971.05035971223,1.3357510647482018,34.0,3998.949951171875,4132790000.0,23.110000610351562,5.019954951715196,4.130845086244901,5.951924108653243,4.058115998389527,3.5709649901898977
2022-07-23,2.584401223614124,22684.83,171598.43966,4745582.0,181711862.6387281,27692567959234.0,21.30078914797956,1994.5151515151515,1.202991984848485,33.0,3961.6298828125,3979240000.0,23.030000686645508,4.071324819900248,5.019954951715196,4.130845086244901,4.041559843674672,3.555298745643056
2022-07-24,2.6403628717671985,22451.07,122137.77375,3762227.0,211997173.07851613,27692567959234.0,14.66346918197213,1452.8831168831168,0.9566079155844158,31.0,3961.6298828125,3979240000.0,23.030000686645508,3.4461152949419698,4.071324819900248,5.019954951715196,4.0810367079204495,3.5132487156400862
2022-07-25,3.405694401394351,22579.68,115189.67277,3671238.0,216126988.1384872,27692567959234.0,7.515206246805722,1273.3694267515923,0.857081280254777,30.0,3961.6298828125,3979240000.0,23.030000686645508,2.584401223614124,3.4461152949419698,4.071324819900248,3.995145886044228,3.453220008890802
2022-07-26,2.442811541196917,21310.9,180344.76643,4807238.0,195477912.8386317,27692567959234.0,12.6809254815851,1784.6267605633802,1.18882488028169,30.0,3966.840087890625,3568340000.0,23.360000610351562,2.6403628717671985,2.584401223614124,3.4461152949419698,3.9778469081195547,3.446610271612107
2022-07-27,4.717721092353461,21254.67,177817.24326,4545385.0,220256803.19845837,27692567959234.0,12.593146630160174,1655.38125,1.1591985937500004,26.0,3921.050048828125,3778950000.0,24.690000534057617,3.405694401394351,2.6403628717671985,2.584401223614124,3.6140998070825696,3.4707276494855943
2022-07-28,4.4715554774092885,22952.45,210971.19796,5475738.0,227139828.2984101,27692567959234.0,8.727889305807873,1551.090909090909,1.019873690909091,28.0,4023.610107421875,4112180000.0,23.239999771118164,2.442811541196917,3.405694401394351,2.6403628717671985,3.3729521577900003,3.468494655274129
2022-07-29,2.820483264075417,23842.93,236029.0741,6500034.0,194101307.8186414,27692567959234.0,32.583218069528826,2037.2624113475176,1.3485174680851058,32.0,4072.429931640625,4413000000.0,22.329999923706055,4.717721092353461,2.442811541196917,3.405694401394351,3.3297758921668956,3.5303312423871445
2022-07-30,3.5007807827886714,23773.75,198298.50623,6221401.0,200984332.91859323,27692567959234.0,20.10675650509497,1928.8219178082195,1.240760945205479,39.0,4130.2900390625,4616360000.0,21.329999923706055,4.4715554774092885,4.717721092353461,2.442811541196917,3.3869517003824727,3.5831745047306227
2022-07-31,1.915862200456233,23643.51,151060.13211,4801528.0,177582047.57875702,27692567959234.0,21.943642583713604,1803.84496124031,1.1395797441860465,42.0,4130.2900390625,4616360000.0,21.329999923706055,2.820483264075417,4.4715554774092885,4.717721092353461,3.2975756959729656,3.6034783540004542
2022-08-01,2.580166793203419,23293.32,127743.32483,4463721.0,209243963.0385354,27692567959234.0,7.979763621899967,1375.2763157894738,0.9227110789473686,39.0,4130.2900390625,4616360000.0,21.329999923706055,3.5007807827886714,2.820483264075417,4.4715554774092885,3.4284870615693293,3.493065477152392
2022-08-02,2.854922265862685,23268.01,144210.16219,4775213.0,187218282.7186896,27692567959234.0,21.733516016375813,1835.3676470588236,1.287020713235293,33.0,4118.6298828125,4202810000.0,22.84000015258789,1.915862200456233,3.5007807827886714,2.820483264075417,3.3249869656677626,3.4000614490048444
2022-08-03,2.6025099097162436,22987.79,158073.28225,5066511.0,213373778.09850645,27692567959234.0,11.989119234848657,1722.374193548387,1.146315819354839,31.0,4091.18994140625,4727710000.0,23.93000030517578,2.580166793203419,1.915862200456233,3.5007807827886714,3.2070544502119156,3.4322162849609397
2022-08-04,2.423838027565835,22818.37,145948.80995,4887642.0,199607727.89860287,27692567959234.0,27.379104556439327,1945.0827586206897,1.292170531034483,34.0,4155.169921875,4351760000.0,21.950000762939453,2.854922265862685,2.580166793203419,1.915862200456233,3.2659274108784535,3.4476563066246473
2022-08-05,3.0044088691353568,22622.98,154854.67016,4966138.0,183173748.8020644,27915356836850.324,39.78971161144467,2118.992424242424,1.3417020075757575,30.0,4151.93994140625,4283320000.0,21.440000534057617,2.6025099097162436,2.854922265862685,2.580166793203419,2.963754384787422,3.425854317155099
2022-08-06,1.1897685932942759,23312.42,175251.69749,5340569.0,210085555.0395456,28174668481289.0,25.156745846477317,1789.753333333333,1.1568546066666667,31.0,4145.18994140625,4085940000.0,21.149999618530273,2.423838027565835,2.6025099097162436,2.854922265862685,2.6712233205240716,3.3711427921623085
2022-08-07,1.3574066238843503,22954.21,83911.80307,3360228.0,225491829.07577893,28174668481289.0,21.3169817660911,1476.254658385093,1.0134976956521735,31.0,4145.18994140625,4085940000.0,21.149999618530273,3.0044088691353568,2.423838027565835,2.6025099097162436,2.697498406961206,3.382286267110776
2022-08-08,2.4552305182951093,23174.39,88890.00877,3646643.0,222690688.3419183,28174668481289.0,9.18086319597419,1233.7169811320755,0.8251613081761004,30.0,4145.18994140625,4085940000.0,21.149999618530273,1.1897685932942759,3.0044088691353568,2.423838027565835,2.3673538084620067,3.286304126259377
2022-08-09,1.824573441433643,23810.0,170958.44152,5892045.0,201682132.83796376,28174668481289.0,14.38409347786001,1781.8194444444443,1.1516775000000004,30.0,4140.06005859375,4221090000.0,21.290000915527344,1.3574066238843503,1.1897685932942759,3.0044088691353568,2.287574440380309,3.1857126691861968
2022-08-10,4.5400790613590285,23149.95,143182.50858,5105613.0,200281562.47103348,28174668481289.0,40.13799131284226,1791.8391608391607,1.2713887412587412,42.0,4122.47021484375,3913090000.0,21.770000457763672,2.4552305182951093,1.3574066238843503,1.1897685932942759,2.2697264011076936,3.192473140756488
2022-08-11,3.133607143278093,23954.05,208916.54953,6818207.0,207284414.30568492,28174668481289.0,25.69355905757316,1787.608108108108,1.3602275675675677,31.0,4210.240234375,4546010000.0,19.739999771118164,1.824573441433643,2.4552305182951093,1.3574066238843503,2.122533711903545,3.1771965911006035
2022-08-12,1.8827463997564822,23934.39,249759.79557,8269994.0,196079851.3702425,28174668481289.0,33.713383709971374,2052.542857142857,1.3588936285714286,41.0,4207.27001953125,4630200000.0,20.200000762939453,4.5400790613590285,1.824573441433643,2.4552305182951093,2.3993293049953714,3.2394546774264135
2022-08-13,1.7204113518637054,24403.68,174207.5704,6134163.0,215687836.5072668,28174668481289.0,19.901822246676996,1777.0194805194806,1.1878402792207792,42.0,4280.14990234375,3788010000.0,19.530000686645508,3.133607143278093,4.5400790613590285,1.824573441433643,2.5007248929542656,3.249217863714832
2022-08-14,1.8483533218901025,24441.38,152852.25435,5617859.0,194679281.00331223,28174668481289.0,9.030957206834684,1678.474820143885,1.0838953021582731,46.0,4280.14990234375,3788010000.0,19.530000686645508,1.8827463997564822,3.133607143278093,4.5400790613590285,2.3404873973287117,3.142439420180303
2022-08-15,3.6916590687463042,24305.24,151206.14473,5473905.0,186275858.8017304,28174668481289.0,12.974050939227872,1543.984962406015,1.122552015037594,47.0,4280.14990234375,3788010000.0,19.530000686645508,1.7204113518637054,1.8827463997564822,3.133607143278093,2.4162935056957733,3.0602125351456184
2022-08-16,1.6876223043836065,24094.82,242539.54758,7488466.0,203082703.20489404,28174668481289.0,11.05869479345774,1668.510344827586,1.1852143793103445,45.0,4297.14013671875,3696830000.0,19.950000762939453,1.8483533218901025,1.7204113518637054,1.8827463997564822,2.486428748268023,3.016165071034571
2022-08-17,3.2800490051507576,23854.74,179324.94821,5978567.0,207284414.30568492,28174668481289.0,23.27063597006017,1850.6486486486488,1.3101044391891896,44.0,4305.2001953125,4329820000.0,19.690000534057617,3.6916590687463042,1.8483533218901025,1.7204113518637054,2.66306139833248,3.0330324741011925
2022-08-18,1.3863575300261328,23342.66,210668.68766,6901586.0,180673577.3340092,28174668481289.0,28.791956682835163,1985.4806201550389,1.330205565891473,41.0,4274.0400390625,3885030000.0,19.899999618530273,1.6876223043836065,3.6916590687463042,1.8483533218901025,2.6434969501824748,2.997238027005982
2022-08-19,4.725310736226874,23191.2,144185.97011,6029662.0,202403376.0331685,28275424991711.293,39.1191523337919,2027.2291666666667,1.401119722222222,30.0,4283.740234375,3340330000.0,19.559999465942383,3.2800490051507576,1.6876223043836065,3.6916590687463042,2.463492656438436,2.908175523555899
2022-08-20,2.537737607535871,20834.39,283995.87747,8860928.0,250867150.7861116,28351606743494.0,10.91472623525036,1572.5280898876404,1.0801938539325835,33.0,4228.47998046875,3761340000.0,20.600000381469727,1.3863575300261328,3.2800490051507576,1.6876223043836065,2.213885568831013,2.8166926050152736
2022-08-21,1.5335175082350818,21140.07,183041.68363,5723362.0,209995536.3321945,28351606743494.0,7.677032284541592,1494.778523489933,1.011525496644296,29.0,4228.47998046875,3761340000.0,20.600000381469727,4.725310736226874,1.3863575300261328,3.2800490051507576,2.619966188326783,2.806871131165663
2022-08-22,2.512049389496171,21515.61,159200.6841,5034461.0,205767438.2852376,28351606743494.0,12.432261083048727,1407.0890410958905,0.945787136986302,27.0,4228.47998046875,3761340000.0,20.600000381469727,2.537737607535871,4.725310736226874,1.3863575300261328,2.7367270819942355,2.7557515574201834
2022-08-23,2.431280517622295,21399.83,222222.04526,6443370.0,204358072.2695853,28351606743494.0,16.616423473082257,1727.8206896551724,1.1258427379310345,29.0,4137.990234375,3907430000.0,23.799999237060547,1.5335175082350818,2.537737607535871,4.725310736226874,2.6917505371863752,2.6919982978632873
2022-08-24,1.9466975228334078,21529.12,200967.77164,6333442.0,242410954.69219768,28351606743494.0,9.366167188850056,1493.7674418604652,1.0530921337209298,28.0,4128.72998046875,3823520000.0,24.110000610351562,2.512049389496171,1.5335175082350818,2.537737607535871,2.5232348687220707,2.6895865700593555
2022-08-25,1.636323125779406,21368.08,174383.22046,5561412.0,205767438.2852376,28351606743494.0,11.283841258264705,1757.5753424657537,1.156057198630137,25.0,4140.77001953125,3583630000.0,22.81999969482422,2.431280517622295,2.512049389496171,1.5335175082350818,2.6294717563275976,2.682617158254525
2022-08-26,4.581185780632564,21559.04,169915.78301,5618785.0,224089196.48871768,28351606743494.0,16.19721400575955,1638.1132075471698,1.09452965408805,25.0,4199.1201171875,3566870000.0,21.780000686645508,1.9466975228334078,2.431280517622295,2.512049389496171,2.438992973139405,2.6339839289691604
2022-08-27,1.5969802154628447,20241.05,273811.61955,7587244.0,248048418.754807,28351606743494.0,10.929799334948024,1492.7386363636365,1.0011326590909104,27.0,4057.659912109375,3832750000.0,25.559999465942383,1.636323125779406,1.9466975228334078,2.431280517622295,2.474702343961301,2.607100981788577
2022-08-28,2.037941064701447,20037.6,162582.46032,5263328.0,204358072.2695853,28351606743494.0,10.529512862489764,1554.6206896551723,1.072243786206897,28.0,4057.659912109375,3832750000.0,25.559999465942383,4.581185780632564,1.636323125779406,1.9466975228334078,2.4541130645906852,2.602549804731214
2022-08-29,1.9451767669363726,19555.61,139307.95976,4678693.0,226907928.52002236,28351606743494.0,12.284470641985957,1255.335403726708,0.8783849440993783,28.0,4057.659912109375,3832750000.0,25.559999465942383,1.5969802154628447,4.581185780632564,1.636323125779406,2.319719151437396,2.5067306293329987
2022-08-30,2.943597757574042,20285.73,210509.49545,5840323.0,221270464.45741308,28351606743494.0,14.207585586890934,1606.592356687898,1.14068374522293,24.0,4030.610107421875,3396510000.0,26.209999084472656,2.037941064701447,1.5969802154628447,4.581185780632564,2.3917796595040195,2.4806458893538665
2022-08-31,2.701571872996704,19811.66,256634.35529,6593178.0,228317294.5356746,28351606743494.0,13.58729496635685,1620.030864197531,1.1189232777777782,27.0,3986.159912109375,3835860000.0,26.209999084472656,1.9451767669363726,2.037941064701447,1.5969802154628447,2.310797856281191,2.42879242215879
2022-09-01,2.2603020313954056,20050.02,276946.60765,6389133.0,219862688.89188156,30293716756044.19,17.736832605645205,1783.7328767123288,1.2127055616438356,23.0,3955.0,4542490000.0,25.8700008392334,2.943597757574042,1.9451767669363726,2.037941064701447,2.383986033417155,2.463050274062717
2022-09-02,2.5200541582695397,20131.46,245289.97263,5937975.0,212503108.15739748,30977051760460.0,25.46322718262911,1942.1884057971013,1.26865952173913,20.0,3966.85009765625,4152250000.0,25.559999465942383,2.701571872996704,2.943597757574042,1.9451767669363726,2.4918252262976255,2.4670971100558265
2022-09-03,1.0119526637059217,19951.86,245986.6033,5740705.0,198644209.79930627,30977051760460.0,33.55610031627294,2097.5813953488373,1.4075855891472864,25.0,3924.260009765625,3665850000.0,25.469999313354492,2.2603020313954056,2.701571872996704,2.943597757574042,2.5809650699570548,2.447276435573584
2022-09-04,1.669643033017635,19831.9,146639.03204,3739909.0,226362006.5154886,30977051760460.0,51.94267363768633,1650.3197278911564,1.1931505578231294,21.0,3924.260009765625,3665850000.0,25.469999313354492,2.5200541582695397,2.2603020313954056,2.701571872996704,2.286517695333765,2.4445279105253603
2022-09-05,1.3941813496221251,20000.3,145588.77893,3838915.0,258699436.01770127,30977051760460.0,6.525558616601289,1217.4880952380952,0.8614162678571433,20.0,3924.260009765625,3665850000.0,25.469999313354492,1.0119526637059217,2.5200541582695397,2.2603020313954056,2.202942330797062,2.397465065063363
2022-09-06,4.440482316124019,19796.84,222543.01057,4657233.0,235601272.08754936,30977051760460.0,15.006189110268496,1635.156862745098,1.1662621830065365,23.0,3924.260009765625,3665850000.0,25.469999313354492,1.669643033017635,1.0119526637059217,2.5200541582695397,2.150328326270803,2.3529728705261053
2022-09-07,2.6249775369599626,18790.61,356315.05718,7124384.0,218662618.53877124,30977051760460.0,16.930586216287356,1888.2042253521129,1.258158725352113,22.0,3908.18994140625,4127340000.0,26.90999984741211,1.3941813496221251,1.669643033017635,1.0119526637059217,2.0716146952259105,2.3597866290703675
2022-09-08,1.9757029828481196,19292.84,287394.7788,5597127.0,224822128.92014512,30977051760460.0,22.88859317852866,1816.7054794520548,1.28134452739726,24.0,3979.8701171875,3890320000.0,24.639999389648438,4.440482316124019,1.3941813496221251,1.669643033017635,2.2854553464473355,2.4625558188116896
2022-09-09,4.380989352359851,19319.77,262813.28273,6013826.0,195564454.60861945,30977051760460.0,22.69442089580732,2069.787401574803,1.380804212598426,20.0,4006.179931640625,3966850000.0,23.610000610351562,2.6249775369599626,4.440482316124019,1.3941813496221251,2.274513298442087,2.468214052767185
2022-09-10,2.621181741276611,21360.11,428919.74652,7777214.0,226362006.5154886,30977051760460.0,18.809278735276727,1978.56462585034,1.377290925170068,22.0,4067.360107421875,3901940000.0,22.790000915527344,1.9757029828481196,2.6249775369599626,4.440482316124019,2.2338562915067603,2.473251704147667
2022-09-11,2.030391593097327,21648.34,307997.33504,5615783.0,241760782.4689232,30977051760460.0,17.37536044424061,1540.9936305732483,1.051505777070063,28.0,4067.360107421875,3901940000.0,22.790000915527344,4.380989352359851,1.9757029828481196,2.6249775369599626,2.499704176376805,2.467948713847695
2022-09-12,3.4134142409914325,21826.87,280702.55149,4801844.0,281797599.94785315,30977051760460.0,7.729352198131611,1204.1584699453551,0.8763909562841532,26.0,4067.360107421875,3901940000.0,22.790000915527344,2.621181741276611,4.380989352359851,1.9757029828481196,2.729594044601189,2.450867867114312
2022-09-13,6.145807026900579,22395.74,395395.61828,6979539.0,235601272.08754936,30977051760460.0,14.03248221793494,1757.9803921568628,1.2223856143790846,25.0,4110.41015625,3814200000.0,23.8700008392334,2.030391593097327,2.621181741276611,4.380989352359851,2.781129553184002,2.455789373559007
2022-09-14,2.8861511291950137,20173.57,431915.03333,8126869.0,211972242.0735515,31125211237044.062,22.398406262741773,1898.5985401459852,1.2808949416058393,34.0,3932.68994140625,4224550000.0,27.270000457763672,3.4134142409914325,2.030391593097327,2.621181741276611,3.069591394808189,2.512222803196598
2022-09-15,2.582212366874268,20226.71,340826.40151,6313052.0,202308899.97494468,32045359565303.0,37.48010044743668,2128.417322834646,1.4709224173228346,27.0,3946.010009765625,4293240000.0,26.15999984741211,6.145807026900579,3.4134142409914325,2.030391593097327,3.313209210633412,2.6554712600302808
2022-09-16,2.164346638192538,19701.88,333069.76076,6690974.0,234168569.26233757,32045359565303.0,19.204889892317787,1884.6326530612248,1.2396182721088438,28.0,3901.35009765625,4441830000.0,26.270000457763672,2.8861511291950137,6.145807026900579,3.4134142409914325,3.3505197238098474,2.628620995378571
2022-09-17,1.580769191041708,19803.3,283791.07064,5120935.0,203901883.4393143,32045359565303.0,26.891132007988823,2041.8828125,1.2864142187500005,20.0,3873.330078125,7954650000.0,26.299999237060547,2.582212366874268,2.8861511291950137,6.145807026900579,3.437163921527869,2.658440664128259
2022-09-18,2.2731091449932865,20113.62,179350.24338,3862666.0,270807188.94283926,32045359565303.0,34.16254277085398,1458.0176470588235,1.0387603117647062,22.0,3873.330078125,7954650000.0,26.299999237060547,2.164346638192538,2.582212366874268,2.8861511291950137,3.120500676646824,2.621250585229652
2022-09-19,5.631326111178918,19416.18,254217.46904,4634096.0,245319453.51292503,32045359565303.0,7.978442416740258,1379.1948051948052,0.945075824675325,27.0,3873.330078125,7954650000.0,26.299999237060547,1.580769191041708,2.164346638192538,2.582212366874268,2.9718703123275523,2.6277309739301713
2022-09-20,3.062141573401354,19537.02,380512.40306,6820580.0,207087850.3680536,32045359565303.0,18.50029504905075,1952.2692307692307,1.2532212538461531,21.0,3899.889892578125,3766850000.0,25.760000228881836,2.2731091449932865,1.580769191041708,2.164346638192538,3.0065442483126894,2.545990920889052
2022-09-21,5.593801181035195,18875.0,324098.3286,5900070.0,242133486.58418572,32045359565303.0,21.64607423527751,1774.8223684210527,1.275621572368421,23.0,3855.929931640625,4058050000.0,27.15999984741211,5.631326111178918,2.2731091449932865,1.580769191041708,3.3233888011966157,2.6491105376771533
2022-09-22,3.291744523852093,18461.36,385034.10021,6907777.0,224610668.47611964,32045359565303.0,18.581687238183964,1850.5248226950357,1.2179004397163125,23.0,3789.929931640625,4078330000.0,27.989999771118164,3.062141573401354,5.631326111178918,2.2731091449932865,2.882865164982441,2.7000646731826956
2022-09-23,3.07674837096831,19401.63,379321.72111,6251862.0,203901883.4393143,32045359565303.0,21.154477825396963,1920.265625,1.2255284843749998,22.0,3757.989990234375,4284600000.0,27.350000381469727,5.593801181035195,3.062141573401354,5.631326111178918,3.269672315245324,2.8027897329006635
2022-09-24,1.7012333803492399,19289.91,385886.91829,5906265.0,215052767.68990183,32045359565303.0,37.56522052006071,2084.5851851851853,1.3804169925925929,20.0,3693.22998046875,5144270000.0,29.920000076293945,3.291744523852093,5.593801181035195,3.062141573401354,3.3710340519564417,2.8314718664416563
2022-09-25,1.5993136786459325,18920.5,239496.56746,3907636.0,232575585.79796788,32045359565303.0,10.342579699285622,1561.917808219178,1.04380405479452,24.0,3693.22998046875,5144270000.0,29.920000076293945,3.07674837096831,3.291744523852093,5.593801181035195,3.501377156638695,2.8691402280461533
2022-09-26,3.175980842466826,18807.38,191191.4492,3714450.0,234168569.26233757,32045359565303.0,12.364165059523083,1442.2380952380952,0.9538612857142864,24.0,3693.22998046875,5144270000.0,29.920000076293945,1.7012333803492399,3.07674837096831,3.291744523852093,3.518586326539771,2.8713039031984806
2022-09-27,5.381984639804459,19227.82,439239.21943,5837041.0,238947519.65544644,32045359565303.0,17.717263501894262,1728.74,1.1799564199999992,21.0,3655.0400390625,4886140000.0,32.2599983215332,1.5993136786459325,1.7012333803492399,3.07674837096831,3.4223298313472914,2.771908166465593
2022-09-28,3.7682155248250644,19079.13,593260.74161,8152473.0,205494866.90368396,32045359565303.0,39.84071623851552,2101.6821705426355,1.4607683875968993,20.0,3647.2900390625,4577740000.0,32.599998474121094,3.175980842466826,1.5993136786459325,1.7012333803492399,3.0715662215312785,2.8245415206990594
2022-09-29,2.9675512657934546,19412.82,521385.45547,7357437.0,234283743.87934905,31419898493798.69,10.350638132977444,1760.32,1.1130801733333338,20.0,3719.0400390625,4684850000.0,30.18000030517578,5.381984639804459,3.175980842466826,1.5993136786459325,3.40297237387458,2.9360096398691597
2022-09-30,3.5495924431300883,19591.51,406424.93256,5631615.0,222928606.67506388,31360548173145.0,19.21771184375104,1869.5244755244755,1.215810685314685,22.0,3640.469970703125,4681810000.0,31.84000015258789,3.7682155248250644,5.381984639804459,3.175980842466826,3.142174422987418,2.9967775984654494
2022-10-01,0.7134536936063665,19422.61,444322.9534,6254203.0,263461080.61598453,31360548173145.0,10.735844218750316,1696.284023668639,1.1372198106508875,21.0,3585.6201171875,5645360000.0,31.6200008392334,2.9675512657934546,3.7682155248250644,5.381984639804459,3.0958611004076126,2.99757604873943
2022-10-02,1.3532951256579497,19310.95,165625.13959,2470590.0,282168376.2810249,31360548173145.0,6.951934171927757,1336.9779005524863,0.9314143867403312,20.0,3585.6201171875,5645360000.0,31.6200008392334,3.5495924431300883,2.9675512657934546,3.7682155248250644,3.1634102535735806,3.0258434010772093
2022-10-03,2.200429754704075,19056.8,206812.47032,3320217.0,244753784.95094424,31360548173145.0,8.827690291067428,1360.8025477707006,0.9837532866242032,24.0,3585.6201171875,5645360000.0,31.6200008392334,0.7134536936063665,3.5495924431300883,2.9675512657934546,3.0222988697531705,2.974281789817575
2022-10-04,1.9743457969567761,19629.08,293585.75212,4471910.0,240076961.03468412,31360548173145.0,15.251938461738906,1778.051948051948,1.2453235649350645,24.0,3678.429931640625,4806680000.0,30.100000381469727,1.3532951256579497,0.7134536936063665,3.5495924431300883,2.987153362183459,2.935389822063855
2022-10-05,2.331322449756392,20337.82,327012.00127,4871932.0,254107432.7834644,31360548173145.0,11.172361212225251,1710.085889570552,1.1114347484662572,20.0,3790.929931640625,5146580000.0,29.06999969482422,2.200429754704075,1.3532951256579497,0.7134536936063665,2.847788921074494,2.975005725097127
2022-10-06,1.7489655837483293,20158.26,312239.75224,4540004.0,272814728.44850475,31360548173145.0,9.182927443936238,1525.8342857142857,0.9779797542857142,25.0,3783.280029296875,4293180000.0,28.549999237060547,1.9743457969567761,2.200429754704075,1.3532951256579497,2.3609833720962534,2.985162483895098
2022-10-07,2.3715306213753014,19960.67,320122.1702,5085004.0,247871667.56178424,31360548173145.0,12.258699880185093,1749.7106918238994,1.140855396226415,26.0,3744.52001953125,4252100000.0,30.520000457763672,2.331322449756392,1.9743457969567761,2.200429754704075,2.155712932800729,3.0164005205662408
2022-10-08,1.1043476454824184,19530.09,220874.83913,4324772.0,266578963.2268246,31360548173145.0,10.641780937394634,1580.06432748538,1.1519270233918126,23.0,3639.659912109375,4449660000.0,31.360000610351562,1.7489655837483293,2.331322449756392,1.9743457969567761,1.9816292639371393,2.9266832961537177
2022-10-09,0.8640459880991493,19417.96,102480.09842,2637385.0,272814728.44850475,31360548173145.0,6.838091953993561,1345.702857142857,0.8557131257142854,24.0,3639.659912109375,4449660000.0,31.360000610351562,2.3715306213753014,1.7489655837483293,2.331322449756392,1.81333471797217,2.918235065634229
2022-10-10,2.002312926979737,19439.02,113900.82681,2833704.0,246312726.25636423,31360548173145.0,8.442970255215632,1336.9493670886077,0.883335449367089,22.0,3639.659912109375,4449660000.0,31.360000610351562,1.1043476454824184,2.3715306213753014,1.7489655837483293,1.8691767110973203,2.889189887722039
2022-10-11,1.4997180703550275,19131.87,212509.09849,4432688.0,281762541.4868823,33738662001569.637,8.132101218220976,1537.4166666666667,1.050634654761905,22.0,3612.389892578125,3834320000.0,32.45000076293945,0.8640459880991493,1.1043476454824184,2.3715306213753014,1.7992839771603486,2.7719584422466825
2022-10-12,0.7760086919683649,19060.0,243473.84286,4792106.0,277924882.20287925,35610794164372.0,13.166854254310618,1697.1401273885351,1.1113075987261147,24.0,3588.840087890625,4759030000.0,33.630001068115234,2.002312926979737,0.8640459880991493,1.1043476454824184,1.770981573199729,2.7513294817701195
2022-10-13,4.242023113134346,19155.53,213826.26731,4556597.0,242520438.6101558,35610794164372.0,17.966804454550577,1906.5401459854013,1.2116567372262772,20.0,3577.030029296875,4006830000.0,33.56999969482422,1.4997180703550275,2.002312926979737,0.8640459880991493,1.7031776122566222,2.733640364345376
2022-10-14,3.202035263468703,19375.13,399756.68337,7470896.0,253141771.68797284,35610794164372.0,42.15053221347002,1965.6853146853148,1.3480974125874128,20.0,3669.909912109375,5021680000.0,31.940000534057617,0.7760086919683649,1.4997180703550275,2.002312926979737,1.4809899325726181,2.6457268460446075
2022-10-15,0.7058800982553364,19176.93,351634.32601,6688310.0,276154660.02324307,35610794164372.0,19.44044188152964,1824.6666666666667,1.3204857499999996,24.0,3583.070068359375,4243030000.0,32.02000045776367,4.242023113134346,0.7760086919683649,1.4997180703550275,1.837141008199192,2.582267382252399
2022-10-16,1.8610626701071602,19069.39,113847.64232,3052219.0,269073771.3046984,35610794164372.0,11.733057959293347,1590.5131578947369,1.0648617171052637,24.0,3583.070068359375,4243030000.0,32.02000045776367,3.202035263468703,4.242023113134346,0.7760086919683649,1.9557845284982494,2.5927968533948555
2022-10-17,1.1958302544764121,19262.98,131894.61885,3438605.0,254911993.867609,35610794164372.0,12.617641289155058,1478.6041666666667,0.9598758472222224,24.0,3583.070068359375,4243030000.0,32.02000045776367,0.7058800982553364,3.202035263468703,4.242023113134346,1.8988605931800946,2.530252444440891
2022-10-18,1.8763427492920721,19549.86,222813.87634,5162979.0,265533326.945426,35610794164372.0,22.9898264300522,1736.4733333333334,1.142144326666667,20.0,3677.949951171875,4352780000.0,31.3700008392334,1.8610626701071602,0.7058800982553364,3.202035263468703,2.041291547752668,2.520142978838045
2022-10-19,1.2800478932902046,19327.44,260313.07848,5588482.0,251371549.5083366,35610794164372.0,28.521382242175388,1814.7464788732395,1.3007113521126763,22.0,3719.97998046875,4483740000.0,30.5,1.1958302544764121,1.8610626701071602,0.7058800982553364,1.92607973739505,2.5073116809525353
2022-10-20,1.7410191216956175,19123.97,186137.29538,4545820.0,267303549.1250622,35610794164372.0,46.43618605985021,1745.1456953642385,1.3734424370860927,23.0,3695.159912109375,4223800000.0,30.760000228881836,1.8763427492920721,1.1958302544764121,1.8610626701071602,1.9798832629574847,2.494086134429162
2022-10-21,1.6927170476845401,19041.92,223530.13068,5391090.0,256682216.0472452,35610794164372.0,22.42467787178904,1820.593103448276,1.22090355862069,23.0,3665.780029296875,4496620000.0,29.979999542236328,1.2800478932902046,1.8763427492920721,1.1958302544764121,2.0518888631463192,2.3490435271662045
2022-10-22,0.5232689496892626,19164.37,269310.75769,5679281.0,276154660.02324307,35610794164372.0,12.039546940731716,1735.5192307692307,1.1408685000000005,23.0,3752.75,5078020000.0,29.690000534057617,1.7410191216956175,1.2800478932902046,1.8763427492920721,1.6946025786550722,2.305006112109347
2022-10-23,1.6526865415045868,19204.35,110403.90837,2887106.0,240750216.4305196,35610794164372.0,16.19347485525182,1713.9485294117646,1.1216811911764704,20.0,3752.75,5078020000.0,29.690000534057617,1.6927170476845401,1.7410191216956175,1.2800478932902046,1.478985690685906,2.1749699743309914
2022-10-24,1.0085844792785517,19570.4,167057.20184,3939703.0,274506216.9071191,35626599175758.016,13.004968522606708,1405.625806451613,0.927848832258065,23.0,3752.75,5078020000.0,29.690000534057617,0.5232689496892626,1.6927170476845401,1.7410191216956175,1.4528983837478957,2.0826874551922305
2022-10-25,2.536419107733613,19329.72,256168.14467,5676899.0,249031192.74934924,36835682546788.0,29.361857454557143,1944.75,1.2878035514705892,22.0,3797.340087890625,4747930000.0,29.850000381469727,1.6526865415045868,0.5232689496892626,1.6927170476845401,1.4231303653760994,2.0352187275434397
2022-10-26,2.560185549474814,20080.07,326370.67061,7214687.0,223395628.7898574,36835682546788.0,31.73902862353512,2037.2131147540983,1.1976668442622946,20.0,3859.110107421875,4843120000.0,28.459999084472656,1.0085844792785517,1.6526865415045868,0.5232689496892626,1.3963809689192621,2.0121304308410837
2022-10-27,1.9709948729720932,20771.59,380492.69576,8512349.0,283822315.2658024,36835682546788.0,63.04698999783631,1974.6387096774197,1.378651135483871,33.0,3830.60009765625,4817310000.0,27.280000686645508,2.536419107733613,1.0085844792785517,1.6526865415045868,1.490677591553768,2.0433672784773393
2022-10-28,2.1475746025737963,20295.11,328643.57791,7748080.0,247200081.03795695,36835682546788.0,30.24384455920252,1985.148148148148,1.2746355407407404,32.0,3807.300048828125,4687320000.0,27.389999389648438,2.560185549474814,2.536419107733613,1.0085844792785517,1.673554399580141,2.0228407687109393
2022-10-29,1.723992914825069,20591.84,287039.94569,6638096.0,291146762.1113715,36835682546788.0,21.28598241325017,1780.0943396226414,1.149426201257862,30.0,3901.06005859375,4459410000.0,25.75,1.9709948729720932,2.560185549474814,2.536419107733613,1.7064080783339228,1.909141109816527
2022-10-30,1.4722324163434002,20809.67,254881.77755,6255599.0,261848974.7290952,36835682546788.0,14.859007474807523,1766.86013986014,1.1329760349650342,34.0,3901.06005859375,4459410000.0,25.75,2.1475746025737963,1.9709948729720932,2.560185549474814,1.7713877290323883,1.8551197457414845
2022-10-31,2.305384626528848,20627.48,192795.60886,4920007.0,247200081.03795695,36835682546788.0,18.74950986397637,1645.4666666666667,1.1389616740740744,34.0,3901.06005859375,4459410000.0,25.75,1.723992914825069,2.1475746025737963,1.9709948729720932,1.942919724051789,1.8136678007092049
2022-11-01,1.19462483193068,20490.74,303567.61628,6571526.0,316782326.0708633,36835682546788.0,8.80681605980182,1642.3410404624278,1.0802008150289018,31.0,3871.97998046875,4820620000.0,25.8799991607666,1.4722324163434002,1.723992914825069,2.1475746025737963,1.917140563314477,1.744422466482982
2022-11-02,1.5027797214630723,20483.62,279932.43771,5971938.0,263680086.4404874,36835682546788.0,18.850883304253287,1918.0,1.3080747430555557,30.0,3856.10009765625,4481210000.0,25.809999465942383,2.305384626528848,1.4722324163434002,1.723992914825069,2.102397727207376,1.7974868309137315
2022-11-03,1.6090515541133732,20151.84,373716.27299,7431698.0,223395628.7898574,36835682546788.0,25.95364610159443,2110.38524590164,1.252918754098361,30.0,3759.68994140625,4899000000.0,25.860000610351562,1.19462483193068,2.305384626528848,1.4722324163434002,1.9107128306641,1.7921978211228227
2022-11-04,3.446942928653572,20207.82,319185.1544,6948227.0,300302320.6683329,36835682546788.0,28.89552433224632,1811.2134146341464,1.1789289817073167,30.0,3719.889892578125,4625290000.0,25.299999237060547,1.5027797214630723,1.19462483193068,2.305384626528848,1.7596548552338511,1.7689428200147892
2022-11-05,1.6921409038066093,21148.52,453694.39165,9249613.0,236213410.7696033,36835682546788.0,30.28793126347652,2182.2868217054265,1.3512702868217052,30.0,3770.550048828125,5400180000.0,24.549999237060547,1.6090515541133732,1.5027797214630723,1.19462483193068,1.7079486668254626,1.7567663452533424
2022-11-06,1.4408593360930233,21299.37,245621.98525,5570832.0,276497868.4202333,36835682546788.0,25.63175726473204,1703.2980132450332,1.1651228807947012,38.0,3770.550048828125,5400180000.0,24.549999237060547,3.446942928653572,1.6090515541133732,1.5027797214630723,1.893572713408288,1.7939536945499153
2022-11-07,2.221511382943729,20905.58,230036.97217,5268210.0,250862304.46074155,36835682546788.0,12.975748362535253,1630.6861313868612,1.0726571970802918,40.0,3770.550048828125,5400180000.0,24.549999237060547,1.6921409038066093,3.446942928653572,1.6090515541133732,1.8890224261199364,1.7920595385518576
2022-11-08,9.321580280836171,20591.13,386977.60337,8344242.0,263186945.4874768,36766791551487.06,17.727386572767575,1839.368055555556,1.1820038611111112,33.0,3806.800048828125,4341620000.0,24.350000381469727,1.4408593360930233,1.6921409038066093,3.446942928653572,1.8845405575127396,1.761037162375782
2022-11-09,6.947509639312244,18547.23,760705.362783,14530601.0,297875786.9173795,36762198818467.0,23.695941738121395,1814.588957055215,1.2245238098159508,31.0,3828.110107421875,4607640000.0,25.540000915527344,2.221511382943729,1.4408593360930233,1.6921409038066093,1.8725586655720086,1.7982759536244923
2022-11-10,8.951120143728732,15922.81,731926.929729,13605474.0,272291363.5011629,36762198818467.0,19.78796036341361,1961.510067114094,1.3109500604026854,29.0,3748.570068359375,4645010000.0,26.09000015258789,9.321580280836171,2.221511382943729,1.4408593360930233,3.0335523011299363,2.080193763382393
2022-11-11,4.150991927199091,17601.15,608448.36432,12719887.0,268636445.8702748,36762198818467.0,27.62312682478782,1992.047619047619,1.321115013605442,22.0,3956.3701171875,5781260000.0,23.530000686645508,6.947509639312244,9.321580280836171,2.221511382943729,3.811370860822674,2.2450336537934765
2022-11-12,1.6292931920849094,17070.31,393552.86492,9900073.0,244879481.2695022,36762198818467.0,20.4634484549329,2122.8880597014927,1.3116794477611942,25.0,3992.929931640625,5593310000.0,22.520000457763672,8.951120143728732,6.947509639312244,9.321580280836171,4.860237802196297,2.493413722905933
2022-11-13,2.0726862933220596,16812.08,167819.96035,5046837.0,305185622.17915577,36762198818467.0,11.693918444027393,1432.6586826347304,1.0770087485029944,21.0,3992.929931640625,5593310000.0,22.520000457763672,4.150991927199091,8.951120143728732,6.947509639312244,4.960816230559943,2.605913164080291
2022-11-14,6.021664116208914,16329.85,184960.78846,5382834.0,235742187.192282,36762198818467.0,19.05434512869963,1764.6821705426355,1.210634914728682,22.0,3992.929931640625,5593310000.0,22.520000457763672,1.6292931920849094,4.150991927199091,8.951120143728732,4.951837986028272,2.5188221667119763
2022-11-15,2.900962389440891,16619.46,380210.7775,9215128.0,224777434.2996177,36762198818467.0,22.25608739590555,1970.861788617886,1.2942969756097555,24.0,3957.25,4561930000.0,23.729999542236328,2.0726862933220596,1.6292931920849094,4.150991927199091,5.042098979918134,2.4811772010404214
2022-11-16,1.8326096541385253,16900.57,282461.84391,7200265.0,283256116.39382714,36762198818467.0,70.97303624547078,1826.3870967741937,1.335959690322581,22.0,3991.72998046875,5015310000.0,24.540000915527344,6.021664116208914,2.0726862933220596,1.6292931920849094,5.58497794181316,2.658370001638874
2022-11-17,1.6099072365110718,16662.76,261493.40809,6297404.0,274118822.31660694,36762198818467.0,142.86994278205225,1789.1533333333334,1.3095630199999997,23.0,3958.7900390625,4165320000.0,24.110000610351562,2.900962389440891,6.021664116208914,2.0726862933220596,4.667746814470976,2.6930333256166654
2022-11-18,1.857842211755295,16692.56,228038.97873,5352083.0,252189316.5312784,36762198818467.0,235.8027363327741,1800.4710144927535,1.3021999347826083,20.0,3946.56005859375,4051780000.0,23.93000030517578,1.8326096541385253,2.900962389440891,6.021664116208914,3.9370468165890173,2.7142593056054025
2022-11-19,0.7937491525303277,16700.45,214224.18184,5114799.0,254016775.34672245,36762198818467.0,228.39633384030031,2029.431654676259,1.3698237913669065,23.0,3965.340087890625,4037360000.0,23.1200008392334,1.6099072365110718,1.8326096541385253,2.900962389440891,2.888302115557923,2.7053781218460355
2022-11-20,1.926789385149965,16700.68,104963.15558,3142123.0,268636445.8702748,36762198818467.0,565.8166490081131,1773.428571428571,1.4969349047619045,23.0,3965.340087890625,4037360000.0,23.1200008392334,1.857842211755295,1.6099072365110718,1.8326096541385253,2.560709299065952,2.7246379324615386
2022-11-21,2.8143300905658464,16280.23,154842.13478,4557344.0,272375605.3694332,36773572356982.41,118.66581870418376,1543.1073825503356,1.424174744966443,24.0,3965.340087890625,4037360000.0,23.1200008392334,0.7937491525303277,1.857842211755295,1.6099072365110718,2.441345864843869,2.6930622668226953
2022-11-22,2.919305486349348,15781.29,324096.997753,7440871.0,236949653.97082296,36950494067222.0,29.84313622924869,2099.062015503876,1.4224287286821715,21.0,3949.93994140625,3850690000.0,22.360000610351562,1.926789385149965,0.7937491525303277,1.857842211755295,2.4205034493907127,2.7008646780715435
2022-11-23,2.8578249569405347,16226.94,239548.06623,6276097.0,231439196.90173405,36950494067222.0,19.986585742844238,2009.8015873015872,1.4230335317460314,22.0,4003.580078125,3887990000.0,21.290000915527344,2.8143300905658464,1.926789385149965,0.7937491525303277,1.962312874298846,2.777233382767429
2022-11-24,1.5973198204763335,16603.11,264927.70408,6260616.0,258991482.2471786,36950494067222.0,32.352408408614984,1943.241134751773,1.474427063829787,22.0,4027.260009765625,3279720000.0,20.350000381469727,2.919305486349348,2.8143300905658464,1.926789385149965,1.96493331671434,2.8194540142622544
2022-11-25,1.108980219563224,16598.95,206565.92346,5031851.0,236949653.97082296,36950494067222.0,61.32367207330852,1973.9457364341083,1.5717014186046514,20.0,4027.260009765625,3279720000.0,20.350000381469727,2.8578249569405347,2.919305486349348,2.8143300905658464,2.1113926456860557,2.881095363517654
2022-11-26,1.0035736698370814,16522.14,182089.49533,4396465.0,225928739.8326452,36950494067222.0,69.34813440534053,2100.333333333333,1.506700536585366,20.0,4026.1201171875,1706460000.0,20.5,1.5973198204763335,2.8578249569405347,2.919305486349348,2.1095944433953786,2.849792053942411
2022-11-27,1.0802333890529205,16458.57,181804.81666,3817130.0,200213273.51023027,36950494067222.0,101.87251169258046,2107.6605504587155,1.5199759816513767,22.0,4026.1201171875,1706460000.0,20.5,1.108980219563224,1.5973198204763335,2.8578249569405347,2.002614158796511,2.8014185429453584
2022-11-28,2.465632886208473,16428.78,162025.47607,3362221.0,249807387.1320305,36950494067222.0,15.9209779738795,1637.2941176470588,1.1504716102941177,26.0,4026.1201171875,1706460000.0,20.5,1.0035736698370814,1.108980219563224,1.5973198204763335,2.032589089840333,2.7691711695075245
2022-11-29,1.4271306034333222,16212.91,252695.40367,5570407.0,255317844.20111936,36950494067222.0,18.14632614784024,1889.4676258992808,1.336178187050359,28.0,3963.93994140625,3615430000.0,22.209999084472656,1.0802333890529205,1.0035736698370814,1.108980219563224,1.9116525189693268,2.7335931290568287
2022-11-30,2.961150691868937,16442.53,248106.25009,5206638.0,240623292.0168823,36950494067222.0,20.403361131717283,2072.610687022901,1.3612361221374047,26.0,3957.6298828125,3546040000.0,21.889999389648438,2.465632886208473,1.0802333890529205,1.0035736698370814,1.861838632632559,2.758314461436276
2022-12-01,1.0699874006983199,17163.64,303019.80719,6519330.0,253481025.1780897,36950494067222.0,28.471584874578244,1966.782608695652,1.2482112971014487,29.0,4080.110107421875,6579360000.0,20.579999923706055,1.4271306034333222,2.465632886208473,1.0802333890529205,1.6486707922159844,2.7568110676726065
2022-12-02,1.3242328798956404,16977.37,232818.18218,5097720.0,281033310.52353424,36950494067222.0,30.34599596230137,1865.797385620915,1.255363392156863,27.0,4076.570068359375,4527130000.0,19.84000015258789,2.961150691868937,1.4271306034333222,2.465632886208473,1.6634316114914702,2.778669936517276
2022-12-03,0.6110650327057867,17092.74,202372.2062,4305515.0,229602377.8787045,36950494067222.0,34.25763624163552,2173.8,1.3924808799999993,27.0,4071.699951171875,4012620000.0,19.059999465942383,1.0699874006983199,2.961150691868937,1.4271306034333222,1.5880984086660397,2.774515355476197
2022-12-04,0.7727726817977172,16885.2,154542.57306,3308694.0,240623292.0168823,36950494067222.0,38.634956953153896,1915.6564885496184,1.3185752137404585,27.0,4071.699951171875,4012620000.0,19.059999465942383,1.3242328798956404,1.0699874006983199,2.961150691868937,1.6188487887135279,2.7685637940906163
2022-12-05,1.7260044493043445,17105.7,178619.13387,3948990.0,257154663.22414896,36950494067222.0,15.836770007795248,1570.071428571429,1.0863777,26.0,4071.699951171875,4012620000.0,19.059999465942383,0.6110650327057867,1.3242328798956404,1.0699874006983199,1.5627761262662,2.735297576710363
2022-12-06,1.0009507520162362,16966.35,233703.29225,5138207.0,268175577.3623268,36950494067222.0,15.319951881362902,1877.150684931507,1.246357904109589,26.0,3998.840087890625,4280820000.0,20.75,0.7727726817977172,0.6110650327057867,1.3242328798956404,1.518853168086885,2.6461585684818347
2022-12-07,1.3736898580471282,17088.96,218730.76883,4416864.0,231289584.0177272,34464833739061.23,25.056312273647723,1943.9851851851847,1.3289437259259254,25.0,3941.260009765625,4368380000.0,22.170000076293945,1.7260044493043445,0.7727726817977172,0.6110650327057867,1.4131919628148668,2.64728735333176
2022-12-08,1.7795340456257784,16836.64,220657.41334,4284989.0,292794732.7377177,34244331613176.0,16.24248220289473,1583.3023255813953,1.0295061976744189,29.0,3933.919921875,4118050000.0,22.68000030517578,1.0009507520162362,1.7260044493043445,0.7727726817977172,1.3523091268981402,2.6326237338625327
2022-12-09,0.8151378465668678,17224.1,236417.97804,4520282.0,284283257.94883054,34244331613176.0,8.01330931358288,1579.868263473054,1.004454652694611,25.0,3963.510009765625,4006900000.0,22.290000915527344,1.3736898580471282,1.0009507520162362,1.7260044493043445,1.1255290077807392,2.6043630163659794
2022-12-10,0.4978159584459267,17128.56,238422.06465,4282003.0,258748833.5821692,34244331613176.0,10.407802715562363,1747.8157894736842,1.180113157894737,26.0,3934.3798828125,3888260000.0,22.829999923706055,1.7795340456257784,1.3736898580471282,1.0009507520162362,1.2268928141989475,2.3529614751923
2022-12-11,0.572263274906864,17127.49,140573.97937,3032257.0,262153423.49772403,34244331613176.0,81.18268611459648,1569.2727272727273,1.2850532597402602,27.0,3934.3798828125,3888260000.0,22.829999923706055,0.8151378465668678,1.7795340456257784,1.3736898580471282,1.154164952294837,2.148549082100787
2022-12-12,1.1581635483481114,17085.05,155286.47871,3260722.0,250237358.793282,34244331613176.0,8.317351746018241,1481.5510204081634,0.9720994421768708,26.0,3934.3798828125,3888260000.0,22.829999923706055,0.4978159584459267,0.8151378465668678,1.7795340456257784,1.137986513114857,1.8667722759246936
2022-12-13,3.2995786491753276,17209.83,226227.49694,4463916.0,243428178.9621724,34244331613176.0,16.444028659575707,1836.6853146853148,1.200833188811189,27.0,3990.56005859375,3904130000.0,25.0,0.572263274906864,0.4978159584459267,0.8151378465668678,1.1093423121304493,1.7474813208482864
2022-12-14,2.7318630160188673,17774.7,284462.9139,6242080.0,280878668.0332757,34244331613176.0,8.80924620316117,1740.7515151515152,1.1195085212121214,27.0,4019.64990234375,5079360000.0,22.549999237060547,1.1581635483481114,0.572263274906864,0.4978159584459267,1.0282221834224161,1.7317769993903933
2022-12-15,1.7040782046287606,17803.15,266681.22209,5743730.0,251939653.75105944,34244331613176.0,25.64849292218261,1867.8445945945944,1.2053584324324325,30.0,3995.320068359375,4472340000.0,21.139999389648438,3.2995786491753276,1.1581635483481114,0.572263274906864,1.3565975973022864,1.7726734112521685
2022-12-16,2.614476052637501,17356.34,223701.96882,4789226.0,236618999.1310626,34244331613176.0,14.623799065759238,1990.7410071942445,1.235629726618705,31.0,3895.75,4493900000.0,22.829999923706055,2.7318630160188673,3.2995786491753276,1.1581635483481114,1.550622334155392,1.6630133745791673
2022-12-17,0.864770847895162,16632.12,253379.04116,5703001.0,221298344.51106572,34244331613176.0,14.74484021518187,1955.2,1.183964853846154,29.0,3852.360107421875,7493660000.0,22.6200008392334,1.7040782046287606,2.7318630160188673,3.2995786491753276,1.539842928298675,1.6231172350854295
2022-12-18,0.6103466438718763,16776.52,144825.66684,3905843.0,234916704.1732852,34244331613176.0,57.89096500945591,1907.2463768115945,1.2896539782608694,28.0,3852.360107421875,7493660000.0,22.6200008392334,2.614476052637501,1.7040782046287606,2.7318630160188673,1.7968912434516227,1.6491794483687285
2022-12-19,1.4296422808207478,16738.21,112619.31646,3369193.0,246832768.8777272,34244331613176.0,9.070971576337502,1466.710344827586,0.9801544137931034,26.0,3852.360107421875,7493660000.0,22.6200008392334,0.864770847895162,2.614476052637501,1.7040782046287606,1.8493133705157991,1.6243415687481984
2022-12-20,1.609449840126681,16438.88,179094.28305,4681887.0,233961255.1644386,34606598588472.797,20.59241469911243,1905.1176470588236,1.3223222941176471,29.0,3817.659912109375,3969610000.0,22.420000076293945,0.6103466438718763,0.864770847895162,2.614476052637501,1.8547538517965152,1.5827583831520846
2022-12-21,1.098660434310059,16895.56,248808.92324,5945803.0,246114015.1556391,35364065900457.0,15.345993135463164,1920.6642857142856,1.3143528285714288,29.0,3821.6201171875,3985370000.0,21.479999542236328,1.4296422808207478,0.6103466438718763,0.864770847895162,1.8935365278640346,1.6039548207617649
2022-12-22,1.2425450239039388,16824.67,156810.96362,4375570.0,251387886.90897432,35364065900457.0,13.15267811499455,1905.5314685314688,1.2201296153846155,26.0,3878.43994140625,3775200000.0,20.06999969482422,1.609449840126681,1.4296422808207478,0.6103466438718763,1.6520895551427994,1.5933768359276554
2022-12-23,0.7106999368037953,16821.43,176044.27235,4678640.0,237324228.90008065,35364065900457.0,19.885680471902088,2008.748148148148,1.244493999999999,28.0,3822.389892578125,3956950000.0,21.969999313354492,1.098660434310059,1.609449840126681,1.4296422808207478,1.4187749006129695,1.536187847385796
2022-12-24,0.3528909356104478,16778.5,161612.00947,4561020.0,232050357.14674556,35364065900457.0,19.536803060037315,2075.196969696969,1.2620145833333334,27.0,3844.820068359375,2819280000.0,20.8700008392334,1.2425450239039388,1.098660434310059,1.609449840126681,1.3528415890808525,1.480295831970949
2022-12-25,0.5492481739883102,16836.12,100224.29096,3076985.0,156458195.34894204,35364065900457.0,46.78613868506413,2397.067415730337,1.449313056179775,29.0,3844.820068359375,2819280000.0,20.8700008392334,0.7106999368037953,1.2425450239039388,1.098660434310059,1.08087357253318,1.4087249979663912
2022-12-26,0.6640256811251571,16832.11,125441.07202,3570157.0,247871972.4067509,35364065900457.0,39.86225090231829,1456.127659574468,0.9879369787234048,29.0,3844.820068359375,2819280000.0,20.8700008392334,0.3528909356104478,0.7106999368037953,1.2425450239039388,1.0077478707782208,1.3672440351375281
2022-12-27,0.9784314161196714,16919.39,124564.00656,3915571.0,226776485.39341035,35364065900457.0,21.395992712906068,1732.5891472868218,1.1192635116279068,28.0,3844.820068359375,2819280000.0,20.8700008392334,0.5492481739883102,0.3528909356104478,0.7106999368037953,0.9990195179377113,1.3485863002850311
2022-12-28,1.3392376140978015,16706.36,173749.58616,5047628.0,202165083.87784645,35364065900457.0,24.4719306992742,2081.3826086956524,1.3764050521739133,27.0,3829.25,3030300000.0,21.649999618530273,0.6640256811251571,0.5492481739883102,0.3528909356104478,0.8896457179811985,1.3372680339946335
2022-12-29,0.6176122618191349,16547.31,193037.56577,5465468.0,295336818.18676704,35364065900457.0,21.79097546988208,1624.696428571429,1.026325125,28.0,3783.219970703125,3083520000.0,22.139999389648438,0.9784314161196714,0.6640256811251571,0.5492481739883102,0.7995002288373401,1.3338746348968586
2022-12-30,1.2180400239869438,16633.47,160998.47158,4553877.0,247871972.4067509,35364065900457.0,11.72654717359563,1886.2056737588653,1.2632121843971629,28.0,3849.280029296875,3003680000.0,21.440000534057617,1.3392376140978015,0.9784314161196714,0.6640256811251571,0.8338683973784461,1.2963281258265027
2022-12-31,0.4618781416076902,16607.48,164916.31174,4310415.0,277757245.6756499,35364065900457.0,21.16347827617931,1841.867088607595,1.3564298101265828,28.0,3839.5,2979870000.0,21.670000076293945,0.6176122618191349,1.3392376140978015,0.9784314161196714,0.7445922885091883,1.2693441811060302
2023-01-01,0.3585398593448392,16542.4,114490.42864,3344374.0,274241331.1734265,35364065900457.0,9.196646839294118,1553.3653846153843,1.0717108461538465,25.0,3839.5,2979870000.0,21.670000076293945,1.2180400239869438,0.6176122618191349,1.3392376140978015,0.8170694438210667,1.2112404921766304
2023-01-02,0.9124121474360046,16616.75,96925.41374,3218355.0,272483373.9223148,35364065900457.0,6.534885969292418,1209.7806451612903,0.8427004903225808,26.0,3839.5,2979870000.0,21.670000076293945,0.4618781416076902,1.2180400239869438,0.6176122618191349,0.8326390446778156,1.1909701835402757
2023-01-03,0.6674503752233799,16672.87,121888.57191,4036118.0,274241331.1734265,35364065900457.0,8.933587018657784,1470.173076923077,1.0212204935897442,27.0,3839.5,2979870000.0,21.670000076293945,0.3585398593448392,0.4618781416076902,1.2180400239869438,0.8053949997287483,1.1587804161885826
2023-01-04,1.1717317260096423,16675.18,159541.53733,5097596.0,261883481.8059322,34209069922954.277,21.14222205696852,1766.590909090909,1.2482563701298697,26.0,3824.139892578125,3959140000.0,22.899999618530273,0.9124121474360046,0.3585398593448392,0.4618781416076902,0.840878780630298,1.168825320012923
2023-01-05,0.5565708585309079,16850.36,220362.18862,6310703.0,242356482.01087615,34093570325204.0,18.482368005744654,1943.608391608392,1.2244501678321678,29.0,3852.969970703125,4414080000.0,22.010000228881836,0.6674503752233799,0.9124121474360046,0.3585398593448392,0.7964529176451134,1.1653145764604451
2023-01-06,0.9959321867407228,16831.85,163473.56641,4842014.0,266083690.039913,34093570325204.0,16.011335249840155,1779.56050955414,1.1550252165605093,29.0,3808.10009765625,3893450000.0,22.459999084472656,1.1717317260096423,0.6674503752233799,0.9124121474360046,0.7725235050610906,1.1468388190172882
2023-01-07,0.34513468544328285,16950.65,207401.28415,5388661.0,305064103.23047346,34093570325204.0,10.35917763705338,1533.727777777778,1.0527042888888885,26.0,3895.080078125,3923560000.0,21.1299991607666,0.5565708585309079,1.1717317260096423,0.6674503752233799,0.763803304591344,1.1320261559011109
2023-01-08,1.1242748419832793,16943.57,104526.5688,3227161.0,260999288.3194051,34093570325204.0,8.53421910778892,1601.8116883116884,0.956566363636364,25.0,3895.080078125,3923560000.0,21.1299991607666,0.9959321867407228,0.5565708585309079,1.1717317260096423,0.7320736135561695,1.1194342335242307
2023-01-09,0.9429239849400695,17127.83,135155.89695,4036092.0,259304487.74590245,34093570325204.0,7.687598870175209,1493.3856209150326,0.9051754509803916,25.0,3895.080078125,3923560000.0,21.1299991607666,0.34513468544328285,0.9959321867407228,0.5565708585309079,0.7153959769612542,1.0716209215181474
2023-01-10,0.9748396645027539,17178.26,266211.52723,6327667.0,257609687.17239985,34093570325204.0,18.918466971382585,1890.440789473684,1.2354843881578947,25.0,3892.090087890625,4311770000.0,21.969999313354492,1.1242748419832793,0.34513468544328285,0.9959321867407228,0.8247866887667455,1.081925488032028
2023-01-11,2.4028540541433943,17440.66,221382.42581,5448751.0,286421296.9219445,34093570325204.0,56.05017816022571,1791.7692307692307,1.3784992485207108,26.0,3919.25,3851030000.0,20.579999923706055,0.9429239849400695,1.1242748419832793,0.34513468544328285,0.8291455226958977,1.0967624222484993
2023-01-12,4.890534702242811,17943.26,262221.60653,5627464.0,249135684.30488667,34093570325204.0,25.78227193511638,1955.7414965986395,1.2952269591836736,26.0,3969.610107421875,4303360000.0,21.09000015258789,0.9748396645027539,0.9429239849400695,1.1242748419832793,0.8730582783072369,1.110181635235029
2023-01-13,2.95173316386021,18846.62,454568.32178,8911373.0,255914886.5988972,34093570325204.0,57.13439729985252,2092.582781456954,1.3506500198675495,30.0,3983.169921875,4440260000.0,18.829999923706055,2.4028540541433943,0.9748396645027539,0.9429239849400695,1.0489328966120586,1.1516713187615382
2023-01-14,5.594626334303488,19930.01,368615.87823,8021774.0,269473291.1869182,34093570325204.0,12.173993076505008,1990.874213836478,1.278143056603773,31.0,3999.090087890625,3939700000.0,18.350000381469727,4.890534702242811,2.4028540541433943,0.9748396645027539,1.668070588570902,1.2047031871971212
2023-01-15,1.7070264831447517,20954.92,393913.74951,8659545.0,289810898.0689498,34093570325204.0,7.974888843027799,1812.1637426900584,1.1134006608187137,46.0,3999.090087890625,3939700000.0,18.350000381469727,2.95173316386021,4.890534702242811,2.4028540541433943,1.9474707281594001,1.2120321921251658
2023-01-16,2.675010142288177,20871.5,178542.22549,5194354.0,280250606.7848099,34586995580398.72,6.608584371042436,1546.5398773006134,0.8761467300613498,52.0,3999.090087890625,3939700000.0,18.350000381469727,5.594626334303488,2.95173316386021,4.890534702242811,2.697398106568001,1.34171712978099
2023-01-17,1.5237559973393593,21185.65,293078.08262,6856434.0,274688843.2470833,37590453655497.0,18.44827327258938,2059.891156462585,1.260744619047619,45.0,3999.090087890625,3939700000.0,18.350000381469727,1.7070264831447517,5.594626334303488,2.95173316386021,2.7806483410196394,1.3114688107978985
2023-01-18,2.5313623394820786,21134.81,275407.74409,6440138.0,291506527.527517,37590453655497.0,21.513992420842843,1978.942307692308,1.2421233589743588,51.0,3990.969970703125,4235560000.0,19.360000610351562,2.675010142288177,1.7070264831447517,5.594626334303488,3.028089220640798,1.371810120610999
2023-01-19,1.5219249101349315,20677.47,350916.01949,7617173.0,261608422.1400793,37590453655497.0,19.588117967823163,2143.178571428572,1.339286907142856,52.0,3928.860107421875,4298710000.0,20.34000015258789,1.5237559973393593,2.675010142288177,1.7070264831447517,3.106505839617456,1.402257099059915
2023-01-20,4.084510057425413,21071.59,251385.84925,5819932.0,270951580.07365364,37590453655497.0,35.58817816226098,2061.5103448275863,1.2959688896551729,45.0,3898.85009765625,3991500000.0,20.520000457763672,2.5313623394820786,1.5237559973393593,2.675010142288177,3.1248641660944108,1.4389811010152929
2023-01-21,3.176141288821811,22667.21,338079.13659,7382435.0,246659369.44636056,37590453655497.0,20.35623680519596,2241.075757575757,1.293477098484848,51.0,3972.610107421875,4013360000.0,19.850000381469727,1.5219249101349315,2.5313623394820786,1.5237559973393593,2.643634195793285,1.4360636033489014
2023-01-22,2.1062080830993555,22783.55,346445.48432,7796520.0,257871158.96664968,37590453655497.0,24.51133412164921,2085.942028985507,1.177075246376812,53.0,3972.610107421875,4013360000.0,19.850000381469727,4.084510057425413,1.5219249101349315,2.5313623394820786,2.8054594663026,1.535591924119413
2023-01-23,2.2954874363521722,22707.88,253577.75286,6603827.0,282163369.5939428,37590453655497.0,14.217393423000011,1660.6622516556292,1.1015247947019866,53.0,3972.610107421875,4013360000.0,19.850000381469727,3.176141288821811,4.084510057425413,1.5219249101349315,2.4599616026623603,1.6000451329500087
2023-01-24,1.6697800009333512,22916.45,293588.37938,7258655.0,295243790.7009466,37590453655497.0,13.75066455406122,1858.9177215189875,1.1005096139240504,50.0,4019.81005859375,3945210000.0,19.809999465942383,2.1062080830993555,3.176141288821811,4.084510057425413,2.516987545513018,1.6465620711598605
2023-01-25,4.451420490016911,22632.89,293158.78254,7395584.0,241053474.686216,37590453655497.0,23.271411603149943,2271.0852713178297,1.3420454263565889,52.0,4016.949951171875,3320430000.0,19.200000762939453,2.2954874363521722,2.1062080830993555,3.176141288821811,2.4627700160935886,1.7113152878512514
2023-01-26,1.463618621052386,23060.94,346042.83223,8060446.0,327010527.67509925,37590453655497.0,9.56249786609562,1752.462857142857,1.0009242571428576,51.0,4016.219970703125,3724020000.0,19.079999923706055,1.6697800009333512,2.2954874363521722,2.1062080830993555,2.4836305880355876,1.7486663487494196
2023-01-27,2.2408551290816057,23009.65,288924.43581,7181086.0,289637895.9408021,37590453655497.0,11.687915664534872,1911.374193548387,1.1061077999999993,54.0,4060.429931640625,3809590000.0,18.729999542236328,4.451420490016911,1.6697800009333512,2.2954874363521722,2.7579246095405634,1.8749128423791448
2023-01-28,0.784926033960225,23074.16,280833.86315,7079096.0,287769264.3540873,37590453655497.0,19.62850758537506,1968.6948051948048,1.1416405779220786,55.0,4070.56005859375,3907760000.0,18.510000228881836,1.463618621052386,4.451420490016911,1.6697800009333512,2.7495951396716287,1.891085749210235
2023-01-29,1.862804645980643,23022.6,148115.71085,4181816.0,313930106.5680952,37590453655497.0,9.54171662681519,1600.2916666666667,0.9601554166666668,52.0,4070.56005859375,3907760000.0,18.510000228881836,2.2408551290816057,1.463618621052386,4.451420490016911,2.486215864193942,1.921139666376362
2023-01-30,2.7159145444802015,23742.3,295688.79204,7030837.0,311001352.7915209,38858880377385.3,7.685289191589685,1606.1055900621118,0.9890340559006204,55.0,4070.56005859375,3907760000.0,18.510000228881836,0.784926033960225,2.2408551290816057,1.463618621052386,2.144613684928001,1.9267167921143982
2023-01-31,1.9137004191996783,22826.15,302405.90121,7790224.0,269948142.5149194,39350942467773.0,20.068566544304986,2245.717391304348,1.331806333333333,61.0,4017.77001953125,3802000000.0,19.940000534057617,1.862804645980643,0.784926033960225,2.2408551290816057,2.1098417653396138,1.948208946180855
2023-02-01,1.8700173937708149,23125.13,264649.34909,6798411.0,224956785.42909947,39350942467773.0,33.567125807852044,2726.086956521739,1.5394536000000008,51.0,4076.60009765625,4679320000.0,19.399999618530273,2.7159145444802015,1.862804645980643,0.784926033960225,2.1699027807864746,2.023343492943272
2023-02-02,3.4087915686927706,23732.66,310790.42271,7863213.0,267991996.5546664,39350942467773.0,54.87425444152491,2522.3430656934306,1.5758903795620436,56.0,4119.2099609375,4856930000.0,17.8700008392334,1.9137004191996783,2.7159145444802015,1.862804645980643,2.2047485548245214,2.0751821782717665
2023-02-03,1.533714891446501,23488.94,364177.20751,9102300.0,283641164.23669064,39350942467773.0,31.409084814316312,2345.993103448276,1.4260836068965514,60.0,4179.759765625,5624360000.0,18.729999542236328,1.8700173937708149,1.9137004191996783,2.7159145444802015,1.835976683932222,2.107102353149594
2023-02-04,0.7484526203585422,23431.9,332571.02904,8007846.0,260167412.7136542,39350942467773.0,25.646801763814384,2375.5714285714284,1.4617055563909778,60.0,4136.47998046875,4694510000.0,18.329999923706055,3.4087915686927706,1.8700173937708149,1.9137004191996783,2.113858533595134,2.1984803929319066
2023-02-05,1.4453254144429908,23326.84,166126.47295,4852404.0,266035850.5944133,39350942467773.0,43.69632557764362,2238.933823529412,1.7588637720588232,58.0,4136.47998046875,4694510000.0,18.329999923706055,1.533714891446501,3.4087915686927706,1.8700173937708149,2.012838499647262,2.2105464984464684
2023-02-06,1.5309188879167448,22932.91,209251.33917,5903916.0,297334185.95846194,39350942467773.0,12.51389383312802,1671.796052631579,1.6290970592105256,58.0,4136.47998046875,4694510000.0,18.329999923706055,0.7484526203585422,1.533714891446501,3.4087915686927706,2.007628011989879,2.2169425571740566
2023-02-07,2.3699582404868873,22762.52,265371.6069,6956395.0,289509602.11744976,39350942467773.0,30.066214477611517,2040.3851351351352,2.203473168918918,56.0,4111.080078125,4114240000.0,19.43000030517578,1.4453254144429908,0.7484526203585422,1.533714891446501,1.9479881217702142,2.2319223314307988
2023-02-08,1.3474278321293398,23240.46,308006.72482,8293878.0,277772726.3559315,39350942467773.0,47.44368218107066,2115.697183098592,2.142792676056337,54.0,4164.0,4355860000.0,18.65999984741211,1.5309188879167448,1.4453254144429908,0.7484526203585422,1.7787030279754348,2.271448471513247
2023-02-09,2.8666810993839995,22963.0,280056.30717,7896433.0,269948142.5149194,39350942467773.0,90.9983374158189,2296.833333333333,2.108701760869565,58.0,4117.85986328125,4029820000.0,19.6299991607666,2.3699582404868873,1.5309188879167448,1.4453254144429908,1.8438827167307503,2.3129712514633676
2023-02-10,1.7362622968797143,21796.35,402894.6955,9784291.0,316895645.5609923,39350942467773.0,36.83166870302244,2280.858024691358,2.143936537037036,55.0,4081.5,4270200000.0,20.709999084472656,1.3474278321293398,2.3699582404868873,1.5309188879167448,1.7692270650676822,2.3264547130363433
2023-02-11,0.8634239904554638,21625.19,338591.94247,6993675.0,287553456.1571967,39350942467773.0,40.740527463973805,2041.442176870748,2.0646328843537427,48.0,4090.4599609375,3891520000.0,20.530000686645508,2.8666810993839995,1.3474278321293398,2.3699582404868873,1.6917827123092866,2.3895160941990516
2023-02-12,1.3952243215129763,21862.55,177021.58433,4207940.0,291465748.0777028,39350942467773.0,131.32708286830174,1881.3355704697988,2.3520763892617444,49.0,4090.4599609375,3891520000.0,20.530000686645508,1.7362622968797143,2.8666810993839995,1.3474278321293398,1.7207180559426027,2.367296368956929
2023-02-13,1.798075487284919,21783.54,204435.65163,4561903.0,313943411.7760057,39226483659863.44,116.79824683471344,1612.6832298136646,2.5247853664596285,50.0,4090.4599609375,3891520000.0,20.530000686645508,0.8634239904554638,1.7362622968797143,2.8666810993839995,1.73714253738502,2.233059345230684
2023-02-14,2.8321710344993285,21773.97,295730.76791,6503611.0,303650131.9290037,39156400059293.0,40.48602820300118,1918.775641025641,2.162067403846153,48.0,4137.2900390625,3448620000.0,20.34000015258789,1.3952243215129763,0.8634239904554638,1.7362622968797143,1.729985238395018,2.181175717152443
2023-02-15,4.390484926913992,22199.84,361958.40109,7695927.0,299757181.5196575,39156400059293.0,49.33081673903215,1965.2792207792209,2.3363439740259726,50.0,4136.1298828125,3929200000.0,18.90999984741211,1.798075487284919,1.3952243215129763,0.8634239904554638,1.7681504668761858,2.054624022251824
2023-02-16,4.504050270478553,24324.05,375669.16111,8335550.0,317275458.3617154,39156400059293.0,74.6102542889636,1996.6871165644168,2.19020936196319,53.0,4147.60009765625,4075980000.0,18.229999542236328,2.8321710344993285,1.798075487284919,1.3952243215129763,1.83418086602082,2.09212884063031
2023-02-17,3.016510237358639,23517.72,450080.68366,11006793.0,348419061.63648504,39156400059293.0,144.82882543833108,1925.7597765363128,2.10664605027933,62.0,4090.409912109375,4143660000.0,20.170000076293945,4.390484926913992,2.8321710344993285,1.798075487284919,2.2689033081329133,2.14931133345117
2023-02-18,1.210020253646056,24569.97,496813.21376,10895009.0,321168408.7710616,39156400059293.0,129.7473137798578,1947.030303030303,2.048259181818183,61.0,4079.090087890625,4045480000.0,20.020000457763672,4.504050270478553,4.390484926913992,2.8321710344993285,2.502813189717849,2.248654475889144
2023-02-19,2.3515445002813613,24631.95,216917.25213,6296097.0,327007834.38508093,39156400059293.0,181.94750928273496,1647.607142857143,2.114063750000001,60.0,4079.090087890625,4045480000.0,20.020000457763672,3.016510237358639,4.504050270478553,4.390484926913992,2.6857057526434103,2.2648260724850284
2023-02-20,2.112489471026234,24271.76,300395.99542,7660484.0,315328983.1570423,39156400059293.0,579.0152951822948,1483.9876543209878,2.2633263580246914,60.0,4079.090087890625,4045480000.0,20.020000457763672,1.210020253646056,3.016510237358639,4.504050270478553,2.7352195045277803,2.2544292506020662
2023-02-21,2.598216996161221,24842.2,346938.56997,9808728.0,286131855.0869458,39156400059293.0,32.10496807866557,1837.2857142857144,2.14595393877551,58.0,4079.090087890625,4045480000.0,20.020000457763672,2.3515445002813613,1.210020253646056,3.016510237358639,2.8718366729232647,2.196663732030598
2023-02-22,2.405873315886007,24452.16,376000.82868,10712371.0,325061359.18040776,39156400059293.0,162.54533393083287,1739.2634730538923,2.0447599341317373,60.0,3997.340087890625,4121590000.0,22.8700008392334,2.112489471026234,2.3515445002813613,1.210020253646056,2.916752956314881,2.161208671437412
2023-02-23,2.904457677317352,24182.21,379425.75365,11395957.0,272506528.65423405,39156400059293.0,42.82003333251187,2016.5642857142857,1.8940469357142848,59.0,3991.050048828125,4079320000.0,22.290000915527344,2.598216996161221,2.112489471026234,2.3515445002813613,2.8833309508380083,2.177608968539474
2023-02-24,2.3850553048818206,23940.2,398400.45437,11396877.0,332847259.9991002,39156400059293.0,46.8664804482309,1700.1637426900584,2.014352076023392,56.0,4012.320068359375,3952940000.0,21.139999389648438,2.405873315886007,2.598216996161221,2.112489471026234,2.599815006405439,2.181288497857268
2023-02-25,1.3033387727390993,23185.29,343582.57453,11531424.0,262774152.6308686,39156400059293.0,75.11366491950501,2181.9407407407407,1.8418406740740745,53.0,3970.0400390625,3877700000.0,21.670000076293945,2.904457677317352,2.405873315886007,2.598216996161221,2.3713017788109814,2.2224444204034017
2023-02-26,1.7434664449502633,23157.07,191311.8101,9124568.0,227840889.7787333,42835295924696.13,48.70938811188572,2415.07476635514,1.8469322429906545,52.0,3970.0400390625,3877700000.0,21.670000076293945,2.3850553048818206,2.904457677317352,2.405873315886007,2.281093931314293,2.153565580898899
2023-02-27,2.076065954023798,23554.85,202323.73623,9506015.0,359556658.1833338,43053844193928.0,42.4442848108194,1649.422619047619,2.0821476726190475,51.0,3970.0400390625,3877700000.0,21.670000076293945,1.3033387727390993,2.3850553048818206,2.904457677317352,2.294425148327585,2.148222919288456
2023-02-28,1.5864087758601115,23492.09,283706.0859,11754195.0,299630548.4861114,43053844193928.0,34.38088028319222,2091.057142857143,1.633578385714286,50.0,3982.239990234375,3836950000.0,20.950000762939453,1.7434664449502633,1.3033387727390993,2.3850553048818206,2.2075568547088564,2.1316432964840777
2023-03-01,2.5708039819625976,23141.57,264140.99894,9568743.0,293209893.8756949,43053844193928.0,73.94943779478977,2425.970802919708,1.8567157956204376,53.0,3970.14990234375,5043400000.0,20.700000762939453,2.076065954023798,1.7434664449502633,1.3033387727390993,2.2023534951370802,2.1746812938195306
2023-03-02,1.2105206698286621,23628.97,315287.41737,9390487.0,363837094.5902782,43053844193928.0,30.133522458762705,2246.658823529412,2.1105205823529407,50.0,3951.389892578125,4249480000.0,20.579999923706055,1.5864087758601115,2.076065954023798,1.7434664449502633,2.057809463665493,2.1654680981488457
2023-03-03,5.731039677807273,23465.32,239315.45219,7435815.0,308191421.3000004,43053844193928.0,36.0091105960152,2291.993055555556,2.024497097222224,51.0,3981.35009765625,4244900000.0,19.59000015258789,2.5708039819625976,1.5864087758601115,2.076065954023798,2.0813709873907205,2.160631079398259
2023-03-04,0.6882259007969083,22354.34,319954.19785,8214639.0,359556658.1833338,43053844193928.0,58.68537645873671,2114.720238095238,2.0046007559523806,50.0,4045.639892578125,4084730000.0,18.489999771118164,1.2105206698286621,2.5708039819625976,1.5864087758601115,1.8393799863209075,2.1371917544192254
2023-03-05,1.5566926520354802,22346.57,121257.38132,4169260.0,325313166.92777824,43053844193928.0,92.03216654432482,2015.1315789473683,2.145609519736841,50.0,4045.639892578125,4084730000.0,18.489999771118164,5.731039677807273,1.2105206698286621,2.5708039819625976,2.3173777538816864,2.2658924972204404
2023-03-06,0.9399659063396005,22430.24,154841.75786,4835978.0,331733821.53819484,43053844193928.0,241.54298256589655,1849.277419354839,1.9336509612903223,47.0,4045.639892578125,4084730000.0,18.489999771118164,0.6882259007969083,5.731039677807273,1.2105206698286621,2.2295044864613733,2.175206974957246
2023-03-07,1.1145688983330995,22410.0,203751.82957,6471278.0,282508802.8583337,43053844193928.0,38.45929582296115,2394.060606060606,1.8099567272727275,48.0,4048.419921875,4000870000.0,18.610000610351562,1.5566926520354802,0.6882259007969083,5.731039677807273,2.202822516044976,2.1759729003102115
2023-03-08,1.9208018230071586,22197.96,292519.80912,7813394.0,353136003.5729172,43053844193928.0,58.072274400515134,2194.436363636364,2.018768618181817,49.0,3986.3701171875,3922500000.0,19.59000015258789,0.9399659063396005,1.5566926520354802,0.6882259007969083,2.0405225092329475,2.1823566765095794
2023-03-09,4.47873595898647,21705.44,301460.57272,8018963.0,284649021.0618059,43053844193928.0,30.18941521364002,2199.1954887218044,1.9805633082706768,50.0,3992.010009765625,3535570000.0,19.110000610351562,1.1145688983330995,0.9399659063396005,1.5566926520354802,1.9731168124433744,2.1713314593059168
2023-03-10,3.6628579134356882,20362.22,443658.28584,10076702.0,288929457.4687504,43053844193928.0,49.80243362402516,2495.214814814815,1.825581814814815,44.0,3918.320068359375,4445260000.0,22.610000610351562,1.9208018230071586,1.1145688983330995,0.9399659063396005,1.880259361164026,2.1843275571422636
2023-03-11,3.453637309455497,20150.69,618456.4671,12106261.0,291564668.6842239,43127061549760.65,87.32689037681534,2421.573529411765,1.8360665294117648,34.0,3861.590087890625,5518190000.0,24.799999237060547,4.47873595898647,1.9208018230071586,1.1145688983330995,2.3471472596151415,2.2546201477589163
2023-03-12,4.36450769460823,20455.73,427831.82133,10412300.0,357219695.9219277,43551722213590.0,366.3187621145184,1937.6181818181817,2.271631206060606,33.0,3861.590087890625,5518190000.0,24.799999237060547,3.6628579134356882,4.47873595898647,1.9208018230071586,2.0516927218477723,2.331801150469128
2023-03-13,5.986316783000342,21997.11,430944.94288,9721933.0,348559824.50563854,43551722213590.0,111.5467507614395,1649.4099378881988,2.3566546397515524,33.0,3861.590087890625,5518190000.0,24.799999237060547,3.453637309455497,3.6628579134356882,4.47873595898647,2.446751494513285,2.3513663574715116
2023-03-14,5.835701626143462,24113.48,687889.31259,14820760.0,339899953.08934945,43551722213590.0,61.33227184678864,2121.7006369426754,2.066050203821656,49.0,3855.760009765625,6558020000.0,26.520000457763672,4.36450769460823,3.453637309455497,3.6628579134356882,2.847867929166535,2.438974537395795
2023-03-15,2.8109608687668732,24670.41,699360.93423,15223589.0,316085306.6945542,43551722213590.0,128.2794042252309,2245.8356164383563,1.8130728219178087,56.0,3919.2900390625,5665870000.0,23.729999542236328,5.986316783000342,4.36450769460823,3.453637309455497,3.5687751972609263,2.6097376304806246
2023-03-16,2.5133129917646664,24285.66,581450.72984,12613034.0,318250274.5486265,43551722213590.0,89.6963198157376,2347.3401360544217,1.952574421768707,50.0,3891.929931640625,6594010000.0,26.139999389648438,5.835701626143462,5.986316783000342,4.36450769460823,4.243222729805264,2.757753540634974
2023-03-17,4.890920270219964,24998.78,439421.32998,10418081.0,290105692.4456867,43551722213590.0,37.96366414360181,2201.858208955224,1.985878835820895,52.0,3960.280029296875,5695790000.0,22.989999771118164,2.8109608687668732,5.835701626143462,5.986316783000342,4.370388307770938,2.791516386684372
2023-03-18,2.6192831717562743,27395.13,624460.68091,13113359.0,318250274.5486265,43551722213590.0,163.16935269714233,2304.918367346939,1.9005259047619043,51.0,3916.639892578125,9354280000.0,25.510000228881836,2.5133129917646664,2.8109608687668732,5.835701626143462,4.089613598167823,2.780887785259884
2023-03-19,2.9056039537518035,26907.49,371238.97174,9948603.0,350724792.3597108,43551722213590.0,207.92349361388605,1832.6543209876545,2.2621394320987656,64.0,3916.639892578125,9354280000.0,25.510000228881836,4.890920270219964,2.5133129917646664,2.8109608687668732,4.265051077708433,2.7975689633700833
2023-03-20,3.8851687808790283,27972.87,372066.99054,9578297.0,320415242.4026988,43551722213590.0,46.31472306709413,1818.4527027027027,2.320146466216215,63.0,3916.639892578125,9354280000.0,25.510000228881836,2.6192831717562743,4.890920270219964,2.5133129917646664,4.145857629465688,2.7347433934126735
2023-03-21,2.645566818372917,27717.01,477378.23373,11775950.0,333405049.5271326,43551722213590.0,36.81553526492406,2216.155844155844,2.0032644545454543,66.0,3951.570068359375,5347140000.0,24.149999618530273,2.9056039537518035,2.6192831717562743,4.890920270219964,3.9374428093433407,2.731046517292446
2023-03-22,6.020735441825564,28105.47,420929.7422,11530870.0,313920338.84048194,43551722213590.0,44.85109268681856,2261.6,1.9889303517241388,68.0,4002.8701171875,4920240000.0,21.3799991607666,3.8851687808790283,2.9056039537518035,2.6192831717562743,3.6372788090402963,2.8202181348668782
2023-03-23,4.266439078482188,27250.97,224113.41296,3589327.0,344229888.79749393,43551722213590.0,35.85487454004699,1871.5408805031448,2.161154075471699,62.0,3936.969970703125,4533010000.0,22.260000228881836,2.645566818372917,3.8851687808790283,2.9056039537518035,3.181545265073076,2.8300188788032634
2023-03-24,2.1916593333693184,28295.41,128649.60818,2159091.0,398152679.74955547,43767569956061.28,39.309717499481984,1613.360655737705,2.493021704918033,57.0,3948.719970703125,4991600000.0,22.610000610351562,6.020735441825564,2.645566818372917,3.8851687808790283,3.640084489795746,2.9602937444965742
2023-03-25,1.593023884638688,27454.47,86242.06544,1511137.0,377232885.4931189,46843400286277.0,41.87052978729549,1803.055555555556,2.43009122839506,61.0,3970.989990234375,4583970000.0,21.739999771118164,4.266439078482188,6.020735441825564,2.645566818372917,3.8905310736125345,3.0159011472406068
2023-03-26,2.0931818800645354,27462.95,50844.08102,1088721.0,337646718.49692744,46843400286277.0,209.0788053340159,2001.3586206896557,2.090348034482757,64.0,3970.989990234375,4583970000.0,21.739999771118164,2.1916593333693184,4.266439078482188,6.020735441825564,3.5049223683481565,3.008760681156717
2023-03-27,3.2679551161087748,27968.05,49671.70353,1068196.0,335318120.4383279,46843400286277.0,420.5914781727535,1814.1875,2.280120708333333,64.0,3970.989990234375,4583970000.0,21.739999771118164,1.593023884638688,2.1916593333693184,4.266439078482188,3.35831389875993,2.9650462214007614
2023-03-28,2.644213987157466,27124.91,88039.46898,1575264.0,344632512.6727259,46843400286277.0,373.1651662774161,2003.763513513513,1.882243087837836,64.0,3977.530029296875,4233540000.0,20.600000381469727,2.0931818800645354,1.593023884638688,2.1916593333693184,3.242253602518891,2.955317107240185
2023-03-29,2.993038938183262,27261.07,78602.44341,1521981.0,312032139.85233283,46843400286277.0,141.18452690389148,2360.305970149254,1.8151441417910448,59.0,3971.27001953125,4014600000.0,19.969999313354492,3.2679551161087748,2.0931818800645354,1.593023884638688,3.154080221837426,3.0208043186858413
2023-03-30,3.427155493978777,28348.6,89486.16008,1704217.0,342303914.6141264,46843400286277.0,314.33258194777045,2276.4421768707484,2.014914578231293,57.0,4027.81005859375,4145250000.0,19.1200008392334,2.644213987157466,3.2679551161087748,2.0931818800645354,3.1538869602352193,3.0508292367594145
2023-03-31,2.2584065219257123,28028.53,98865.43256,1843652.0,360932699.0829224,46843400286277.0,589.9826607288827,2105.4645161290323,2.052353406451612,60.0,4050.830078125,3930860000.0,19.020000457763672,2.993038938183262,2.644213987157466,3.2679551161087748,2.7213588882863187,3.0813950028980637
2023-04-01,1.0786483703145706,28465.36,78198.12139,1537349.0,328332326.2625294,46843400286277.0,473.3569121416976,2187.1347517730496,1.7939797801418438,63.0,4109.31005859375,4525120000.0,18.700000762939453,3.427155493978777,2.993038938183262,2.644213987157466,2.60146123335726,3.142753226835352
2023-04-02,1.351696428075359,28452.73,30238.44753,822781.0,326003728.2039299,46843400286277.0,210.08707579674464,2283.1857142857143,1.8131560857142857,61.0,4109.31005859375,4525120000.0,18.700000762939453,2.2584065219257123,3.427155493978777,2.993038938183262,2.6109965460081734,3.132339978167456
2023-04-03,3.142039168733748,28171.87,37365.65692,938464.0,346961110.73132545,46843400286277.0,183.5811082546533,2292.7651006711408,1.8760888859060405,63.0,4109.31005859375,4525120000.0,18.700000762939453,1.0786483703145706,2.2584065219257123,3.427155493978777,2.537514329676157,3.12794423485032
2023-04-04,1.3928212359125587,27800.0,79180.01405,1651062.0,305046345.6765345,46843400286277.0,63.04379122552926,2540.992366412214,1.7378229923664124,63.0,4124.509765625,4234700000.0,18.549999237060547,1.351696428075359,1.0786483703145706,2.2584065219257123,2.431587836534846,2.981966126525923
2023-04-05,2.3839814793343064,28165.47,49722.55691,1102007.0,377232885.4931189,46843400286277.0,65.57348599249983,2599.567901234568,1.7823777839506174,62.0,4100.60009765625,4227800000.0,19.0,3.142039168733748,1.351696428075359,1.0786483703145706,2.413599844052699,3.0637599021238175
2023-04-06,1.2610708025980133,28170.01,60737.64732,1262730.0,323675130.1453304,46843400286277.0,59.9146430865029,2495.575539568345,1.829118741007194,62.0,4090.3798828125,3968020000.0,19.079999923706055,1.3928212359125587,3.142039168733748,1.351696428075359,2.2348294510177125,3.0582975215863866
2023-04-07,0.8678840053034313,28033.82,40118.94963,934548.0,375327217.1632722,47189345878587.8,353.3423252046025,2212.61875,1.9575785125,63.0,4105.02001953125,3486690000.0,18.399999618530273,2.3839814793343064,1.3928212359125587,3.142039168733748,2.1478212426107186,3.1064313740195435
2023-04-08,0.7873156937478096,27906.33,24762.09387,655634.0,338032942.1664877,47887764338536.0,41.341876811458576,2500.218309859155,1.8807727323943664,64.0,4105.02001953125,3486690000.0,18.399999618530273,1.2610708025980133,2.3839814793343064,1.3928212359125587,1.8383805724134668,3.1113147708283737
2023-04-09,1.476618683323484,27938.38,19479.96735,624159.0,349935510.5526316,47887764338536.0,74.41146821802613,2166.700680272109,2.217774394557824,61.0,4105.02001953125,3486690000.0,18.399999618530273,0.8678840053034313,1.2610708025980133,2.3839814793343064,1.639734498610284,3.0762175102382496
2023-04-10,2.6701042774666925,28323.76,32531.16101,777589.0,347554996.87540287,47887764338536.0,466.454787281986,1906.876712328767,1.984282883561644,61.0,4105.02001953125,3486690000.0,18.399999618530273,0.7873156937478096,0.8678840053034313,1.2610708025980133,1.5981155448150324,2.9531701680636275
2023-04-11,2.0118717120616196,29637.34,67754.0622,1285695.0,292803182.2991408,47887764338536.0,64.46741206869913,2354.674796747968,1.6222206178861789,62.0,4109.10986328125,3423650000.0,18.969999313354492,1.476618683323484,0.7873156937478096,0.8678840053034313,1.61596158127905,2.8802955270598876
2023-04-12,1.4748359592297402,30200.42,67990.07621,1340458.0,366599106.2932332,47887764338536.0,68.73945303228801,2500.012987012987,1.666888201298702,68.0,4108.93994140625,3665830000.0,19.100000381469727,2.6701042774666925,1.476618683323484,0.7873156937478096,1.5485423110980423,2.8541777593269275
2023-04-13,1.441662264770959,29888.07,62049.48451,1246556.0,380882188.3566059,47887764338536.0,887.6565340777813,2113.1375,1.9372407937500007,65.0,4091.949951171875,3633120000.0,19.09000015258789,2.0118717120616196,2.6701042774666925,1.476618683323484,1.636978093405051,2.7757565599087073
2023-04-14,2.3013207309253487,30373.84,51934.11731,1054144.0,338032942.1664877,47887764338536.0,694.6517704956594,2338.323943661972,1.7926685140845071,61.0,4146.22021484375,3596590000.0,17.799999237060547,1.4748359592297402,2.0118717120616196,2.6701042774666925,1.5071001619615416,2.62537386578302
2023-04-15,0.8221097075659642,30466.93,75984.19452,1504180.0,333271914.81203014,47887764338536.0,775.1670469050166,2256.85,1.7771835642857152,68.0,4137.64013671875,3575690000.0,17.06999969482422,1.441662264770959,1.4748359592297402,2.0118717120616196,1.5328989422719626,2.4789058870706033
2023-04-16,0.9792858225436049,30295.09,25429.81247,732418.0,376121161.0021483,47887764338536.0,943.2021668478044,1748.006329113924,1.835977879746835,68.0,4137.64013671875,3575690000.0,17.06999969482422,2.3013207309253487,1.441662264770959,1.4748359592297402,1.7376756173608077,2.4619178824758863
2023-04-17,2.1263236383955384,30304.65,26431.99322,708233.0,295183695.9763696,47887764338536.0,235.34914442100904,1873.1290322580649,1.870822879032258,68.0,4137.64013671875,3575690000.0,17.06999969482422,0.8221097075659642,2.3013207309253487,1.441662264770959,1.742646190763401,2.4055444396692627
2023-04-18,2.260717914057445,29430.27,56441.81127,1137294.0,368979619.9704619,47887764338536.0,356.86456242740616,2039.9548387096772,1.7898713096774204,69.0,4151.31982421875,3611180000.0,16.950000762939453,0.9792858225436049,0.8221097075659642,2.3013207309253487,1.6715986392234186,2.275156624746718
2023-04-19,3.4870279771284083,30380.01,62004.89434,1141562.0,395165270.4199787,47887764338536.0,498.6041342245971,1882.6626506024097,1.7747481987951808,58.0,4154.8701171875,3536640000.0,16.829999923706055,2.1263236383955384,0.9792858225436049,0.8221097075659642,1.593915690784682,2.2587246403013594
2023-04-20,2.119333078093463,28797.1,86575.48656,1699891.0,330891401.13480145,47887764338536.0,341.7474451201936,2170.661870503597,1.7893579136690647,63.0,4154.52001953125,3572560000.0,16.459999084472656,2.260717914057445,2.1263236383955384,0.9792858225436049,1.6294651482126572,2.237228438978214
2023-04-21,2.5109049123373985,28243.65,76879.09372,1434642.0,319313867.4340018,48296984989381.2,935.8175176905622,2230.6992481203006,1.6836805037593987,52.0,4129.7900390625,3772080000.0,17.170000076293945,3.4870279771284083,2.260717914057445,2.1263236383955384,1.9169211507696098,2.2239570788531937
2023-04-22,1.4023128167992742,27262.84,77684.7679,1463628.0,351118490.9644334,48712405953118.0,75.83846788299779,2429.0896551724136,1.7731894965517234,50.0,4133.52001953125,3611750000.0,16.770000457763672,2.119333078093463,3.4870279771284083,2.260717914057445,2.0137312669585388,2.2064159541772117
2023-04-23,1.495189503454474,27816.85,36023.69686,859500.0,360804518.3013832,48712405953118.0,195.11778569797468,2380.8859060402683,1.6861164899328858,53.0,4133.52001953125,3611750000.0,16.770000457763672,2.5109049123373985,2.119333078093463,3.4870279771284083,2.0436718643031173,2.089421603194273
2023-04-24,2.3665687633819683,27590.6,34812.09581,873485.0,355961504.6329083,48712405953118.0,47.590972398229965,2943.9455782312925,1.60178400680272,56.0,4133.52001953125,3611750000.0,16.770000457763672,1.4023128167992742,2.5109049123373985,2.119333078093463,2.126558022765019,1.9939507278048423
2023-04-25,2.1339698573554435,27510.93,53111.56874,1211080.0,341432463.6274834,48712405953118.0,53.57581948986294,2554.418439716312,1.7155766737588656,53.0,4137.0400390625,3290940000.0,16.889999389648438,1.495189503454474,1.4023128167992742,2.5109049123373985,2.200258548609429,1.9707350668076808
2023-04-26,7.914173938962208,28300.79,52325.14637,1087067.0,302688354.2796839,48712405953118.0,54.064474555599865,2958.744,1.5970774639999998,53.0,4071.6298828125,3978640000.0,18.760000228881836,2.3665687633819683,1.495189503454474,1.4023128167992742,2.234579280750347,1.9965198960991235
2023-04-27,4.269453271888048,28415.29,129228.40403,2261942.0,314795888.4508713,48712405953118.0,58.894584035687885,3357.392307692308,1.6074717538461532,56.0,4055.989990234375,3837030000.0,18.84000015258789,2.1339698573554435,2.3665687633819683,1.495189503454474,2.216472415507204,1.9978794953421537
2023-04-28,1.3983961289525848,29472.77,95430.82431,1990148.0,314795888.4508713,48712405953118.0,120.22122097051722,3222.4,1.559151015384615,59.0,4135.35009765625,3750550000.0,17.030000686645508,7.914173938962208,2.1339698573554435,2.3665687633819683,2.8489218386263184,2.152753456103935
2023-04-29,0.8697005878720058,29311.7,54298.16578,1129240.0,355961504.6329083,48712405953118.0,136.04316773206185,3289.265306122449,1.608638081632653,64.0,4169.47998046875,4087800000.0,15.779999732971191,4.269453271888048,7.914173938962208,2.1339698573554435,3.156081866311259,2.206928098928288
2023-04-30,1.5022588941461639,29230.45,20466.83058,619319.0,331746436.2905336,48712405953118.0,72.83263538860582,3547.6715328467158,1.6043195547445264,64.0,4169.47998046875,4087800000.0,15.779999732971191,1.3983961289525848,4.269453271888048,7.914173938962208,2.9971520401134284,2.1537733386205984
2023-05-01,3.663979604672608,29233.21,39752.5372,949458.0,358383011.4671458,48712405953118.0,68.88417129510246,3841.324324324324,1.6470233513513513,60.0,4169.47998046875,4087800000.0,15.779999732971191,0.8697005878720058,1.3983961289525848,4.269453271888048,2.9210645788381044,2.0685248417503725
2023-05-02,1.831717600330075,28068.26,64433.65958,1362793.0,440714243.8312197,48712405953118.0,86.22655201105653,3748.796703296703,1.664010846153844,63.0,4167.8701171875,3321370000.0,16.079999923706055,1.5022588941461639,0.8697005878720058,1.3983961289525848,2.9220744917940604,2.0433199208243877
2023-05-03,2.392809715133019,28669.86,50824.5224,1174697.0,312374381.6166337,48712405953118.0,72.18121140619263,3548.124031007752,1.6445938527131787,55.0,4119.580078125,4486130000.0,17.780000686645508,3.663979604672608,1.5022588941461639,0.8697005878720058,3.1074188976927224,2.1294976286363223
2023-05-04,1.5115820941340385,29026.16,64615.79213,1502909.0,341432463.6274834,48712405953118.0,172.38191138042322,3472.049645390071,1.5979772624113475,64.0,4090.75,4246510000.0,18.34000015258789,1.831717600330075,3.663979604672608,1.5022588941461639,3.064240003831956,2.1454983343781464
2023-05-05,2.1981991453157597,28838.16,42575.47501,961542.0,351888475.1483047,48484851384225.305,196.77985728293308,3363.856164383561,1.5963185958904111,64.0,4061.219970703125,4920090000.0,20.09000015258789,2.392809715133019,1.831717600330075,3.663979604672608,2.275473686142072,2.120524019258122
2023-05-06,1.8331142433430598,29505.61,58415.83048,1288027.0,283977798.47865146,48005534313579.0,58.42311877427369,3457.3865546218485,1.6049264201680673,61.0,4136.25,4186270000.0,17.190000534057617,1.5115820941340385,2.392809715133019,1.831717600330075,1.8814920893200708,2.124482714532171
2023-05-07,1.492178315176063,28848.2,49249.28459,1221021.0,355568840.1119249,48005534313579.0,51.91584379067383,4034.4563758389263,1.6663023355704705,60.0,4136.25,4186270000.0,17.190000534057617,2.1981991453157597,1.5115820941340385,2.392809715133019,1.9957496630862386,2.1182899700648865
2023-05-08,2.73687609210965,28430.1,30003.41028,855425.0,331705159.5675005,48005534313579.0,40.02778440094831,4373.258992805755,1.684206985611511,64.0,4136.25,4186270000.0,17.190000534057617,1.8331142433430598,2.1981991453157597,1.5115820941340385,2.133380185296389,2.1373580847563876
2023-05-09,1.8117752865965504,27668.79,68244.36179,1600637.0,326932423.4586156,48005534313579.0,79.56005113699814,4197.4525547445255,1.7029231678832115,60.0,4138.1201171875,3641640000.0,16.979999542236328,1.492178315176063,1.8331142433430598,2.1981991453157597,2.1319401025863747,2.1581678950854757
2023-05-10,3.621591521066239,27628.27,40113.31069,1003698.0,360341576.2208098,48005534313579.0,257.606387319569,3961.9602649006624,1.6603578741721854,51.0,4119.169921875,3810140000.0,17.709999084472656,2.73687609210965,1.492178315176063,1.8331142433430598,1.9994967436488094,2.223153241697537
2023-05-11,1.5679823705273919,27598.75,71155.11355,1534579.0,405682569.2552164,48005534313579.0,729.0134193878841,3950.9882352941177,1.6815469647058818,52.0,4137.64013671875,4057160000.0,16.940000534057617,1.8117752865965504,2.73687609210965,1.492178315176063,1.9966478416868774,2.2343251284733063
2023-05-12,2.408274860904144,26968.62,47635.31365,1257000.0,360341576.2208098,48005534313579.0,266.14889849899214,3619.5298013245033,1.7373991986754969,52.0,4130.6201171875,3752900000.0,16.93000030517578,3.621591521066239,1.8117752865965504,2.73687609210965,2.1721880996773373,2.2660413699266244
2023-05-13,0.7319360918836167,26795.01,67207.93494,1351633.0,336477895.6763853,48005534313579.0,280.36821840681165,3611.0567375886526,1.670210177304964,49.0,4124.080078125,3533740000.0,17.030000686645508,1.5679823705273919,3.621591521066239,1.8117752865965504,2.180245282019245,2.25124505854215
2023-05-14,0.9047198752741429,26775.28,22814.90421,605049.0,346023367.89415514,48005534313579.0,195.0296766245613,3969.931034482759,1.7068472275862074,48.0,4124.080078125,3533740000.0,17.030000686645508,2.408274860904144,1.5679823705273919,3.621591521066239,2.2102560985318713,2.282359688597963
2023-05-15,1.9366201727635548,26917.62,21594.8036,629537.0,415228041.47298616,48005534313579.0,1035.79133505536,3630.3275862068967,1.7191322068965509,48.0,4124.080078125,3533740000.0,17.030000686645508,0.7319360918836167,2.408274860904144,1.5679823705273919,2.052944934037665,2.258702149501718
2023-05-16,1.3405869201500396,27162.14,40430.08333,935914.0,350796104.00304,48005534313579.0,114.28307779316285,3580.809523809524,1.7510377210884351,50.0,4136.27978515625,3562170000.0,17.1200008392334,0.9047198752741429,0.7319360918836167,2.408274860904144,1.969022299765962,2.212148787646678
2023-05-17,1.9094793555636258,27033.84,33270.45451,815642.0,365114312.3296948,48005534313579.0,62.32914076243031,3702.366013071896,1.7140523071895428,54.0,4109.89990234375,3654200000.0,17.989999771118164,1.9366201727635548,0.9047198752741429,0.7319360918836167,1.854700025573663,2.249299136486598
2023-05-18,2.67790140907812,27405.61,42958.97785,1016823.0,381818888.7107919,48005534313579.0,67.86063752367278,3646.5875,1.6729892187499995,50.0,4158.77001953125,4039080000.0,16.8700008392334,1.3405869201500396,1.9366201727635548,0.9047198752741429,1.7873874017955897,2.2613425064068124
2023-05-19,0.8185600369408484,26821.28,49198.65143,1057318.0,344768089.144806,49188301954866.32,84.65263512872843,3380.8794326241136,1.6425040425531916,51.0,4198.0498046875,3980500000.0,16.049999237060547,1.9094793555636258,1.3405869201500396,1.9366201727635548,1.5427999495809306,2.2541143636457486
2023-05-20,1.0265672348520394,26880.26,28754.13544,756295.0,369469365.7613961,49549703178593.0,77.11045575351824,3436.4933333333333,1.726897640000001,48.0,4191.97998046875,4041900000.0,16.809999465942383,2.67790140907812,1.9094793555636258,1.3405869201500396,1.7013598122310347,2.268020480146438
2023-05-21,1.0934563097116399,27102.43,14434.54718,481382.0,322669912.76495266,49549703178593.0,74.6321518353542,3234.625954198473,1.7098359465648862,48.0,4191.97998046875,4041900000.0,16.809999465942383,0.8185600369408484,2.67790140907812,1.9094793555636258,1.474257694521993,2.179071548806853
2023-05-22,1.3415623032885966,26747.78,21347.87279,568937.0,371932494.8664721,49549703178593.0,99.1700497169459,3222.682119205298,1.8497955364238412,52.0,4191.97998046875,4041900000.0,16.809999465942383,1.0265672348520394,0.8185600369408484,2.67790140907812,1.5163478578031957,2.142646020698805
2023-05-23,1.4327726457000634,26849.27,26458.83828,717111.0,354690591.1309403,49549703178593.0,49.3164696122941,3467.2291666666665,1.7075164375000005,49.0,4192.6298828125,3728520000.0,17.209999084472656,1.0934563097116399,1.0265672348520394,0.8185600369408484,1.5433102055799812,2.0953977339446133
2023-05-24,2.054127024189563,27219.61,38700.83858,816399.0,379321882.1817001,49549703178593.0,60.76828622028382,3375.779220779221,1.7933465389610392,50.0,4145.580078125,4155320000.0,18.530000686645508,1.3415623032885966,1.0934563097116399,1.0265672348520394,1.45830193851213,2.0933727168275906
2023-05-25,1.2905967368048938,26329.01,54393.0657,1012767.0,347301203.81571233,49549703178593.0,61.25283432322032,2876.035460992908,1.793709716312056,50.0,4115.240234375,0.0,20.030000686645508,1.4327726457000634,1.3415623032885966,1.0934563097116399,1.471471327876419,2.0912921549024435
2023-05-26,1.164775872299388,26473.79,37435.44895,753125.0,371932494.8664721,49549703178593.0,74.21459784847387,3047.46357615894,1.7179078940397354,51.0,4151.27978515625,4147760000.0,19.139999389648438,2.054127024189563,1.4327726457000634,1.3415623032885966,1.4921352805372672,2.0808774302626967
2023-05-27,0.7404166206246082,26705.92,35061.18713,655755.0,376858753.076624,49549703178593.0,72.1605601120203,3479.562091503268,1.6705831176470591,49.0,4205.4501953125,3715460000.0,17.950000762939453,1.2905967368048938,2.054127024189563,1.4327726457000634,1.2939488987839491,2.052764992911012
2023-05-28,1.963798593368667,26854.27,15095.6867,415694.0,357153720.2360163,49549703178593.0,306.06992964064045,3252.6413793103447,1.7947091999999991,48.0,4205.4501953125,3715460000.0,17.950000762939453,1.164775872299388,1.2905967368048938,2.054127024189563,1.3434083038351692,1.8277850573555843
2023-05-29,1.2522238894092292,28065.0,43916.00855,843861.0,394100656.8121559,49549703178593.0,99.72336514587758,3100.9875,1.696633012500001,50.0,4205.4501953125,3715460000.0,17.950000762939453,0.7404166206246082,1.164775872299388,1.2905967368048938,1.3025296446598218,1.7101505023134698
2023-05-30,1.2666537436232048,27736.4,42385.41945,805579.0,399026915.0223079,49549703178593.0,59.76250635658879,3397.061728395062,1.7246017716049376,52.0,4205.4501953125,3715460000.0,17.950000762939453,1.963798593368667,0.7404166206246082,1.164775872299388,1.4268642566108256,1.728997251127339
2023-05-31,1.9105580933842115,27694.4,32686.75371,745633.0,379321882.1817001,49549703178593.0,62.46503338346445,3345.753246753247,1.6985022987012983,51.0,4205.52001953125,4228510000.0,17.459999084472656,1.2522238894092292,1.963798593368667,0.7404166206246082,1.4141016260566304,1.7417480278452466
2023-06-01,1.8707975102631718,27210.35,46588.80573,908537.0,349729770.9452385,49896188532214.63,77.38352243081363,2989.921985815603,1.6807613475177312,51.0,4179.830078125,5980670000.0,17.940000534057617,1.2666537436232048,1.2522238894092292,1.963798593368667,1.390370354331365,1.7338945228278146
2023-06-02,1.4502726705466218,26817.93,39217.8088,814389.0,336187209.4940784,51234338863443.0,59.04081682065917,2696.8636363636365,1.5992807727272726,52.0,4221.02001953125,4391860000.0,15.649999618530273,1.9105580933842115,1.2666537436232048,1.2522238894092292,1.3698605070734575,1.6754471391182015
2023-06-03,0.837696507981885,27242.59,36380.90269,811087.0,417687139.0684004,51234338863443.0,44.81722180360769,2923.3963414634145,1.6381681219512183,50.0,4282.3701171875,4454200000.0,14.600000381469727,1.8707975102631718,1.9105580933842115,1.2666537436232048,1.4527463318532114,1.6767498027826382
2023-06-04,0.7933545384700567,27069.22,16595.34117,466520.0,331093463.8956832,51234338863443.0,129.81097151878078,2934.253846153846,1.6878379307692308,53.0,4282.3701171875,4454200000.0,14.600000381469727,1.4502726705466218,1.8707975102631718,1.9105580933842115,1.4935315887456735,1.6453319012964245
2023-06-05,3.3460039820924106,27115.21,19258.41049,504474.0,376937174.2812394,51234338863443.0,345.87383135263417,2459.5945945945946,1.7965940270270262,52.0,4282.3701171875,4454200000.0,14.600000381469727,0.837696507981885,1.4502726705466218,1.8707975102631718,1.5074287155109987,1.6228690484246864
2023-06-06,2.833676384818865,25728.2,65805.60305,1420829.0,351468446.2892638,51234338863443.0,160.2610300981786,2603.289855072464,1.597624514492754,53.0,4273.7900390625,3813290000.0,14.729999542236328,0.7933545384700567,0.837696507981885,1.4502726705466218,1.3402224219540544,1.5760408948631628
2023-06-07,2.7101445080531232,27230.08,68392.60438,1345725.0,384577792.6788321,51234338863443.0,76.49796374673166,3060.079470198676,1.6920342052980135,44.0,4283.85009765625,3996560000.0,13.960000038146973,3.3460039820924106,0.7933545384700567,0.837696507981885,1.6393338637659376,1.6264705528214745
2023-06-08,1.577877764348019,26339.34,59619.44364,1311928.0,343827827.89167106,51234338863443.0,121.632983783249,3213.1925925925925,1.6216797629629638,53.0,4267.52001953125,4537800000.0,13.9399995803833,2.833676384818865,3.3460039820924106,0.7933545384700567,1.863194241079603,1.6711871551429014
2023-06-09,0.9093928767931782,26498.61,31075.51083,848252.0,392218411.0764248,51234338863443.0,124.53810467281156,2642.896103896104,1.693495032467532,50.0,4293.93017578125,3826740000.0,13.649999618530273,2.7101445080531232,2.833676384818865,3.3460039820924106,1.9774208717465906,1.670296102341017
2023-06-10,3.6388485084992963,26477.81,27934.7097,746911.0,430421503.0643882,51234338863443.0,299.52169319478594,2290.437869822485,1.630917828402367,50.0,4298.85986328125,3786510000.0,13.829999923706055,1.577877764348019,2.7101445080531232,2.833676384818865,1.9355751937587118,1.6624995182660662
2023-06-11,1.250337759389451,25841.21,64944.60108,1713871.0,392218411.0764248,51234338863443.0,1495.0936497396954,2372.525974025974,1.89774127922078,49.0,4298.85986328125,3786510000.0,13.829999923706055,0.9093928767931782,1.577877764348019,2.7101445080531232,1.8583066517939337,1.5720928967902974
2023-06-12,1.1684348152202852,25925.55,30014.29595,833902.0,415140266.2692028,51234338863443.0,624.4841758305691,2449.0858895705524,1.9986540490797544,47.0,4298.85986328125,3786510000.0,13.829999923706055,3.6388485084992963,0.9093928767931782,1.577877764348019,2.2584712232964215,1.6411217680560275
2023-06-13,1.4951210377269002,25905.19,29900.50893,858037.0,399859029.4740175,51234338863443.0,47.264442468244354,2360.7261146496817,1.696170649681529,47.0,4338.93017578125,3945670000.0,15.010000228881836,1.250337759389451,3.6388485084992963,0.9093928767931782,2.323754540570621,1.6025238646722044
2023-06-14,3.9179271811646053,25934.25,41065.60853,1007138.0,374390301.4820418,51234338863443.0,64.80770645714105,2792.401360544218,1.7981825986394564,45.0,4369.009765625,4275400000.0,14.609999656677246,1.1684348152202852,1.250337759389451,3.6388485084992963,2.0126732310174598,1.6170738221167602
2023-06-15,1.6543080517343496,25128.6,45077.31608,957418.0,312388214.96659184,51935360722908.66,59.29526765372173,2732.710743801653,1.6150911157024792,46.0,4372.58984375,4252110000.0,13.880000114440918,1.4951210377269002,1.1684348152202852,1.250337759389451,1.8214510385757505,1.6367538608651853
2023-06-16,2.025603315173464,25598.49,48664.86063,943268.0,385148460.1631553,52350439455487.0,59.22427368431424,2858.574324324324,1.7736605067567557,41.0,4425.83984375,4176690000.0,14.5,3.9179271811646053,1.4951210377269002,1.1684348152202852,1.9939914204488194,1.702797427811887
2023-06-17,1.6523713147649468,26345.0,51596.91662,926194.0,398160232.4659646,52350439455487.0,32.971685039476704,3347.725490196078,1.6543600522875823,47.0,4409.58984375,6848600000.0,13.539999961853027,1.6543080517343496,3.9179271811646053,1.4951210377269002,2.004910032932581,1.7132547988646971
2023-06-18,1.0131894130758272,26516.99,27842.2195,666967.0,364329624.4786604,52350439455487.0,65.63888966020657,3394.657142857143,1.7132291142857154,47.0,4409.58984375,6848600000.0,13.539999961853027,2.025603315173464,1.6543080517343496,3.9179271811646053,2.1643686669869076,1.7171255975183584
2023-06-19,1.4220827974802643,26339.97,21538.31022,555956.0,392955523.5448409,52350439455487.0,87.74851237029479,2913.033112582781,1.9841850860927168,49.0,4409.58984375,6848600000.0,13.539999961853027,1.6523713147649468,2.025603315173464,1.6543080517343496,1.8805862107391431,1.6829412610412529
2023-06-20,2.7503554137224895,26844.35,35872.65974,732735.0,369534333.3997841,52350439455487.0,268.31760414109937,2926.788732394366,1.766902063380282,47.0,4409.58984375,6848600000.0,13.539999961853027,1.0131894130758272,1.6523713147649468,2.025603315173464,1.8467078755514825,1.6894289069124186
2023-06-21,3.0041491547101224,28307.99,69666.95525,1189024.0,353920206.636413,52350439455487.0,38.82202185530167,3292.0220588235293,1.6814601691176472,49.0,4388.7099609375,4055790000.0,13.880000114440918,1.4220827974802643,1.0131894130758272,1.6523713147649468,1.8829433015886223,1.7026127590000262
2023-06-22,2.6395004399429713,29993.89,108926.40412,1872873.0,314884889.72798514,52350439455487.0,50.58825469923661,3002.314049586777,1.608081892561983,59.0,4365.68994140625,3709330000.0,13.199999809265137,2.7503554137224895,1.4220827974802643,1.0131894130758272,2.062262498159421,1.757842729133721
2023-06-23,3.5959459115765506,29884.92,59054.5646,1146092.0,356522561.09697485,52350439455487.0,117.07757689226084,2861.613138686132,1.640141270072992,65.0,4381.89013671875,3511000000.0,12.90999984741211,3.0041491547101224,2.7503554137224895,1.4220827974802643,1.931722780094495,1.8132622908477718
2023-06-24,1.6023978859028503,30688.5,73931.89635,1338533.0,325294307.5702325,52350439455487.0,173.23842396350005,2992.008,1.6640201839999995,65.0,4348.330078125,6053620000.0,13.4399995803833,2.6395004399429713,3.0041491547101224,2.7503554137224895,2.0724645498385836,1.8534865506558689
2023-06-25,1.1549455512857636,30527.43,30513.30135,776343.0,379943751.2420316,52350439455487.0,106.04865354874453,2475.595890410959,1.7819373630136977,62.0,4348.330078125,6053620000.0,13.4399995803833,3.5959459115765506,2.6395004399429713,3.0041491547101224,2.296799206467596,1.9048805135687688
2023-06-26,2.182617801305506,30462.66,30223.44801,789910.0,398160232.4659646,52350439455487.0,139.75560453397674,2501.7581699346406,1.8680638758169936,64.0,4348.330078125,6053620000.0,13.4399995803833,1.6023978859028503,3.5959459115765506,2.6395004399429713,2.2896601452015823,1.915273885205367
2023-06-27,1.9402853138515863,30267.99,45180.41489,954783.0,379943751.2420316,52350439455487.0,80.64731383100302,2766.9794520547944,1.7231112054794524,55.0,4328.81982421875,3415030000.0,14.25,1.1549455512857636,1.6023978859028503,3.5959459115765506,2.309911022088716,1.9149462078382462
2023-06-28,1.4932088849914904,30692.44,42699.64157,824373.0,364329624.4786604,52350439455487.0,219.98600803666565,3106.1285714285714,1.7170110785714283,59.0,4378.41015625,3573500000.0,13.739999771118164,2.182617801305506,1.1549455512857636,1.6023978859028503,2.418558879778036,1.9630195805276096
2023-06-29,1.3298741327991472,30077.41,40463.51937,895470.0,280545974.4417444,52255759843018.72,84.69628266533938,3067.3888888888887,1.6808191944444448,62.0,4376.85986328125,3739330000.0,13.430000305175781,1.9402853138515863,2.182617801305506,1.1549455512857636,2.3028345797964787,1.962235804543707
2023-06-30,3.392427155512956,30447.31,36330.62903,758428.0,367574940.3012432,50646206431058.0,83.36509758510384,3001.321917808219,1.6766364589041105,54.0,4396.43994140625,3696660000.0,13.539999961853027,1.4932088849914904,1.9402853138515863,2.182617801305506,2.086985969836674,1.9702686377297822
2023-07-01,0.39944902118153214,30472.0,89419.07618,1559366.0,397786579.2301125,50646206431058.0,835.5273757350511,2817.7025316455697,1.656886917721519,56.0,4450.3798828125,3923450000.0,13.59000015258789,1.3298741327991472,1.4932088849914904,1.9402853138515863,1.8998964973875565,1.972375984035647
2023-07-02,0.8096306537616974,30585.9,17501.75075,567975.0,334845664.7949681,50646206431058.0,345.0130016583973,2438.1503759398497,1.6567550676691738,59.0,4450.3798828125,3923450000.0,13.59000015258789,3.392427155512956,1.3298741327991472,1.4932088849914904,1.8708223893784712,2.021771619439938
2023-07-03,1.4858211701124897,30617.03,23286.41019,591533.0,430515854.7363876,50646206431058.0,4623.150550227111,1812.3976608187131,1.816713397660819,63.0,4450.3798828125,3923450000.0,13.59000015258789,0.39944902118153214,3.392427155512956,1.3298741327991472,1.69897255156114,1.9727266698038837
2023-07-04,1.2270460488907993,31156.2,43761.64311,781855.0,344916211.10459125,50646206431058.0,2977.549004632772,2394.992700729927,1.78020302189781,62.0,4455.58984375,2034280000.0,13.569999694824219,0.8096306537616974,0.39944902118153214,3.392427155512956,1.649641851914845,1.951371935911053
2023-07-05,1.1347708534996064,30766.51,33206.11943,779472.0,357504393.99162006,50646206431058.0,3487.055560383936,2665.887323943662,1.7253826056338029,64.0,4455.58984375,2034280000.0,13.569999694824219,1.4858211701124897,0.8096306537616974,0.39944902118153214,1.5500994760301283,1.9729760913154064
2023-07-06,2.996240930404433,30504.81,33215.67122,827926.0,390233669.4978951,50646206431058.0,1068.938083223824,3183.7290322580643,1.6932442774193548,61.0,4446.81982421875,3482620000.0,14.180000305175781,1.2270460488907993,1.4858211701124897,0.8096306537616974,1.4482081524643018,1.9874324749960979
2023-07-07,1.2714552710118363,29895.43,71319.6261,1397042.0,349951484.25940275,50646206431058.0,47.09323843383473,2825.093525179856,1.6520735179856114,56.0,4411.58984375,3682020000.0,15.4399995803833,1.1347708534996064,1.2270460488907993,1.4858211701124897,1.3970027193940326,1.9137247040430045
2023-07-08,0.7453678673355809,30344.7,34070.53895,912948.0,440586401.04601073,50646206431058.0,1183.1623839138697,3177.2228571428573,1.7994490114285704,55.0,4398.9501953125,3630480000.0,14.829999923706055,2.996240930404433,1.1347708534996064,1.2270460488907993,1.6350551190519305,1.9191435222291902
2023-07-09,0.5769025029535895,30284.63,13094.59042,480214.0,448139310.7782279,50646206431058.0,1212.410677255141,3223.016853932584,1.7515152528089892,58.0,4398.9501953125,3630480000.0,14.829999923706055,1.2714552710118363,2.996240930404433,1.1347708534996064,1.3320591355517706,1.8711872143278139
2023-07-10,2.2286864794336627,30160.71,15388.50196,473168.0,425480581.581576,50646206431058.0,109.39748166190395,3516.360946745562,1.763557147928994,55.0,4398.9501953125,3630480000.0,14.829999923706055,0.7453678673355809,1.2714552710118363,2.996240930404433,1.3814761135737776,1.843436884427399
2023-07-11,1.1791240642693506,30411.57,41262.87652,896853.0,387716032.92048943,50646206431058.0,39.02125288922508,3292.954545454545,1.6637028506493508,56.0,4409.52978515625,3429600000.0,15.069999694824219,0.5769025029535895,0.7453678673355809,1.2714552710118363,1.348229234886905,1.8323538719660797
2023-07-12,1.3116319655967756,30622.1,28476.83311,691213.0,339880937.9497796,50646206431058.0,40.3469834426334,3202.17037037037,1.714983807407407,57.0,4439.259765625,3624220000.0,14.84000015258789,2.2286864794336627,0.5769025029535895,0.7453678673355809,1.4543528505042154,1.7853484709972252
2023-07-13,2.292853662537012,30380.0,38108.99669,784195.0,382989765.58074266,53503052179805.375,63.95697590672795,3321.6666666666665,1.7033098472222223,64.0,4472.16015625,3920290000.0,13.539999961853027,1.1791240642693506,2.2286864794336627,0.5769025029535895,1.4475068527011514,1.7829746811598883
2023-07-14,2.827000979343591,31454.23,70772.51836,1301632.0,321592673.5118464,53911173001055.0,48.02462472681912,3132.1583333333333,1.601404933333334,57.0,4510.0400390625,3839530000.0,13.609999656677246,1.3116319655967756,1.1791240642693506,2.2286864794336627,1.4727727258578898,1.7877479195057715
2023-07-15,0.37955760318913667,30312.01,60749.48424,1274387.0,369831574.5386234,53911173001055.0,76.85033822403311,3055.550724637681,1.602543224637681,60.0,4505.419921875,3647450000.0,13.34000015258789,2.292853662537012,1.3116319655967756,1.1791240642693506,1.3722888304482583,1.814339006999442
2023-07-16,0.7256820265442926,30289.52,14118.55329,488354.0,369831574.5386234,53911173001055.0,61.8179241964264,3514.3478260869565,1.6834480579710147,56.0,4505.419921875,3647450000.0,13.34000015258789,2.827000979343591,2.292853662537012,1.3116319655967756,1.5945096459242232,1.7779748002720746
2023-07-17,1.5974073273965514,30231.99,15760.1281,494225.0,415390536.6194682,53911173001055.0,93.3067524229983,3839.6451612903215,1.7313029677419356,57.0,4505.419921875,3647450000.0,13.34000015258789,0.37955760318913667,2.827000979343591,2.292853662537012,1.5422510367604454,1.7354831186539008
2023-07-18,1.3959303712957012,30138.0,30882.76839,816466.0,364471696.6467593,53911173001055.0,39.660962332777416,3151.558823529412,1.6155172867647063,54.0,4522.7900390625,3538240000.0,13.479999542236328,0.7256820265442926,0.37955760318913667,2.827000979343591,1.56350525441626,1.6921524090329287
2023-07-19,1.2780707655120866,29859.13,30003.8601,754775.0,434150109.2409926,53911173001055.0,83.40390876910412,3596.814814814815,1.725549080246913,56.0,4554.97998046875,4090010000.0,13.300000190734863,1.5974073273965514,0.7256820265442926,0.37955760318913667,1.4733225184109584,1.6903202761206486
2023-07-20,1.8210069028632252,29909.21,25657.36137,617415.0,396630963.9979439,53911173001055.0,94.55146647200056,3244.925675675676,1.7387541013513517,50.0,4565.72021484375,4115670000.0,13.760000228881836,1.3959303712957012,1.5974073273965514,0.7256820265442926,1.5042948479861515,1.7030783080613112
2023-07-21,0.8717462846970666,29800.0,37540.68193,749723.0,343032185.0793028,53911173001055.0,48.23444089537826,3128.125,1.57570603125,56.0,4534.8701171875,3761770000.0,13.989999771118164,1.2780707655120866,1.3959303712957012,1.5974073273965514,1.499500390831196,1.6982779069957052
2023-07-22,0.5372768819776333,29901.72,23881.40865,555611.0,300153161.94439,53911173001055.0,43.15598710351502,2891.491071428572,1.5836044910714289,50.0,4536.33984375,3570190000.0,13.600000381469727,1.8210069028632252,1.2780707655120866,1.3959303712957012,1.4320937108777978,1.6672996233003965
2023-07-23,1.2184498445683958,29794.0,14660.40467,423988.0,359111818.75489503,53911173001055.0,278.43078799503013,2154.8507462686566,1.6688782611940296,52.0,4536.33984375,3570190000.0,13.600000381469727,0.8717462846970666,1.8210069028632252,1.2780707655120866,1.15277161164258,1.5962195276332947
2023-07-24,2.267048328813681,30083.75,18292.78637,519434.0,393951025.0520118,53911173001055.0,317.71216875107416,3806.9659863945576,1.730404278911564,54.0,4536.33984375,3570190000.0,13.600000381469727,0.5372768819776333,0.8717462846970666,1.8210069028632252,1.1753029371837938,1.52614540903445
2023-07-25,0.8441266630166542,29176.5,39628.99691,869107.0,401990841.889808,53911173001055.0,56.941930752291,3532.82,1.70094212,55.0,4554.64013671875,3856250000.0,13.90999984741211,1.2184498445683958,0.5372768819776333,0.8717462846970666,1.2456983397586658,1.4468955401341783
2023-07-26,1.2265347170753818,29228.91,21565.7478,533797.0,369831574.5386234,53911173001055.0,31.20960849363289,3352.072463768116,1.6838943840579714,50.0,4567.4599609375,3812470000.0,13.859999656677246,2.267048328813681,1.2184498445683958,0.5372768819776333,1.3413613399611128,1.4690505548978725
2023-07-27,0.8362250848770538,29351.96,33931.63366,750401.0,381190141.57452464,53251647610383.75,46.88745557976957,3144.0694444444443,1.6828594652777773,51.0,4566.75,3990290000.0,13.1899995803833,0.8441266630166542,2.267048328813681,1.2184498445683958,1.2625322387783917,1.458689925288902
2023-07-28,1.0202727939939011,29222.78,22476.47626,583045.0,358973121.2673339,52328312063444.0,44.03327242202119,2993.0289855072465,1.6534879420289852,51.0,4537.41015625,4553210000.0,14.40999984741211,1.2265347170753818,0.8441266630166542,2.267048328813681,1.2551699461445767,1.4268204891478982
2023-07-29,0.3448087314996989,29314.14,23993.61627,543177.0,364175630.2712082,52328312063444.0,70.6187151719012,3208.75,1.629710542857143,52.0,4582.22998046875,3981010000.0,13.329999923706055,0.8362250848770538,1.2265347170753818,0.8441266630166542,1.1144868292894095,1.3900184815154135
2023-07-30,0.9077659249753844,29352.9,10851.36844,339750.0,343365594.25571066,52328312063444.0,41.11093708901793,3205.446969696969,1.6167031818181816,52.0,4582.22998046875,3981010000.0,13.329999923706055,1.0202727939939011,0.8362250848770538,1.2265347170753818,1.1357049020461,1.3742539451488274
2023-07-31,0.8967181744640966,29281.09,15706.97441,454846.0,437010756.32545,52328312063444.0,222.04523793574504,3844.369047619048,1.7217561607142862,52.0,4582.22998046875,3981010000.0,13.329999923706055,0.3448087314996989,1.0202727939939011,0.8362250848770538,1.1082094519778238,1.3414184317721791
2023-08-01,2.2503999647022694,29232.25,22605.48964,563115.0,366776884.7731455,52328312063444.0,29.88824802165586,3160.751773049645,1.6788036666666668,50.0,4588.9599609375,4503600000.0,13.630000114440918,0.9077659249753844,0.3448087314996989,1.0202727939939011,1.063826034893108,1.25859639075426
2023-08-02,1.5585093429046903,29705.99,44719.65162,900141.0,361574375.7692712,52328312063444.0,49.61727297540916,2965.6043165467627,1.6502910791366907,53.0,4576.72998046875,4042370000.0,13.930000305175781,0.8967181744640966,0.9077659249753844,0.3448087314996989,0.8680645842717387,1.2751720291970121
2023-08-03,1.1297173239095442,29186.01,48181.65141,945158.0,400593193.2983291,52328312063444.0,66.16542534566568,2537.454545454545,1.5706304480519473,53.0,4513.39013671875,4270710000.0,16.09000015258789,2.2503999647022694,0.8967181744640966,0.9077659249753844,1.0689607702268267,1.3231976728950312
2023-08-04,0.8055824151707186,29193.64,26476.91994,651970.0,392789429.7925176,52328312063444.0,262.07541333763214,3152.364238410596,1.6901883112582776,52.0,4501.89013671875,4149120000.0,15.920000076293945,1.5585093429046903,2.2503999647022694,0.8967181744640966,1.1163857167738709,1.3256206119881044
2023-08-05,0.41697754031650325,29113.99,23551.95217,544850.0,314751794.7344015,52328312063444.0,71.97530479910859,2632.115702479339,1.5942489752066114,54.0,4478.02978515625,4143310000.0,17.100000381469727,1.1297173239095442,1.5585093429046903,2.2503999647022694,1.1583131794927977,1.322376321155396
2023-08-06,0.4874642921576129,29072.13,11645.52018,331924.0,400593193.2983291,52328312063444.0,250.40270823976687,3251.448051948052,1.692858779220779,50.0,4478.02978515625,4143310000.0,17.100000381469727,0.8055824151707186,1.1297173239095442,1.5585093429046903,1.1276431253752004,1.3114033732110997
2023-08-07,1.0259713692504568,29088.42,13178.1972,338654.0,426605738.3177011,52328312063444.0,66.92420479238389,3702.8963414634154,1.709818176829269,49.0,4478.02978515625,4143310000.0,17.100000381469727,0.41697754031650325,0.8055824151707186,1.1297173239095442,1.1379529552061725,1.2254279268748354
2023-08-08,1.5622298766906155,29211.06,30966.87746,671438.0,379783157.2828315,52328312063444.0,49.074582780973046,2928.31506849315,1.7000173493150694,49.0,4518.43994140625,3493920000.0,15.770000457763672,0.4874642921576129,0.41697754031650325,0.8055824151707186,1.0779098648036336,1.1992948942463615
2023-08-09,1.6044209774040579,29770.42,45700.53392,877168.0,325156812.74215025,52328312063444.0,79.71298710978996,2649.552,1.5628341759999995,54.0,4499.3798828125,3884910000.0,15.989999771118164,1.0259713692504568,0.4874642921576129,0.41697754031650325,1.0963746069159708,1.2086483443101907
2023-08-10,0.8839772398585223,29581.99,38003.88725,750252.0,421650114.697692,52358969387622.18,102.22303620044268,3128.061728395062,1.6555769135802474,50.0,4467.7099609375,3803100000.0,15.960000038146973,1.5622298766906155,1.0259713692504568,0.4874642921576129,0.9980645943428773,1.2414925901014249
2023-08-11,0.629155586469966,29455.75,23463.45373,513691.0,330756213.4390739,52391178981379.0,43.36710143531557,2819.2047244094488,1.558921787401575,53.0,4468.830078125,4504370000.0,15.850000381469727,1.6044209774040579,1.5622298766906155,1.0259713692504568,1.0046233992713582,1.2206837400337711
2023-08-12,0.3298237306145222,29426.03,20637.0443,437828.0,393261324.6401588,52391178981379.0,53.02945974594899,3354.5562913907283,1.6407994503311258,51.0,4464.0498046875,3753290000.0,14.84000015258789,0.8839772398585223,1.6044209774040579,1.5622298766906155,0.9695176729783553,1.2108455125534106
2023-08-13,0.3824237651816899,29430.17,8971.48068,310852.0,434931398.7742153,52391178981379.0,125.0053852353668,3017.568862275449,1.5946412095808382,54.0,4464.0498046875,3753290000.0,14.84000015258789,0.629155586469966,0.8839772398585223,1.6044209774040579,0.9443138403068192,1.1880962999158498
2023-08-14,1.0738668115818435,29303.84,11101.70947,341726.0,351591250.5061022,52391178981379.0,88.86342037162878,3682.311111111111,1.7008965925925932,54.0,4464.0498046875,3753290000.0,14.84000015258789,0.3298237306145222,0.629155586469966,0.8839772398585223,0.9318632960636791,1.122661968851767
2023-08-15,0.8091033343621903,29430.93,31443.11532,671592.0,445348917.3077294,52391178981379.0,123.11523106837596,3324.66081871345,1.7120822690058488,50.0,4489.72021484375,3896410000.0,14.819999694824219,0.3824237651816899,0.3298237306145222,0.629155586469966,0.9168575064956901,1.041176061713037
2023-08-16,1.0283087176724628,29200.0,27503.87691,591162.0,445348917.3077294,52391178981379.0,40.1595778989816,3409.7251461988303,1.6554288596491231,53.0,4437.85986328125,3832250000.0,16.459999084472656,1.0738668115818435,0.3824237651816899,0.3298237306145222,0.923699712543031,1.064319701992794
2023-08-17,6.065221525878718,28730.51,32996.69854,768028.0,424513880.24070114,52391178981379.0,287.3751903080069,3477.7791411042945,1.6853333067484657,52.0,4404.330078125,3753910000.0,16.780000686645508,0.8091033343621903,1.0738668115818435,0.3824237651816899,0.8161102064961131,1.0671004122533907
2023-08-18,2.0184899483135776,26623.41,100271.54033,1976577.0,406283222.8070514,52391178981379.0,306.24153180419444,3219.7051282051284,1.6442938525641029,50.0,4370.35986328125,3943700000.0,17.889999389648438,1.0283087176724628,0.8091033343621903,1.0738668115818435,0.7338084551058852,1.0481304585959208
2023-08-19,1.39676034103077,26054.0,69790.65711,1293122.0,362008769.0396163,52391178981379.0,86.12139383930474,3044.654676258993,1.6309657553956838,37.0,4369.7099609375,3940400000.0,17.299999237060547,6.065221525878718,1.0283087176724628,0.8091033343621903,1.4739862102516275,1.2037734970820215
2023-08-20,0.906303613276224,26100.01,26160.75343,615764.0,364613148.6729948,52391178981379.0,192.2312378841033,3712.714285714286,1.698904571428572,39.0,4369.7099609375,3940400000.0,17.299999237060547,2.0184899483135776,6.065221525878718,1.0283087176724628,1.6724625476578578,1.2284541365087378
2023-08-21,1.2105828310860993,26189.99,19056.91209,451543.0,421909500.6073226,52391178981379.0,623.2987072089829,3780.6234567901233,1.72183401234568,37.0,4369.7099609375,3940400000.0,17.299999237060547,1.39676034103077,2.0184899483135776,6.065221525878718,1.8248820634316074,1.2143125844476559
2023-08-22,1.748566447651437,26126.92,30267.24233,565987.0,429722639.5074582,52391178981379.0,329.5855351628407,3333.7818181818184,1.6339832484848482,38.0,4399.77001953125,3726850000.0,17.1299991607666,0.906303613276224,1.39676034103077,2.0184899483135776,1.8997220417308267,1.2154644954002944
2023-08-23,1.994712721422634,26056.0,34247.06688,603624.0,380936887.228172,53588410123873.43,60.96004116452808,2943.055944055944,1.7288874265734266,37.0,4387.5498046875,3522760000.0,16.969999313354492,1.2105828310860993,0.906303613276224,1.39676034103077,1.919252901660006,1.2379080270372433
2023-08-24,1.4804583326362986,26432.72,44023.69978,673711.0,392623891.9211836,55621444139430.0,45.62083146888825,2942.4084507042253,1.687615457746478,37.0,4436.009765625,3837270000.0,15.979999542236328,1.748566447651437,1.2105828310860993,0.906303613276224,2.053461917844184,1.2555785804733446
2023-08-25,1.424286505200323,26180.05,30205.22116,575619.0,384329020.9651023,55621444139430.0,63.62963998281434,2871.589928057554,1.570589345323741,41.0,4376.31005859375,3723470000.0,17.200000762939453,1.994712721422634,1.748566447651437,1.2105828310860993,2.191519632665637,1.2465007268936432
2023-08-26,0.30940891510464674,26060.01,27753.33772,611438.0,373269193.0236605,55621444139430.0,75.09255808557292,3149.5703703703703,1.6278751037037031,39.0,4405.7099609375,3296180000.0,15.680000305175781,1.4804583326362986,1.994712721422634,1.748566447651437,1.5365534622024344,1.2677117825476314
2023-08-27,0.5907196735242299,26017.37,10022.22322,329412.0,378799106.9943814,55621444139430.0,55.78295239480619,3631.481751824818,1.663669532846716,38.0,4405.7099609375,3296180000.0,15.680000305175781,1.424286505200323,1.4804583326362986,1.994712721422634,1.451667256043398,1.2743035088184627
2023-08-28,1.0431056090286854,26101.77,12099.64216,349090.0,320735010.301812,55621444139430.0,389.1594919196383,3565.4655172413795,1.6942637758620682,38.0,4405.7099609375,3296180000.0,15.680000305175781,0.30940891510464674,1.424286505200323,1.4804583326362986,1.2963313380539516,1.256742969826049
2023-08-29,5.926285843000119,26120.0,22692.62655,523057.0,326264924.27253294,55621444139430.0,62.49932963403514,2808.008474576271,1.5833044491525423,39.0,4433.31005859375,2957230000.0,15.079999923706055,0.5907196735242299,0.30940891510464674,1.424286505200323,1.2512479180893812,1.2424245324770602
2023-08-30,1.5422752925469059,27716.34,74251.99488,1137083.0,436863203.68695074,55621444139430.0,58.91830993113488,3166.462025316456,1.658418797468355,39.0,4497.6298828125,3354820000.0,14.449999809265137,1.0431056090286854,0.5907196735242299,0.30940891510464674,1.227322600652608,1.2657010950613596
2023-08-31,2.9913215797932233,27299.99,35448.25848,690292.0,348384580.1554164,55621444139430.0,29.863133875336043,3238.1031746031745,1.6237680714285725,49.0,4514.8701171875,3064110000.0,13.880000114440918,5.926285843000119,1.0431056090286854,0.5907196735242299,1.824139657130991,1.432985092328851
2023-09-01,2.0325629094128126,25940.78,51032.80401,944690.0,398153805.8919045,55621444139430.0,40.94278673057305,3037.743055555556,1.6487308333333337,52.0,4507.66015625,3946360000.0,13.569999694824219,1.5422752925469059,5.926285843000119,1.0431056090286854,1.7595057387201725,1.454503662931611
2023-09-02,0.4496327297466769,25805.05,41032.15056,881179.0,417508504.7894277,55621444139430.0,58.4779304670254,2778.46357615894,1.6880327483443716,40.0,4515.77001953125,3246260000.0,13.09000015258789,2.9913215797932233,1.5422752925469059,5.926285843000119,1.975343345456876,1.4792010501013095
2023-09-03,0.7256282109890486,25869.51,16250.77698,567728.0,420273461.77478814,55621444139430.0,73.00169158322846,3550.9736842105262,1.706112842105263,39.0,4515.77001953125,3246260000.0,13.09000015258789,2.0325629094128126,2.9913215797932233,1.5422752925469059,2.062239974630089,1.4950028356515803
2023-09-04,0.9971396944306318,25971.21,17474.47667,496412.0,436863203.68695074,55621444139430.0,23.25389540093759,3957.3227848101264,1.683306569620253,40.0,4515.77001953125,3246260000.0,13.09000015258789,0.4496327297466769,2.0325629094128126,2.9913215797932233,2.082271948150379,1.4723333491794848
2023-09-05,0.7500161396701297,25826.02,21777.59609,596830.0,411978590.8187068,55621444139430.0,30.70805149514937,3846.953020134228,1.6293902953020132,40.0,4515.77001953125,3246260000.0,13.09000015258789,0.7256282109890486,0.4496327297466769,2.0325629094128126,2.1015445963596386,1.4696682090400957
2023-09-06,1.56542650799889,25792.1,21323.39337,566736.0,342854666.18469554,55621444139430.0,31.5131713466672,3726.556451612904,1.5411401290322575,40.0,4496.830078125,3526250000.0,14.010000228881836,0.9971396944306318,0.7256282109890486,0.4496327297466769,2.0949780371313453,1.4890069475105667
2023-09-07,1.305393317279528,25759.95,27262.52386,636302.0,364419397.2930779,54302721812289.63,37.5259485922281,3595.237037037037,1.545213800000001,42.0,4465.47998046875,3418850000.0,14.449999809265137,0.7500161396701297,0.9971396944306318,0.7256282109890486,1.3555109366556324,1.497758675760984
2023-09-08,1.4186767399555298,26255.0,27687.49567,631929.0,393005453.9397736,54150142369480.0,63.90835574960953,3684.513698630137,1.653818,41.0,4451.14013671875,3763760000.0,14.399999618530273,1.56542650799889,0.7500161396701297,0.9971396944306318,1.3588182531487731,1.5157405137192652
2023-09-09,0.41238535525448,25910.5,28999.76471,646852.0,358011817.6300677,54150142369480.0,50.65250222750172,3118.7894736842104,1.614360571428571,46.0,4457.490234375,3259290000.0,13.84000015258789,1.305393317279528,1.56542650799889,0.7500161396701297,1.1179713585039597,1.507179295072229
2023-09-10,0.6843553893250529,25901.61,10980.62277,359038.0,406464544.828122,54150142369480.0,77.58638237051164,3956.350993377484,1.696613264900663,41.0,4457.490234375,3259290000.0,13.84000015258789,1.4186767399555298,1.305393317279528,1.56542650799889,1.0302733342957764,1.500987820490611
2023-09-11,2.284540363969211,25841.61,18738.26914,489773.0,395697272.1174433,54150142369480.0,47.374405453831486,3798.605442176871,1.658724156462585,40.0,4457.490234375,3259290000.0,13.84000015258789,0.41238535525448,1.4186767399555298,1.305393317279528,1.0249522807968912,1.4852680910038096
2023-09-12,3.0664163374340583,25162.52,41682.32,864138.0,427999090.2494795,54150142369480.0,203.5523845392625,2887.622641509434,1.5389142075471702,40.0,4487.4599609375,3369920000.0,13.800000190734863,0.6843553893250529,0.41238535525448,1.4186767399555298,1.0190561634163204,1.4871080844323126
2023-09-13,1.3923063671158582,25840.1,56434.38537,1047056.0,379546363.0514252,54150142369480.0,996.2963508250376,3278.921985815603,1.6130623900709222,30.0,4461.89990234375,3435740000.0,14.229999542236328,2.284540363969211,0.6843553893250529,0.41238535525448,1.2029705447789745,1.5522653055441358
2023-09-14,2.2021531498809064,26222.0,31610.82753,714880.0,395697272.1174433,54150142369480.0,2283.685962262807,3486.0272108843537,1.672407013605442,41.0,4467.43994140625,3529430000.0,13.479999542236328,3.0664163374340583,2.284540363969211,0.6843553893250529,1.53388485874525,1.6417317246192147
2023-09-15,1.8131033872391626,26522.73,38333.1725,799278.0,436074544.7824885,54150142369480.0,85.14329616258156,3556.882716049383,1.6847384938271606,45.0,4505.10009765625,3648720000.0,12.819999694824219,1.3923063671158582,3.0664163374340583,2.284540363969211,1.509153410047674,1.6523463764703483
2023-09-16,0.5868376750354177,26600.0,26227.29369,654094.0,506061817.4019002,54150142369480.0,1166.4587704663206,3743.042553191489,1.6998291808510644,45.0,4450.31982421875,6932230000.0,13.789999961853027,2.2021531498809064,1.3923063671158582,3.0664163374340583,1.6372619575621568,1.6987813703209722
2023-09-17,0.659491321481559,26559.67,13960.93351,526416.0,417231817.5388007,54150142369480.0,2747.5432097539388,3826.735483870968,1.684559477419356,43.0,4450.31982421875,6932230000.0,13.789999961853027,1.8131033872391626,2.2021531498809064,1.3923063671158582,1.6936086214598185,1.7249411926398621
2023-09-18,2.521624352697816,26527.51,12998.10277,476775.0,401080908.4727827,54150142369480.0,2307.599530950177,4102.147651006711,1.7224605906040271,46.0,4450.31982421875,6932230000.0,13.789999961853027,0.5868376750354177,1.8131033872391626,2.2021531498809064,1.718530381428524,1.542328397611752
2023-09-19,2.139040157914668,26762.51,43000.43256,938705.0,419923635.7164705,54150142369480.0,1253.8939119478416,4075.9294871794873,1.7435591346153845,46.0,4453.52978515625,3161230000.0,14.0,0.659491321481559,0.5868376750354177,1.8131033872391626,1.714978371736596,1.4970284433840182
2023-09-20,1.5974545769491624,27210.26,36190.52187,898076.0,385677556.7313763,55816608966185.68,1614.1691436749045,3553.143884892086,1.671012705035971,46.0,4443.9501953125,3614880000.0,14.109999656677246,2.521624352697816,0.659491321481559,0.5868376750354177,1.74884751298354,1.5345239104395862
2023-09-21,1.5375189536967089,27125.0,34207.21867,867288.0,414558853.7494199,57119871304635.0,240.87978788901165,3779.335616438356,1.6569082191780815,47.0,4402.2001953125,3308450000.0,15.140000343322754,2.139040157914668,2.521624352697816,0.659491321481559,1.6163652016236267,1.5756151285942013
2023-09-22,0.764947932717029,26568.08,34476.82662,823416.0,391843300.11931473,57119871304635.0,363.7699834762305,3127.1014492753625,1.6412595072463765,47.0,4330.0,3662340000.0,17.540000915527344,1.5974545769491624,2.139040157914668,2.521624352697816,1.6456720887426706,1.5885108534563033
2023-09-23,0.3157316858474483,26580.14,18198.2292,567149.0,366288302.2854464,57119871304635.0,583.91089133612,3423.868217054264,1.631603403100775,43.0,4320.06005859375,3349570000.0,17.200000762939453,1.5375189536967089,1.5974545769491624,2.139040157914668,1.550724346430642,1.581475936991146
2023-09-24,1.208300032691945,26575.96,9440.7026,421717.0,442953295.7870514,57119871304635.0,152.234898020297,4036.00641025641,1.6663353012820512,47.0,4320.06005859375,3349570000.0,17.200000762939453,0.764947932717029,1.5375189536967089,1.5974545769491624,1.4009878529274802,1.5404837773676257
2023-09-25,0.8860419700132934,26248.38,15706.65771,545045.0,414558853.7494199,57119871304635.0,1580.9555066359185,3021.7876712328766,1.6791603972602742,44.0,4320.06005859375,3349570000.0,17.200000762939453,0.3157316858474483,0.764947932717029,1.5375189536967089,1.3622584259006274,1.5016595558079973
2023-09-26,0.8012323475675253,26304.81,26266.2039,873488.0,411719409.5456568,57119871304635.0,2125.5463744203453,1970.6896551724135,1.7311993448275862,47.0,4337.43994140625,3195650000.0,16.899999618530273,1.208300032691945,0.3157316858474483,0.764947932717029,1.440659670359254,1.4944600067243847
2023-09-27,2.2367795926382263,26221.67,18495.35066,697727.0,386164411.7117884,57119871304635.0,3311.606310802508,2277.860294117647,1.722585742647058,46.0,4273.52978515625,3472340000.0,18.940000534057617,0.8860419700132934,1.208300032691945,0.3157316858474483,1.2070050442614648,1.513681108554673
2023-09-28,1.7982591124139358,26372.99,34771.57978,939690.0,445792739.99081457,57119871304635.0,4803.472120495901,2148.184713375796,1.6966282866242035,44.0,4274.509765625,3875880000.0,18.219999313354492,0.8012323475675253,0.8860419700132934,1.208300032691945,1.0158896427833017,1.5206981976894494
2023-09-29,1.2177499827792597,27021.39,44517.83491,1158974.0,414558853.7494199,57119871304635.0,10866.755987114328,2595.719178082192,1.7175773493150683,46.0,4299.7001953125,3846230000.0,17.34000015258789,2.2367795926382263,0.8012323475675253,0.8860419700132934,1.1072217878817396,1.560487330476434
2023-09-30,0.5055040192111213,26906.96,28478.76219,878610.0,417398297.9531831,57119871304635.0,10502.459705986475,2246.727891156462,1.7131524557823128,48.0,4288.0498046875,3865960000.0,17.520000457763672,1.7982591124139358,2.2367795926382263,0.8012323475675253,1.1444703819842006,1.4228864394568947
2023-10-01,3.025881547683923,26962.56,12804.62307,534908.0,391843300.11931473,57119871304635.0,7646.074229745723,1996.1884057971013,1.7384846594202898,47.0,4288.0498046875,3865960000.0,17.520000457763672,1.2177499827792597,1.7982591124139358,2.2367795926382263,1.2091563891359478,1.4120689291313064
2023-10-02,2.7008851030878103,27992.57,24602.81468,883593.0,400361632.7306042,57119871304635.0,25809.729056478165,2273.163120567376,1.7667108510638303,48.0,4288.0498046875,3865960000.0,17.520000457763672,0.5055040192111213,1.2177499827792597,1.7982591124139358,1.2362667224736155,1.32920834377857
2023-10-03,1.3951218812286614,27494.51,57071.14241,1464158.0,445792739.99081457,57119871304635.0,19076.85089301689,2192.7579617834394,1.7953097643312097,50.0,4288.39013671875,3938660000.0,17.610000610351562,3.025881547683923,0.5055040192111213,1.2177499827792597,1.4959212246153264,1.3623189650542735
2023-10-04,1.1814195284286912,27426.46,28928.96555,1202377.0,466751379.41330886,57252656596459.91,4512.219906709814,1894.2926829268288,1.8681197439024384,50.0,4229.4501953125,3953830000.0,19.780000686645508,2.7008851030878103,3.025881547683923,0.5055040192111213,1.7551845293402573,1.4373607108323112
2023-10-05,1.8962196767277155,27778.57,29816.142,1188381.0,373280259.4846018,57321508229258.0,219.33936081499257,2194.1221374045804,1.738857893129771,49.0,4263.75,3777600000.0,18.579999923706055,1.3951218812286614,2.7008851030878103,3.025881547683923,1.8400258912918481,1.4596771665069648
2023-10-06,2.5589205029317728,27410.39,30681.49619,1210397.0,401774935.7811363,57321508229258.0,37.76669891893089,2264.6099290780144,1.518329730496454,48.0,4258.18994140625,3581470000.0,18.489999771118164,1.1814195284286912,1.3951218812286614,2.7008851030878103,1.6892601678333432,1.4658198276402337
2023-10-07,0.5773613875228406,27931.09,37983.24277,1326700.0,455914820.74455184,57321508229258.0,35.668874896975595,1866.5625,1.4546465375000006,50.0,4308.5,3902030000.0,17.450000762939453,1.8962196767277155,1.1814195284286912,1.3951218812286614,1.703254534163883,1.5040266122088197
2023-10-08,0.7707644474743234,27956.67,13348.83825,641623.0,487258964.67073977,57321508229258.0,384.1733232046348,1430.216374269006,1.5860424210526316,49.0,4308.5,3902030000.0,17.450000762939453,2.5589205029317728,1.8962196767277155,1.1814195284286912,1.8948503227570994,1.5371430787065825
2023-10-09,1.4002505042492264,27917.05,19693.56921,822730.0,421721209.1887104,57321508229258.0,1609.3807771411557,1638.108108108108,1.8457732770270263,50.0,4308.5,3902030000.0,17.450000762939453,0.5773613875228406,2.5589205029317728,1.8962196767277155,1.905115661087345,1.512875347714693
2023-10-10,0.8267360634990886,27590.12,31534.74639,1156525.0,444516950.225938,57321508229258.0,1953.5054095082887,1818.2564102564104,1.8119598846153853,50.0,4335.66015625,3174630000.0,17.700000762939453,0.7707644474743234,0.5773613875228406,2.5589205029317728,1.5829560753431164,1.491278271298653
2023-10-11,2.0707550369091563,27390.12,22776.84383,1002272.0,461613756.0038587,57321508229258.0,1056.2214783648365,1759.6296296296296,1.7712977592592605,50.0,4358.240234375,3520240000.0,17.030000686645508,1.4002505042492264,0.7707644474743234,0.5773613875228406,1.3971511326518902,1.524207109598478
2023-10-12,0.8908518433424193,26875.52,37349.44706,1336479.0,455914820.74455184,57321508229258.0,356.9278895061452,1653.75,1.47117684375,47.0,4376.9501953125,3601660000.0,16.09000015258789,0.8267360634990886,1.4002505042492264,0.7707644474743234,1.3159531586905227,1.5289531320709455
2023-10-13,1.4219604917376893,26759.63,23428.64112,1066082.0,470162158.8928191,57321508229258.0,35.763323992835154,1618.7272727272727,1.375921575757575,45.0,4349.60986328125,3713140000.0,16.690000534057617,2.0707550369091563,0.8267360634990886,1.4002505042492264,1.443001088473446,1.521826954502277
2023-10-14,0.41303041137818236,26862.0,24115.76499,1035322.0,393226532.892176,57321508229258.0,63.23472696734567,2025.4927536231885,1.520630963768116,44.0,4327.77978515625,3566560000.0,19.31999969482422,0.8908518433424193,2.0707550369091563,0.8267360634990886,1.2993771122755469,1.4493081380325559
2023-10-15,0.8330383970721474,26852.48,10417.25576,517837.0,416022273.9294035,57321508229258.0,353.10809149396755,1816.5753424657532,1.7656622260273975,47.0,4327.77978515625,3566560000.0,19.31999969482422,1.4219604917376893,0.8908518433424193,2.0707550369091563,1.1369542535335349,1.4502966088532834
2023-10-16,2.9890071357124315,27154.15,15274.6917,682942.0,475861094.152126,57321508229258.0,932.5920193571658,1508.5209580838325,1.8809289820359285,45.0,4327.77978515625,3566560000.0,19.31999969482422,0.41303041137818236,1.4219604917376893,0.8908518433424193,1.1134783997985838,1.390659184236526
2023-10-17,1.888591891701806,28500.78,78399.22445,2289339.0,416156889.9191482,59373391582489.234,253.35783078154327,2126.113475177305,1.676824652482269,47.0,4373.6298828125,3409960000.0,17.209999084472656,0.8330383970721474,0.41303041137818236,1.4219604917376893,1.1223746783125585,1.357990351230959
2023-10-18,1.7253386989294146,28395.91,38428.44532,1345810.0,491483968.444345,61030681983176.0,192.5394889403048,1816.4012345679007,1.692141913580247,52.0,4373.2001953125,3794850000.0,17.8799991607666,2.9890071357124315,0.8330383970721474,0.41303041137818236,1.3493399113787308,1.4380626665868594
2023-10-19,1.2896550633850732,28320.0,32162.47591,1215235.0,439908490.27425945,61030681983176.0,109.51323330229371,1871.344827586207,1.6081916482758627,50.0,4314.60009765625,3686030000.0,19.219999313354492,1.888591891701806,2.9890071357124315,0.8330383970721474,1.501033601121976,1.4790326855942009
2023-10-20,2.6278037796189957,28713.71,35895.50179,1330256.0,424739231.98894006,61030681983176.0,494.92121423038645,2014.3357142857144,1.7076567499999995,52.0,4278.0,3969730000.0,21.399999618530273,1.7253386989294146,1.888591891701806,2.9890071357124315,1.451688409982013,1.4524898304685876
2023-10-21,1.5599855506277844,29669.04,59422.0992,1915748.0,406536122.04655695,61030681983176.0,51.91662692168583,2208.1194029850744,1.5260257388059704,53.0,4224.16015625,4004030000.0,21.709999084472656,1.2896550633850732,1.7253386989294146,1.888591891701806,1.508660298559535,1.4241769939842677
2023-10-22,1.5848701563576026,29909.8,27517.51897,1152137.0,455077748.5595787,61030681983176.0,257.9138665648095,1804.14,1.5068115466666676,63.0,4224.16015625,4004030000.0,21.709999084472656,2.6278037796189957,1.2896550633850732,1.7253386989294146,1.6809236253997217,1.4585219674065955
2023-10-23,5.872367308382104,29992.46,22852.54563,1008299.0,464179303.53077024,61030681983176.0,665.1832968730725,1650.045751633987,1.6526836143790853,53.0,4224.16015625,4004030000.0,21.709999084472656,1.5599855506277844,2.6278037796189957,1.2896550633850732,1.844774359578236,1.4592708539709645
2023-10-24,4.616335129893563,33069.99,93513.64246,2839938.0,476314710.1590258,61030681983176.0,1275.8783879280911,1922.1656050955412,1.9158654585987247,53.0,4217.0400390625,3776100000.0,20.3700008392334,1.5848701563576026,1.5599855506277844,2.6278037796189957,1.9521788966190154,1.4866015947589837
2023-10-25,2.2772741551674556,33922.73,115265.02418,2850160.0,382265308.7900461,61030681983176.0,195.20026626197392,2967.095238095238,1.5767352698412702,66.0,4247.68017578125,3821820000.0,18.969999313354492,5.872367308382104,1.5848701563576026,1.5599855506277844,2.3640874927146833,1.6718227821768055
2023-10-26,1.7746421249929276,34496.05,54887.02529,1643976.0,436874638.6171956,61030681983176.0,81.12337291935182,3309.368055555556,1.5953741805555557,72.0,4186.77001953125,3869370000.0,20.190000534057617,4.616335129893563,5.872367308382104,1.5848701563576026,2.7537650981706485,1.7854239520835262
2023-10-27,1.9973232331774202,34151.66,39744.66255,1382785.0,455077748.5595787,61030681983176.0,167.04442609632264,2875.04,1.664096799999999,71.0,4137.22998046875,4277640000.0,20.68000030517578,2.2772741551674556,4.616335129893563,5.872367308382104,2.832613020490368,1.8317983582553314
2023-10-28,0.9566252710752753,33892.02,32330.40106,1112240.0,467213155.1878341,61030681983176.0,62.446517121525474,2940.3636363636365,1.656251759740259,70.0,4117.3701171875,4019500000.0,21.270000457763672,1.7746421249929276,2.2772741551674556,4.616335129893563,2.9018968864343475,1.8642453508361783
2023-10-29,1.5104746685348196,34081.0,16880.13144,607438.0,485416265.1302173,61030681983176.0,40.29698218245016,3527.39375,1.6691116437500009,65.0,4117.3701171875,4019500000.0,21.270000457763672,1.9973232331774202,1.7746421249929276,2.2772741551674556,2.811828236942694,1.8562634721874847
2023-10-30,1.319540775628051,34525.89,20685.52176,717480.0,415637677.0177486,61030681983176.0,64.45955778196814,2994.817518248175,1.6579092919708027,72.0,4117.3701171875,4019500000.0,21.270000457763672,0.9566252710752753,1.9973232331774202,1.7746421249929276,2.725633911292335,1.8282090108095295
2023-10-31,1.489429710842331,34474.73,33657.95976,1117727.0,482540025.495944,62224673386140.1,38.21312550740637,2969.24358974359,1.692527955128205,68.0,4166.81982421875,3911140000.0,19.75,1.5104746685348196,0.9566252710752753,1.9973232331774202,2.715005984460509,1.8379665003347148
2023-11-01,3.134066885191094,34639.77,32737.89822,1179053.0,481286782.8761844,62463471666732.93,58.96902525684331,2798.393548387097,1.67983035483871,66.0,4193.7998046875,4249470000.0,18.139999389648438,1.319540775628051,1.5104746685348196,0.9566252710752753,2.0646021940670733,1.8651010588819459
2023-11-02,1.998773500990047,35421.43,53473.28165,1624635.0,462656326.7648482,62463471666732.97,92.42849777365343,3111.704697986577,1.5949489463087256,66.0,4237.85986328125,4224900000.0,16.8700008392334,1.489429710842331,1.319540775628051,1.5104746685348196,1.6179014199168973,1.8138859976538926
2023-11-03,2.0460581914089153,34941.59,48015.57732,1450837.0,447130946.6720681,62463471666733.0,45.98484603644572,2802.368055555556,1.628937534722222,72.0,4317.77978515625,4669780000.0,15.65999984741211,3.134066885191094,1.489429710842331,1.319540775628051,1.7403003813488453,1.828325390390669
2023-11-04,1.2831877925646293,34716.78,39071.20644,1237373.0,422290338.52361983,62463471666733.0,20.39965375245591,3326.1323529411766,1.5985437500000004,65.0,4358.33984375,4570960000.0,14.90999984741211,1.998773500990047,3.134066885191094,1.489429710842331,1.772319149348434,1.8484471110493819
2023-11-05,1.9509368047020144,35062.07,18377.55545,794787.0,521652771.1174128,62463471666732.86,62.78596060360752,4160.220238095239,1.6867411428571444,68.0,4358.33984375,4570960000.0,14.90999984741211,2.0460581914089153,1.998773500990047,3.134066885191094,1.7792812862386476,1.8772683998153892
2023-11-06,1.3129137749910238,35011.88,24528.73376,1038468.0,506127391.02463263,62463471666732.88,302.806332657784,4131.134969325153,1.7244486196319018,70.0,4358.33984375,4570960000.0,14.90999984741211,1.2831877925646293,2.0460581914089153,1.998773500990047,1.8259330750228409,1.8568340036766198
2023-11-07,2.062120076985954,35046.09,22346.47086,988246.0,394344654.35661566,62463471666733.0,47.11292593733243,3459.2047244094488,1.6756543622047244,74.0,4365.97998046875,3656340000.0,14.890000343322754,1.9509368047020144,1.2831877925646293,2.0460581914089153,1.8888562373324405,1.8365678804022942
2023-11-08,1.4186492742846708,35399.12,38688.73692,1352796.0,412975110.4679518,62463471666733.0,98.15456020304464,3386.248120300752,1.593190962406016,68.0,4378.3798828125,3791230000.0,14.8100004196167,1.3129137749910238,1.9509368047020144,1.2831877925646293,1.8879095229557221,1.8610862933179004
2023-11-09,4.215764514696411,35624.72,33401.34137,1132568.0,462656326.7648482,62463471666732.97,40.8433857595741,3914.10067114094,1.6537917315436244,66.0,4382.77978515625,3729510000.0,14.449999809265137,2.062120076985954,1.3129137749910238,1.9509368047020144,1.969722432404811,1.904131480968288
2023-11-10,1.977885928504692,36701.09,82537.88885,2138765.0,444025870.65351206,62463471666733.0,80.03722307703065,4010.251748251748,1.6635914965034964,69.0,4347.35009765625,3900780000.0,15.289999961853027,1.4186492742846708,2.062120076985954,1.3129137749910238,1.7246627737038938,1.904744773302803
2023-11-11,1.2992608627798943,37301.63,43414.04898,1297729.0,478181706.8576284,62463471666732.94,293.54040820608947,3401.5,1.6213230194805193,70.0,4415.240234375,3665080000.0,14.170000076293945,4.215764514696411,1.4186492742846708,2.062120076985954,2.0413757756619453,2.017712388342714
2023-11-12,0.9040078034943265,37130.0,22984.97235,923300.0,496812162.9689646,62463471666732.9,111.44027625042696,3922.05625,1.661074224999999,70.0,4415.240234375,3665080000.0,14.170000076293945,1.977885928504692,4.215764514696411,1.4186492742846708,2.0316368809613423,2.014616751395898
2023-11-13,1.430282532601929,37064.13,17687.18874,810885.0,506083624.1310116,63233946844737.766,24.185206143438307,4368.490683229814,1.7385089689440991,73.0,4415.240234375,3665080000.0,14.170000076293945,1.2992608627798943,1.977885928504692,4.215764514696411,2.033933033849237,2.0282303853771473
2023-11-14,3.2068113281978254,36462.93,32798.18252,1217191.0,389037994.7160368,64678587803497.0,106.7663524305545,3541.380165289256,1.671679487603306,72.0,4411.5498046875,3326240000.0,14.760000228881836,0.9040078034943265,1.2992608627798943,1.977885928504692,1.8843717479624245,2.010965295769035
2023-11-15,3.0165751206257285,35551.19,45503.68416,1404428.0,443696225.3786205,64678587803497.0,108.33927987331722,3792.913043478261,1.6433546956521738,69.0,4495.7001953125,4700350000.0,14.15999984741211,1.430282532601929,0.9040078034943265,1.2992608627798943,1.9011387133354112,2.044873699809827
2023-11-16,2.246144697876205,37858.2,53569.13385,1545427.0,475848125.7683755,64678587803496.95,161.02678161588025,3796.905405405405,1.6202989459459454,60.0,4502.8798828125,4347170000.0,14.180000305175781,3.2068113281978254,1.430282532601929,0.9040078034943265,2.064666034937107,2.1239994641806828
2023-11-17,2.2650182155263825,36163.51,47490.39566,1542446.0,475848125.7683755,64678587803496.95,67.10561864654834,4246.121621621622,1.6810763040540544,70.0,4508.240234375,3964520000.0,14.319999694824219,3.0165751206257285,3.2068113281978254,1.430282532601929,2.292941155842972,2.1249183970111263
2023-11-18,1.0816206829806392,36613.92,38283.61112,1349322.0,482278505.8463265,64678587803496.93,332.23462394903044,3577.6266666666666,1.621066933333334,63.0,4514.02001953125,3777240000.0,13.800000190734863,2.246144697876205,3.0165751206257285,3.2068113281978254,2.0115668962972286,2.136836823883606
2023-11-19,1.4191565605201537,36568.1,17102.24186,784498.0,479063315.8073509,64678587803496.94,163.23595602144852,4223.261744966443,1.6871649798657715,69.0,4514.02001953125,3777240000.0,13.800000190734863,2.2650182155263825,2.246144697876205,3.0165751206257285,2.0525857944431847,2.154826141103505
2023-11-20,1.709214156475647,37359.86,21246.34648,862400.0,546582306.6258367,64678587803496.82,149.32583412273542,4179.876470588235,1.7211151941176464,66.0,4514.02001953125,3777240000.0,13.800000190734863,1.0816206829806392,2.2650182155263825,2.246144697876205,2.021494340186148,2.1478916617566903
2023-11-21,2.9824618533752845,37448.78,36022.70291,1485050.0,533721546.4699348,64678587803496.84,122.62345848953974,3859.457831325301,1.7177419397590374,69.0,4547.3798828125,3644790000.0,13.40999984741211,1.4191565605201537,1.0816206829806392,2.2650182155263825,2.0950870197612663,2.1076034211200625
2023-11-22,2.549018997663891,35741.65,47646.54804,1936895.0,488708885.9242776,64678587803496.92,88.58007839337739,3438.111842105264,1.8117768881578944,71.0,4538.18994140625,3511080000.0,13.350000381469727,1.709214156475647,1.4191565605201537,1.0816206829806392,2.1349343946003687,2.1125777079816577
2023-11-23,1.2857166931951727,37408.34,45051.30697,1648374.0,456556985.5345224,64678587803496.98,248.67860287599743,3773.443661971831,1.6735000352112672,62.0,4556.6201171875,3042810000.0,12.850000381469727,2.9824618533752845,1.709214156475647,1.4191565605201537,2.10288446962572,2.1591640978822473
2023-11-24,2.0457435231254912,37294.28,23827.92882,992284.0,472632935.7294,64678587803496.95,86.15733462170039,3998.0,1.671281081632653,66.0,4556.6201171875,3042810000.0,12.850000381469727,2.549018997663891,2.9824618533752845,1.709214156475647,2.0360907377740287,2.048385820858307
2023-11-25,0.4961595769865976,37713.57,44680.80646,1379414.0,540151926.5478858,64678587803496.84,531.3429587706403,3713.678571428572,1.751372083333334,66.0,4559.33984375,1639500000.0,12.460000038146973,1.2857166931951727,2.549018997663891,2.9824618533752845,1.89888673710531,1.937365206301694
2023-11-26,1.2692982145474918,37780.67,11396.14464,569448.0,511215216.1971062,64678587803496.88,46.21431064738817,3881.974842767296,1.8285292389937091,73.0,4559.33984375,1639500000.0,12.460000038146973,2.0457435231254912,1.2857166931951727,2.549018997663891,1.86756178104804,1.9296475185669617
2023-11-27,1.6565783414753887,37447.43,21264.53723,848020.0,492891191.481606,67912869716769.22,36.443245836960784,3962.219178082192,1.8263538082191773,73.0,4559.33984375,1639500000.0,12.460000038146973,0.4961595769865976,2.0457435231254912,1.2857166931951727,1.7839244801917482,1.8870314336334173
2023-11-28,2.069700068759218,37242.7,30001.07376,1238017.0,439166010.2949663,67957790298898.0,71.44901882865541,3688.361538461538,1.7804042538461542,66.0,4550.43017578125,3403990000.0,12.6899995803833,1.2692982145474918,0.4961595769865976,2.0457435231254912,1.7625161450527964,1.8627639330124197
2023-11-29,1.601978393890276,37818.87,37544.46667,1272779.0,496595411.6412311,67957790298898.0,379.56051838523456,3045.3197278911566,1.7175090136054425,68.0,4554.89013671875,3586240000.0,12.6899995803833,1.6565783414753887,1.2692982145474918,0.4961595769865976,1.7549967429099025,1.8860957020257567
2023-11-30,1.1636744567873578,37854.64,32994.19107,1131353.0,459435210.7701186,67957790298898.0,1019.7090539501947,2651.3823529411766,1.5893472352941178,72.0,4550.580078125,4418760000.0,12.979999542236328,2.069700068759218,1.6565783414753887,1.2692982145474918,1.6246022022504643,1.9047365486999033
2023-12-01,1.8812278761084555,37723.96,24740.29147,1007791.0,452678810.6117344,67957790298898.0,763.3871766840646,3073.7462686567164,1.7534804328358211,74.0,4567.7998046875,5399300000.0,12.920000076293945,1.601978393890276,2.069700068759218,1.6565783414753887,1.4893106874256625,1.9141511359753107
2023-12-02,1.656107914838319,38682.52,43415.66324,1523417.0,570915813.3834561,67957790298898.0,187.85954377767527,2937.680473372781,1.870475988165682,71.0,4594.6298828125,4397120000.0,12.630000114440918,1.1636744567873578,1.601978393890276,2.069700068759218,1.4718760822245458,1.9032926275068116
2023-12-03,1.52355133455836,39450.35,26696.92161,1034690.0,429031410.0573902,67957790298898.0,41.10712534511904,3380.803149606299,1.6821237322834648,74.0,4594.6298828125,4397120000.0,12.630000114440918,1.8812278761084555,1.1636744567873578,1.601978393890276,1.448373846936398,1.8615313272040572
2023-12-04,3.039871804727286,39972.26,26710.65335,1151524.0,557403013.066688,67957790298898.0,89.82627421185795,4290.157575757576,1.721297,73.0,4594.6298828125,4397120000.0,12.630000114440918,1.656107914838319,1.8812278761084555,1.1636744567873578,1.6140807523437868,1.8501091409989994
2023-12-05,2.6587015909667002,41991.1,79272.33059,2112219.0,523621012.2747674,67957790298898.0,87.04311302597824,3679.967741935484,1.6798850387096775,74.0,4569.77978515625,4369910000.0,13.079999923706055,1.52355133455836,1.656107914838319,1.8812278761084555,1.6504026266310536,1.8326922457706478
2023-12-06,1.5310480635109347,44073.32,67490.74644,2072700.0,466191610.9285027,67957790298898.0,47.92119317099864,3731.608695652174,1.603854210144927,75.0,4567.18017578125,3909950000.0,12.850000381469727,3.039871804727286,1.52355133455836,1.656107914838319,1.848015978524182,1.8912483795094028
2023-12-07,1.713202628337366,43762.69,51431.10492,1876282.0,459435210.7701186,67957790298898.0,211.38206013198345,3439.669117647059,1.517801345588235,72.0,4549.33984375,4245680000.0,12.970000267028809,2.6587015909667002,3.039871804727286,1.52355133455836,1.9321590531252508,1.9148405390515593
2023-12-08,2.021514159414838,43273.14,47103.26845,1414759.0,388493009.1070856,67957790298898.0,254.8873437802775,3235.217391304348,1.6511541652173911,72.0,4585.58984375,3818880000.0,13.0600004196167,1.5310480635109347,2.6587015909667002,3.039871804727286,1.9220261487853445,1.922111682002223
2023-12-09,1.107390339216238,44170.99,42900.37556,1311268.0,456057010.69092655,67957790298898.0,319.22980941246846,3047.822222222222,1.7802752814814806,72.0,4604.3701171875,3707010000.0,12.350000381469727,1.713202628337366,1.5310480635109347,2.6587015909667002,2.0005301732924887,1.9104811003806033
2023-12-10,1.005470274197681,43713.6,24925.97008,987352.0,530377412.4331516,67957790298898.0,218.53514615229423,3741.388535031847,1.7251319808917192,73.0,4604.3701171875,3707010000.0,12.350000381469727,2.021514159414838,1.713202628337366,1.5310480635109347,2.0205710709076863,1.9305765965516088
2023-12-11,3.796081399815115,43789.51,18956.61758,830667.0,469318617.5512489,67436283581404.43,61.37522178203164,3829.821428571429,1.7631495714285716,74.0,4604.3701171875,3707010000.0,12.350000381469727,1.107390339216238,2.021514159414838,1.713202628337366,1.9421828458188177,1.8269641240356027
2023-12-12,3.170355422887943,41253.4,76663.89804,2087142.0,528635575.20314026,67305906902031.14,255.8502207023445,3325.8607594936707,1.7876318164556964,74.0,4622.43994140625,3823210000.0,12.630000114440918,1.005470274197681,1.107390339216238,2.021514159414838,1.8681712657672922,1.7945502688920358
2023-12-13,2.6090440443681406,41492.39,42722.69773,1526411.0,481794448.2864064,67305906902031.055,66.2334830501793,3771.9583333333335,1.6236592847222229,67.0,4643.7001953125,3808380000.0,12.069999694824219,3.796081399815115,1.005470274197681,1.107390339216238,1.976201207922696,1.8777776201265435
2023-12-14,2.486965588931122,42869.03,45865.99773,1724659.0,498523422.18524,67305906902031.086,44.03236177659616,3945.771812080537,1.540925416107383,65.0,4707.08984375,5063650000.0,12.1899995803833,3.170355422887943,3.796081399815115,1.005470274197681,2.0492946124828735,1.9533225407729973
2023-12-15,1.671091157589135,43022.26,42047.05709,1599536.0,488486037.84593976,67305906902031.07,64.06355817819374,3910.8561643835615,1.5073960068493146,72.0,4719.5498046875,6314040000.0,12.479999542236328,2.6090440443681406,3.170355422887943,3.796081399815115,2.203294038319618,1.9926145911652042
2023-12-16,0.9948364503720066,41940.3,33421.7932,1323628.0,545364549.1019738,67305906902031.17,119.88642966848526,3881.20245398773,1.637462042944785,70.0,4719.18994140625,8218980000.0,12.279999732971191,2.486965588931122,2.6090440443681406,3.170355422887943,2.3138316041187252,1.9686197331896476
2023-12-17,1.6991480889605337,42278.03,24118.85747,1180886.0,508560806.52454,67305906902031.1,106.56286993236824,4198.315789473684,1.6690960921052622,67.0,4719.18994140625,8218980000.0,12.279999732971191,1.671091157589135,2.486965588931122,2.6090440443681406,2.263771175286482,1.9237702677550945
2023-12-18,2.9709566548043567,41374.65,27722.11452,1227634.0,501869216.9650066,67305906902031.09,173.18121854579766,4112.053333333333,1.6647040599999998,73.0,4719.18994140625,8218980000.0,12.279999732971191,0.9948364503720066,1.671091157589135,2.486965588931122,2.2476920483087346,1.8820599928382877
2023-12-19,2.6873120440950826,42657.8,46734.0925,1741647.0,562093523.0008074,67305906902031.19,168.80768402788274,3815.095238095238,1.665772119047619,65.0,4740.56005859375,4060340000.0,12.5600004196167,1.6991480889605337,0.9948364503720066,1.671091157589135,2.346788878989142,1.863197655286093
2023-12-20,2.7784764752826674,42275.99,40927.86444,1609188.0,542018754.3222071,67305906902031.17,57.87071651743529,4091.851851851852,1.6932824012345673,73.0,4768.3701171875,4026970000.0,12.529999732971191,2.9709566548043567,1.6991480889605337,0.9948364503720066,2.2289139154161766,1.92617552101355
2023-12-21,2.2411391338946447,43668.93,48710.2947,1934588.0,485140243.06617314,67305906902031.06,63.98201198165014,4017.2827586206895,1.663966744827586,74.0,4698.35009765625,4201320000.0,13.670000076293945,2.6873120440950826,2.9709566548043567,1.6991480889605337,2.1599077184457682,1.9684473704660477
2023-12-22,1.742067442651296,43861.8,34624.29384,1500702.0,488486037.84593976,67305906902031.07,47.20522270496317,4028.335616438356,1.7028045616438363,70.0,4746.75,3431180000.0,13.649999618530273,2.7784764752826674,2.6873120440950826,2.9709566548043567,2.1841123514335576,2.004089447759615
2023-12-23,0.8870715707987442,43969.04,32783.19638,1404109.0,562093523.0008074,67305906902031.19,336.75625801337395,3723.3988095238096,1.7013262500000004,74.0,4754.6298828125,3046770000.0,13.029999732971191,2.2411391338946447,2.7784764752826674,2.6873120440950826,2.148994286428347,1.9793786904435937
2023-12-24,1.5097698478232235,43702.16,16557.1293,849658.0,560327733.6667341,70449192118839.66,273.4894615259331,3802.99375,1.7698813437500005,70.0,4754.6298828125,3046770000.0,13.029999732971191,1.742067442651296,2.2411391338946447,2.7784764752826674,2.1591337557229413,1.9524803052765072
2023-12-25,1.4005485068816974,42991.5,25144.33496,1137678.0,612085087.5512694,72006146478567.25,68.90854142680841,4230.754385964912,1.7910904444444442,71.0,4754.6298828125,3046770000.0,13.029999732971191,0.8870715707987442,1.742067442651296,2.2411391338946447,2.1437387729267607,1.9391921345299596
2023-12-26,2.2385088881161628,43576.13,27021.23992,1168428.0,497542848.9451839,72006146478567.08,85.55271914180017,3854.251798561151,1.8437250647482015,73.0,4754.6298828125,3046770000.0,13.029999732971191,1.5097698478232235,0.8870715707987442,1.742067442651296,2.116684738478573,1.9213263453532174
2023-12-27,1.8019712829339012,42508.93,41010.04282,1475816.0,497542848.9451839,72006146478567.08,222.3625762291948,3983.4028776978416,1.765703942446043,71.0,4774.75,2513910000.0,12.989999771118164,1.4005485068816974,1.5097698478232235,0.8870715707987442,1.8923407173467652,1.9514726430163873
2023-12-28,1.3700379059153067,43428.85,36191.21136,1439770.0,461748399.3807821,72006146478567.0,68.7428746850758,4229.116279069767,1.6756227054263566,73.0,4781.580078125,2748450000.0,12.430000305175781,2.2385088881161628,1.4005485068816974,1.5097698478232235,1.8282259807783483,1.9837796654686763
2023-12-29,2.6085093613384895,42563.76,35150.52485,1391826.0,433112839.72926086,72006146478567.0,248.01138197999535,3447.7685950413224,1.6997615454545456,73.0,4783.35009765625,2698860000.0,12.470000267028809,1.8019712829339012,2.2385088881161628,1.4005485068816974,1.6887252390142387,1.9886260968506269
2023-12-30,1.5134725245157423,42066.95,42597.18912,1571137.0,540496188.4224659,72006146478567.16,213.1992692746816,3850.655629139073,1.6811392516556285,65.0,4769.830078125,3126060000.0,12.449999809265137,1.3700379059153067,1.8019712829339012,2.2385088881161628,1.5642822064457618,1.9653040247558298
2023-12-31,1.5101084234369488,42140.28,22906.57818,936545.0,519019518.6838249,72006146478567.12,80.73579608101032,3681.537931034483,1.6254269241379316,68.0,4769.830078125,3126060000.0,12.449999809265137,2.6085093613384895,1.3700379059153067,1.8019712829339012,1.6880596234010752,1.9988550570041035
2024-01-01,2.2841653559557136,42283.58,23585.91603,1016484.0,558393413.2046669,72006146478567.17,73.11390543391562,4688.147435897436,1.6993242948717966,67.0,4769.830078125,3126060000.0,12.449999809265137,1.5134725245157423,2.6085093613384895,1.3700379059153067,1.777545473932075,2.01051499259505
2024-01-02,3.181335915653384,44179.55,27174.29903,1114623.0,554813968.2482265,72006146478567.17,858.9437448603218,4243.561290322581,1.6536402903225809,65.0,4769.830078125,3126060000.0,12.449999809265137,1.5101084234369488,1.5134725245157423,2.6085093613384895,1.7775938418768928,1.9981443441726658
2024-01-03,4.981951767724609,44946.91,65146.40661,2247532.0,468907289.29366255,72006146478567.02,835.7331137103532,2803.961832061069,1.7184554809160302,71.0,4742.830078125,3743050000.0,13.199999809265137,2.2841653559557136,1.5101084234369488,1.5134725245157423,1.9038248203160377,2.0190795922099123
2024-01-04,2.200255641887112,42845.23,81194.55173,2658041.0,565552303.117547,72006146478567.19,651.8492195741094,3181.955696202532,1.7714657531645563,70.0,4704.81005859375,3950760000.0,14.039999961853027,3.181335915653384,2.2841653559557136,1.5101084234369488,2.038514395678498,2.074339078246413
2024-01-05,3.066282579846892,44151.1,48038.06334,1819944.0,608505642.5948291,72006146478567.25,2147.627905055104,2838.570588235294,1.782401741176469,68.0,4688.68017578125,3715480000.0,14.130000114440918,4.981951767724609,3.181335915653384,2.2841653559557136,2.4927973220771706,2.1390750770129907
2024-01-06,1.0723687166192066,44145.11,48075.25327,2064845.0,493963403.98874366,72006146478567.08,89.09998714738188,3049.8840579710145,1.7745511666666665,72.0,4697.240234375,3844370000.0,13.350000381469727,2.200255641887112,4.981951767724609,3.181335915653384,2.6113998557874285,2.1237935453770045
2024-01-07,1.6979950362397738,43968.32,17835.06144,956642.0,509059003.5142141,73146570446681.67,83.60222451262844,2729.5714285714284,1.8479592000000016,70.0,4697.240234375,3844370000.0,13.350000381469727,3.066282579846892,2.200255641887112,4.981951767724609,2.6767960298600575,2.17496802925487
2024-01-08,4.105095894224271,43929.02,23023.8508,1109259.0,429363547.6531167,73197634206448.0,101.27251418093692,2954.983050847457,1.776827237288136,71.0,4697.240234375,3844370000.0,13.350000381469727,1.0723687166192066,3.066282579846892,2.200255641887112,2.6137812001605525,2.1536068988642643
2024-01-09,3.995401232463304,46951.04,72814.57589,2364464.0,447556918.3163843,73197634206448.0,62.36532776957228,3368.772357723577,1.6502389268292694,71.0,4763.5400390625,3742320000.0,13.079999923706055,1.6979950362397738,1.0723687166192066,3.066282579846892,2.6406221448466702,2.1428229280917623
2024-01-10,4.535873568203562,46110.0,69927.66617,2637745.0,553078468.1633366,73197634206448.0,108.4180354470098,3079.5263157894738,1.7541163026315794,76.0,4756.5,3529960000.0,12.760000228881836,4.105095894224271,1.6979950362397738,1.0723687166192066,2.900755078885035,2.24274644659203
2024-01-11,5.485099812529335,46653.99,89911.41203,3133588.0,483943659.64291966,73197634206448.0,79.6245621780529,2885.5187969924814,1.7924143308270677,73.0,4783.4501953125,3498680000.0,12.6899995803833,3.995401232463304,4.105095894224271,1.6979950362397738,3.0170501241435956,2.342410811867551
2024-01-12,4.0216822657607665,46339.16,87470.3296,2998451.0,629490624.9490609,73197634206448.0,239.7534101047264,2595.809248554913,1.5768140982658962,76.0,4780.240234375,3759890000.0,12.4399995803833,4.535873568203562,3.995401232463304,4.105095894224271,2.95332466706916,2.3670705508138328
2024-01-13,1.668301353360155,42782.73,86327.93707,2809192.0,611297254.2857933,73197634206448.0,1034.1963748372646,2237.333333333333,1.649432642857142,71.0,4783.830078125,3486340000.0,12.699999809265137,5.485099812529335,4.535873568203562,3.995401232463304,3.422588120018049,2.444228697135212
2024-01-14,1.9397513254613494,42847.99,36118.47464,1434243.0,578549187.0919114,73197634206448.0,148.8792216218856,4103.666666666667,1.7330992641509446,64.0,4783.830078125,3486340000.0,12.699999809265137,4.0216822657607665,5.485099812529335,4.535873568203562,3.559073789434317,2.4913166378483
2024-01-15,2.5591772217068076,41732.35,28228.40894,1235727.0,465750288.9796519,73197634206448.0,72.27012876538392,4623.484375,1.7433228750000005,60.0,4783.830078125,3486340000.0,12.699999809265137,1.668301353360155,4.0216822657607665,5.485099812529335,3.6442070232544523,2.464027829995934
2024-01-16,2.1380807141868003,42511.1,40269.89303,1657611.0,414808851.1225025,73197634206448.0,330.2091870495812,3583.3245614035086,1.730983377192982,52.0,4783.830078125,3486340000.0,12.699999809265137,1.9397513254613494,1.668301353360155,4.0216822657607665,3.678743636000392,2.4729831689250075
2024-01-17,1.232874826849941,43137.95,45045.74589,1716580.0,454834266.5816914,73197634206448.0,74.49486238456036,3760.976,1.7053197200000003,64.0,4765.97998046875,4260550000.0,13.84000015258789,2.5591772217068076,1.9397513254613494,1.668301353360155,3.45789811135504,2.5251278613028347
2024-01-18,2.656155918700351,42776.1,33266.21388,1438172.0,440279570.0510773,73197634206448.0,81.8899722683719,3714.173553719008,1.7185003966942147,60.0,4739.2099609375,3928600000.0,14.789999961853027,2.1380807141868003,2.5591772217068076,1.9397513254613494,3.192566608744111,2.5397589488103773
2024-01-19,3.179922720107505,41327.5,43907.51641,1466087.0,516691726.83680135,73197634206448.0,227.3900286912255,3408.5704225352115,1.7471369366197178,63.0,4780.93994140625,4019000000.0,14.130000114440918,1.232874826849941,2.1380807141868003,2.5591772217068076,2.720709645693593,2.4818228878785633
2024-01-20,0.8069480238866756,41659.03,48342.74559,1641428.0,480304985.51026607,73197634206448.0,165.9713985826613,3490.628787878788,1.6686307272727272,51.0,4839.81005859375,4287200000.0,13.300000190734863,2.656155918700351,1.232874826849941,2.1380807141868003,2.3165748037180243,2.480784350365405
2024-01-21,0.8367265595654897,41696.04,15923.99493,807324.0,513378340.1866717,72219650984228.06,134.66370357292502,3939.377622377622,1.6923209300699298,52.0,4839.81005859375,4287200000.0,13.300000190734863,3.179922720107505,2.656155918700351,1.232874826849941,2.1963234400532725,2.494165891859567
2024-01-22,2.9044914326346096,41580.33,11730.16301,657817.0,489551347.763542,70343519904867.086,41.662843837513165,4287.157142857143,1.6910784571428572,56.0,4839.81005859375,4287200000.0,13.300000190734863,0.8069480238866756,3.179922720107505,2.656155918700351,2.0732729644142043,2.446359521525968
2024-01-23,2.812395801370835,39568.02,55426.19911,2147250.0,559487254.5869052,70343519904867.2,203.7653300311334,2860.125,1.7018461874999988,55.0,4850.43017578125,4297610000.0,13.1899995803833,0.8367265595654897,0.8069480238866756,3.179922720107505,1.915697997857653,2.4161814920897746
2024-01-24,2.3044682257725477,39897.6,57956.63351,2043925.0,538506482.5398962,70343519904867.17,327.6442702359661,2392.6103896103896,1.5379622142857143,50.0,4864.60009765625,3912800000.0,12.550000190734863,2.9044914326346096,0.8367265595654897,0.8069480238866756,1.9650285994187675,2.483428820817636
2024-01-25,1.4586797108651497,40084.88,39293.82861,1675615.0,524519301.1752236,70343519904867.15,2079.519055083232,2483.326666666667,1.7583796600000017,48.0,4868.5498046875,4330030000.0,13.140000343322754,2.812395801370835,2.9044914326346096,0.8367265595654897,2.061359326159344,2.52684968593589
2024-01-26,3.057834134417656,39961.09,31022.11853,1291233.0,632919956.7514365,70343519904867.29,1143.8881856646487,1879.4917127071824,1.6717768950276262,52.0,4894.16015625,4020430000.0,13.449999809265137,2.3044682257725477,2.812395801370835,2.9044914326346096,2.214444097434002,2.5569803432322518
2024-01-27,0.9799507780048979,41823.51,47384.96726,1624861.0,531512891.8575599,70343519904867.16,327.2853958697206,3244.8552631578946,1.6317857565789478,49.0,4890.97021484375,3353400000.0,13.260000228881836,1.4586797108651497,2.3044682257725477,2.812395801370835,2.043376067743259,2.5309860373238844
2024-01-28,1.7792415621061812,42120.63,16224.41667,751148.0,597952003.3397549,70343519904867.25,183.80841255771332,3493.8362573099416,1.740003567251463,55.0,4890.97021484375,3353400000.0,13.260000228881836,3.057834134417656,1.4586797108651497,2.3044682257725477,2.0259348412161375,2.5728481323733434
2024-01-29,2.4120492881346567,42031.06,27294.99838,1032493.0,559487254.5869052,70343519904867.2,53.74635680741619,3978.26875,1.7778224250000003,54.0,4890.97021484375,3353400000.0,13.260000228881836,0.9799507780048979,3.057834134417656,1.4586797108651497,2.0506495203758837,2.559845228109663
2024-01-30,1.67505199221454,43302.7,31542.74207,1197856.0,545500073.2222326,70343519904867.18,73.84347010957275,3687.198717948718,1.7200927307692309,55.0,4927.93017578125,3525160000.0,13.600000381469727,1.7792415621061812,0.9799507780048979,3.057834134417656,2.18529452073884,2.5322029681352523
2024-01-31,2.7284436647614747,42941.1,37619.24546,1316610.0,503538529.1282147,70343519904867.11,154.40299902143823,3635.4791666666665,1.6928412499999996,61.0,4924.97021484375,3836130000.0,13.3100004196167,2.4120492881346567,1.7792415621061812,0.9799507780048979,2.114945642953132,2.5621555269225498
2024-02-01,2.2383405716813844,42580.0,39871.13688,1499559.0,458080189.69302857,70343519904867.02,236.14308571151568,3392.7480916030536,1.678990374045802,60.0,4845.64990234375,4696120000.0,14.350000381469727,1.67505199221454,2.4120492881346567,1.7792415621061812,1.952467955930804,2.5676536458818027
2024-02-02,1.8199871508457655,43082.94,35231.04664,1392269.0,535009687.19872814,70343519904867.17,656.1908782165591,2701.124183006536,1.7102868235294124,63.0,4906.18994140625,4386090000.0,13.880000114440918,2.7284436647614747,1.67505199221454,2.4120492881346567,2.013035875786365,2.582462922841995
2024-02-03,0.6576369047980577,43200.0,29672.14418,1086342.0,676117474.0216229,72346611061723.23,1642.957105288927,2285.808510638298,1.702339218085107,63.0,4958.60986328125,3974350000.0,13.850000381469727,2.2383405716813844,2.7284436647614747,1.67505199221454,2.124415998760113,2.5510297447095946
2024-02-04,1.1854423003368288,43011.09,12033.40998,609962.0,566738184.6284933,75502165623894.0,297.3226368824236,3414.1655629139077,1.690524271523179,60.0,4958.60986328125,3974350000.0,13.850000381469727,1.8199871508457655,2.2383405716813844,2.7284436647614747,1.9475807153927,2.4456309241469665
2024-02-05,2.1308244535579854,42582.88,17066.89404,931235.0,581751116.6716322,75502165623894.0,2091.149470132516,2169.1032258064515,1.5829797483870964,60.0,4958.60986328125,3974350000.0,13.850000381469727,0.6576369047980577,1.8199871508457655,2.2383405716813844,1.9015358763631514,2.394210299577331
2024-02-06,1.2896531766660206,42708.7,29467.75905,1317397.0,585504349.682417,75502165623894.0,3453.576598633601,1804.371794871795,1.413415935897436,60.0,4942.81005859375,4023640000.0,13.670000076293945,1.1854423003368288,0.6576369047980577,1.8199871508457655,1.816707410396101,2.3315156235936625
2024-02-07,1.879312564413772,43098.95,24675.85433,1120760.0,638049611.833403,75502165623894.0,4704.984601256342,1635.8411764705882,1.3842028529411758,64.0,4954.22998046875,4440880000.0,13.0600004196167,2.1308244535579854,1.1854423003368288,0.6576369047980577,1.7765324340280049,2.366797481491622
2024-02-08,1.8796176657936168,44349.6,34392.59915,1378809.0,600517281.7255559,75502165623894.0,3312.600720092737,2672.1125,1.5745710624999991,62.0,4995.06005859375,4895590000.0,12.829999923706055,1.2896531766660206,2.1308244535579854,1.1854423003368288,1.7214754603782167,2.353186086172497
2024-02-09,2.8196189906145817,45288.65,45439.62231,1863650.0,517946155.488292,75502165623894.0,491.4632624387848,2065.949275362319,1.5233490144927535,66.0,4997.91015625,4341860000.0,12.789999961853027,1.879312564413772,1.2896531766660206,2.1308244535579854,1.6001710174714021,2.2789933085121468
2024-02-10,1.4280811339668316,47132.77,73503.481,2323884.0,623036679.7902641,75502165623894.0,465.1914649992824,2012.55421686747,1.5931488795180715,72.0,5026.60986328125,3912990000.0,12.930000305175781,1.8796176657936168,1.879312564413772,1.2896531766660206,1.5489248880588637,2.2084671896231574
2024-02-11,2.0352343886137163,47751.09,24802.35936,1323421.0,570491417.639278,75502165623894.0,9125.96749071044,2626.657894736842,1.6205409013157894,74.0,5026.60986328125,3912990000.0,12.930000305175781,2.8196189906145817,1.8796176657936168,1.879312564413772,1.6917294365972662,2.1512587037035247
2024-02-12,3.5878440060889827,48299.99,29958.80837,1407270.0,514192922.4775072,75502165623894.0,4735.857920503917,2408.306569343066,1.7990003138686137,71.0,5026.60986328125,3912990000.0,12.930000305175781,1.4280811339668316,2.8196189906145817,1.8796176657936168,1.8017928979070912,2.0160247477514415
2024-02-13,2.5450198224565908,49917.27,59009.96705,1939394.0,671828708.9304657,75502165623894.0,3288.441067124354,2290.0055865921786,1.871392463687151,70.0,5021.83984375,3805740000.0,13.930000305175781,2.0352343886137163,1.4280811339668316,2.8196189906145817,1.923191767660932,1.9498098185132062
2024-02-14,2.801720472284991,49699.59,55551.56706,1741811.0,506686456.4559378,75502165623894.0,95.856828434855,2319.837037037037,1.7086642000000003,79.0,4953.169921875,4302190000.0,15.850000381469727,3.5878440060889827,2.0352343886137163,1.4280811339668316,2.131337418022503,2.013794573604167
2024-02-15,2.748876238943997,51795.17,57046.37401,1859392.0,521699388.4990767,75502165623894.0,49.096223097480426,2134.654676258993,2.264783877697841,74.0,5000.6201171875,3845600000.0,14.380000114440918,2.5450198224565908,3.5878440060889827,2.0352343886137163,2.3106755102782985,2.0339701901706753
2024-02-16,1.7559101430012103,51880.0,53816.03055,1786569.0,605343973.9976323,77563331090797.1,100.2438641266568,1931.8853503184716,2.080268356687898,72.0,5029.72998046875,4137970000.0,14.010000228881836,2.801720472284991,2.5450198224565908,3.5878440060889827,2.442448068545616,2.0420549651899482
2024-02-17,1.6066445456668539,52124.11,37772.25318,1583711.0,544386616.4219546,81725299822043.17,79.06935421691773,2334.194029850746,1.80796767164179,72.0,5005.56982421875,3833270000.0,14.239999771118164,2.748876238943997,2.801720472284991,2.5450198224565908,2.566627864709956,2.0624148160151874
2024-02-18,1.4820573900460274,51642.64,25674.00622,1427773.0,609388003.457412,81725299822043.25,64.72449438268038,2184.7533333333336,1.8489497933333323,76.0,5005.56982421875,3833270000.0,14.239999771118164,1.7559101430012103,2.748876238943997,2.801720472284991,2.414669457908045,2.0798493265535636
2024-02-19,1.4874557401728483,52137.67,21992.10363,1375422.0,491572989.4556458,81725299822043.08,233.97770296132248,2838.157024793388,1.8481680413223147,72.0,5005.56982421875,3833270000.0,14.239999771118164,1.6066445456668539,1.7559101430012103,2.748876238943997,2.4401785167223347,2.0448656141191135
2024-02-20,2.708471747750212,51774.73,29534.99432,1542990.0,552511789.8013868,81725299822043.17,761.646326948108,2691.970588235294,1.692326639705883,75.0,5005.56982421875,3833270000.0,14.239999771118164,1.4820573900460274,1.6066445456668539,1.7559101430012103,2.361153231212665,1.9882701031170642
2024-02-21,2.2764063454636716,52258.82,49614.47318,1971912.0,572824723.2499672,81725299822043.2,115.42312567572918,2816.2836879432625,1.6876608510638291,72.0,4975.509765625,4034880000.0,15.420000076293945,1.4874557401728483,1.4820573900460274,1.6066445456668539,2.061097764653217,2.010953693659937
2024-02-22,2.1015453624180216,51849.39,43079.40049,1824860.0,560636963.180819,81725299822043.19,80.19289320284264,2680.789855072464,1.9931913768115943,78.0,4981.7998046875,3788390000.0,15.34000015258789,2.708471747750212,1.4874557401728483,1.4820573900460274,2.084448039695163,2.073345199932761
2024-02-23,1.3550619612171162,51288.42,35309.44574,1688184.0,548449203.1116709,81725299822043.17,60.75133447326235,2704.3703703703704,1.8127992222222216,74.0,5087.02978515625,4051710000.0,14.539999961853027,2.2764063454636716,2.708471747750212,1.4874557401728483,2.0094031644349744,2.0524090303603963
2024-02-24,1.1759327019850359,50744.15,30545.79544,1487039.0,645951283.6648567,81725299822043.3,1052.1457915114318,2573.6100628930817,1.717863805031447,76.0,5088.7998046875,3672790000.0,13.75,2.1015453624180216,2.2764063454636716,2.708471747750212,1.9169273249312635,2.0287140157286356
2024-02-25,0.92115656695235,51568.22,16560.4211,855015.0,556574376.491103,81725299822043.19,5178.416799683113,2484.810218978102,1.6377038248175175,72.0,5088.7998046875,3672790000.0,13.75,1.3550619612171162,2.1015453624180216,2.2764063454636716,1.8596632989621074,1.9970671402434548
2024-02-26,3.3014975847043835,51728.85,18721.63159,923992.0,666264217.113437,81725299822043.31,5478.246176356451,2553.664634146341,1.8473714634146328,74.0,5088.7998046875,3672790000.0,13.75,1.1759327019850359,1.3550619612171162,2.1015453624180216,1.7981330355789904,1.987642239947451
2024-02-27,3.3400675029313,54476.47,51256.72199,1808909.0,540324029.7322387,81725299822043.16,58.69579045002709,2678.0751879699246,1.7327646541353388,72.0,5069.52978515625,3683930000.0,13.739999771118164,0.92115656695235,1.1759327019850359,1.3550619612171162,1.718004346565608,1.916419654365274
2024-02-28,5.246340360721161,57037.34,67194.98562,2414285.0,524073682.9733743,81725299822043.12,1105.2499903822686,3004.6356589147285,1.6648956201550391,79.0,5078.18017578125,3925950000.0,13.430000305175781,3.3014975847043835,0.92115656695235,1.1759327019850359,1.9771531814986845,1.9938045479219235
2024-02-29,3.805884599813384,62432.1,118763.46984,3895062.0,605325416.7676959,81725299822043.25,83.11515721710273,2777.181208053691,1.8063194832214755,82.0,5069.759765625,3789370000.0,13.84000015258789,3.3400675029313,3.3014975847043835,0.92115656695235,2.067381146524554,2.0458320792827607
2024-03-01,2.711191417814213,61130.98,78425.07603,3169405.0,540324029.7322387,81725299822043.16,77.68266668642117,3060.8270676691727,1.6780438195488725,80.0,5096.27001953125,5219740000.0,13.399999618530273,5.246340360721161,3.3400675029313,3.3014975847043835,2.491657434418481,2.1403084483689776
2024-03-02,1.3178649923574384,62387.9,47737.93473,1947444.0,608054004.3789,79428308380841.48,107.10328420910456,2722.6233766233768,1.715404292207792,80.0,5137.080078125,4748110000.0,13.109999656677246,3.805884599813384,5.246340360721161,3.3400675029313,2.7351344683321046,2.2113362019556058
2024-03-03,1.7358923612648605,61987.28,25534.73659,1641808.0,500960510.1218159,79351228131136.9,42.11639443940437,2671.740157480315,1.7136079842519694,80.0,5137.080078125,4748110000.0,13.109999656677246,2.711191417814213,3.805884599813384,5.246340360721161,2.928867247845975,2.210761127057364
2024-03-04,3.2038206066913126,63113.97,28994.90903,1992011.0,611408496.6053661,79351228131136.75,55.533718623347696,2486.7548387096776,1.934863903225805,83.0,5137.080078125,4748110000.0,13.109999656677246,1.3178649923574384,2.711191417814213,3.805884599813384,2.949143289327747,2.1800786077465655
2024-03-05,7.196448604598138,68245.71,84835.16005,3887853.0,508849652.0134983,79351228131136.9,39.375779405905504,2800.4496124031007,1.7402033953488376,82.0,5130.9501953125,4758440000.0,13.489999771118164,1.7358923612648605,1.3178649923574384,2.711191417814213,3.0655341170866772,2.1772754480938685
2024-03-06,5.2783704754121885,63724.01,132696.7813,5310706.0,658743347.9554589,79351228131136.69,120.055243546293,2541.0,1.725852125748503,90.0,5078.64990234375,4418410000.0,14.460000038146973,3.2038206066913126,1.7358923612648605,1.3178649923574384,3.05158026308481,2.262148238156977
2024-03-07,1.5272317000323745,66074.04,78738.85491,3302981.0,552239932.41775,79351228131136.83,155.2531959515457,2728.1,1.7951747785714278,75.0,5104.759765625,4559050000.0,14.5,7.196448604598138,3.2038206066913126,1.7358923612648605,3.6024918490372153,2.462515114965688
2024-03-08,2.735927665140467,66823.17,53059.8869,2428227.0,710022770.2513928,79351228131136.64,113.07698610059396,2424.133333333333,1.900112077777777,82.0,5157.35986328125,4137980000.0,14.4399995803833,5.2783704754121885,7.196448604598138,3.2038206066913126,3.607067579707362,2.567433315694161
2024-03-09,0.9012796060283187,68124.19,74261.932842,2943927.0,607463925.659525,79351228131136.75,129.02260269802517,2772.2597402597403,1.7450101948051944,81.0,5123.68994140625,4208870000.0,14.739999771118164,1.5272317000323745,5.2783704754121885,7.196448604598138,3.2815457368815037,2.5753525998063727
2024-03-10,1.9818915065589926,68313.27,19872.89743,1345341.0,642965064.1720946,79351228131136.72,345.45351241142544,2202.6319018404906,1.6144885521472396,84.0,5123.68994140625,4208870000.0,14.739999771118164,2.735927665140467,1.5272317000323745,5.2783704754121885,3.28507948649954,2.6039064364972626
2024-03-11,3.630008072591588,68955.88,38404.66835,2139518.0,564073645.2552733,79351228131136.81,153.22465981502717,2574.7972027972028,1.715487839160839,79.0,5123.68994140625,4208870000.0,14.739999771118164,0.9012796060283187,2.735927665140467,1.5272317000323745,3.225567288452523,2.5712951678384193
2024-03-12,2.6854342278040804,72078.1,75292.825726,3043414.0,670577060.7929822,79351228131136.69,348.813815042993,2318.2235294117645,1.7348717823529416,82.0,5117.93994140625,3896430000.0,15.220000267028809,1.9818915065589926,0.9012796060283187,2.735927665140467,3.260710023494542,2.5433709183698996
2024-03-13,2.0283021767765264,71452.01,68783.546691,3047890.0,556184503.3635911,79351228131136.83,101.74667865414428,2424.588652482269,1.712962673758865,81.0,5175.27001953125,4080510000.0,13.84000015258789,3.630008072591588,1.9818915065589926,0.9012796060283187,3.3215939471945815,2.6167684829907247
2024-03-14,3.4899247249391725,73072.41,52659.711647,2501197.0,631131351.3345715,79351228131136.72,334.7682471393654,2438.2375,1.788118962500001,81.0,5165.31005859375,4282890000.0,13.75,2.6854342278040804,3.630008072591588,1.9818915065589926,2.6771633219382873,2.638441810963737
2024-03-15,6.70662389901303,71388.94,71757.628746,2994869.0,579720256.0482558,82709090260024.77,482.6861449255748,2338.340425531915,1.6772899716312055,88.0,5150.47998046875,4687970000.0,14.399999618530273,2.0283021767765264,2.6854342278040804,3.630008072591588,2.212867850704621,2.586457083319988
2024-03-16,3.0369630231332017,69499.85,103334.03546,3904445.0,529980321.6844611,83947913181362.0,65.33966686128666,2424.4409448818897,1.6357194881889765,83.0,5117.08984375,7753670000.0,14.40999984741211,3.4899247249391725,2.0283021767765264,2.6854342278040804,2.4932525685484492,2.6179539134027414
2024-03-17,3.6699846694454354,65300.63,55926.95336,2729019.0,600922569.4689952,83947913181362.0,258.66795164401225,2470.555555555556,1.734020027777778,81.0,5117.08984375,7753670000.0,14.40999984741211,6.70662389901303,3.4899247249391725,2.0283021767765264,3.0604948876731015,2.7481173609603426
2024-03-18,2.9920463413022325,68393.48,49742.21589,2449156.0,609268716.2671757,83947913181362.0,277.6745507743114,2507.595890410959,1.761533705479452,79.0,5117.08984375,7753670000.0,14.40999984741211,3.0369630231332017,6.70662389901303,3.4899247249391725,3.365592518688085,2.7577202537666494
2024-03-19,5.1170533169821635,67609.99,55691.08088,2464515.0,600922569.4689952,83947913181362.0,637.6626833132805,2890.7638888888887,1.773374631944444,77.0,5149.419921875,4036220000.0,14.329999923706055,3.6699846694454354,3.0369630231332017,6.70662389901303,3.6067486848147188,2.8215227379814567
2024-03-20,5.503362601172669,61937.4,101005.32487,3593832.0,655172523.6571684,83947913181362.0,93.06355486890196,2955.108280254777,1.7429394331210195,79.0,5178.509765625,4031760000.0,13.819999694824219,2.9920463413022325,3.6699846694454354,3.0369630231332017,3.5156112946305256,2.8677027978359693
2024-03-21,2.77889200833273,67840.51,90420.58592,3549793.0,621787936.4644464,83947913181362.0,132.65548479192327,2426.2751677852348,1.8088867114093952,74.0,5224.6201171875,4064850000.0,13.039999961853027,5.1170533169821635,2.9920463413022325,3.6699846694454354,3.8629854502273946,2.988869328733841
2024-03-22,3.921719537592322,65501.27,53357.48002,2388390.0,500768807.8908293,83947913181362.0,50.884979082881,2730.35,1.8498369416666656,78.0,5241.52978515625,4207730000.0,12.920000076293945,5.503362601172669,5.1170533169821635,2.9920463413022325,4.359422653712557,3.122732890767168
2024-03-23,2.5341965682970558,63796.64,51482.37821,2492881.0,563364908.877183,83947913181362.0,111.4017657408704,2515.0592592592598,1.7486974592592586,75.0,5234.18017578125,3374700000.0,13.0600004196167,2.77889200833273,5.503362601172669,5.1170533169821635,4.257846551340209,3.1250802327865856
2024-03-24,2.422687951392233,63990.01,26410.11409,1753566.0,650999450.2580782,83947913181362.0,123.3970514304512,2093.653846153846,1.786932961538461,73.0,5234.18017578125,3374700000.0,13.0600004196167,3.921719537592322,2.77889200833273,5.503362601172669,3.86000307113725,3.179924005857541
2024-03-25,3.5686784655597825,67209.99,31395.78015,1880774.0,709422477.8453414,83947913181362.0,4897.958175565,1950.158823529412,1.7357294470588216,74.0,5234.18017578125,3374700000.0,13.0600004196167,2.5341965682970558,3.921719537592322,2.77889200833273,3.7881792918749437,3.194345712720175
2024-03-26,2.2027068858058834,69880.01,53431.14486,2632220.0,550845688.6799122,83947913181362.0,3139.1217735092832,2402.0,1.9138819242424243,75.0,5218.18994140625,3331360000.0,13.1899995803833,2.422687951392233,2.5341965682970558,3.921719537592322,3.6099940464387723,3.229933245726012
2024-03-27,2.7696497529731228,69988.0,38934.38417,2176807.0,559191835.4780927,83947913181362.0,64.00959613582954,2371.208955223881,2.0151781791044776,81.0,5203.580078125,3871790000.0,13.239999771118164,3.5686784655597825,2.422687951392233,2.5341965682970558,3.6923700641898507,3.30969143784517
2024-03-28,2.002392542215334,69469.99,49119.35685,2453366.0,567537982.2762733,83947913181362.0,67.9965554588081,2616.926470588235,1.8404302573529407,83.0,5248.490234375,3850500000.0,12.779999732971191,2.2027068858058834,3.5686784655597825,2.422687951392233,3.2760348597360966,3.3524097818069545
2024-03-29,2.051445625673252,70780.6,35439.03239,1799897.0,630675249.3060845,83467245353210.45,42.09777440000065,2820.1973684210525,1.6595177302631583,80.0,5254.35009765625,3998270000.0,13.010000228881836,2.7696497529731228,2.2027068858058834,3.5686784655597825,2.885504452850447,3.3346815207492457
2024-03-30,0.7773023245694387,69850.54,25445.08353,1522607.0,595046224.9834774,83126997340024.75,67.09666863635145,3120.9791666666665,1.6907072361111106,79.0,5254.35009765625,3998270000.0,13.010000228881836,2.002392542215334,2.7696497529731228,2.2027068858058834,2.7745759576908187,3.290092355392047
2024-03-31,1.104427859727403,69582.18,13644.61142,1110488.0,640501144.9474928,83126997340024.7,65.87253514984026,3161.7548387096776,1.8009004903225805,75.0,5254.35009765625,3998270000.0,13.010000228881836,2.051445625673252,2.002392542215334,2.7696497529731228,2.5073939702738093,3.1835958642237836
2024-04-01,3.0138914181422995,71280.01,19396.34433,1181926.0,566120366.8245583,83126997340024.78,63.13301503351804,2333.394160583942,2.2927066058394168,75.0,5254.35009765625,3998270000.0,13.010000228881836,0.7773023245694387,2.051445625673252,2.002392542215334,2.256409078312721,3.0826431217156514
2024-04-02,4.198150284927552,69649.8,41445.32039,1893438.0,619839817.691122,83126997340024.72,101.5565880785458,2176.0666666666666,2.049854893333333,79.0,5243.77001953125,3325930000.0,13.649999618530273,1.104427859727403,0.7773023245694387,2.051445625673252,2.068086208074888,3.0290843364460915
2024-04-03,2.356297428974713,65463.99,71799.82793,2662410.0,611575286.7885739,83126997340024.73,53.9481296146801,2416.9527027027025,1.8006774662162164,79.0,5205.81005859375,3886590000.0,14.609999656677246,3.0138914181422995,1.104427859727403,0.7773023245694387,1.9888309155866761,3.08561855063892
2024-04-04,2.5455027100385847,65963.28,39887.21778,2172096.0,586781694.0809289,83126997340024.77,92.92597455683644,2626.605633802817,1.7591550845070416,71.0,5211.490234375,3703250000.0,14.329999923706055,4.198150284927552,3.0138914181422995,1.104427859727403,2.273894258318343,3.16769381476101
2024-04-05,2.707269713833762,68487.79,41510.48453,2000945.0,570252632.2758324,83126997340024.78,253.95873062518828,2323.2391304347825,1.7245853695652165,70.0,5147.2099609375,4075680000.0,16.350000381469727,2.356297428974713,4.198150284927552,3.0138914181422995,2.21484392631857,3.139443042170457
2024-04-06,1.5045243056834867,67820.62,37915.23073,1901980.0,611575286.7885739,83126997340024.73,2303.5952670956417,2355.6554054054054,1.7816746418918925,79.0,5204.33984375,3386780000.0,16.030000686645508,2.5455027100385847,2.356297428974713,4.198150284927552,2.2924310931504635,2.9844115123518047
2024-04-07,1.6759323599007467,68896.0,20134.28919,1171460.0,640501144.9474928,83126997340024.7,1831.9776295809836,2797.3612903225808,1.7226046580645151,75.0,5204.33984375,3386780000.0,16.030000686645508,2.707269713833762,2.5455027100385847,2.356297428974713,2.386120248601965,2.898708153632524
2024-04-08,2.4812848028787213,69360.39,21534.74433,1269048.0,702485126.7166051,83126997340024.64,41.07608762373683,3094.8823529411766,1.884625364705884,78.0,5204.33984375,3386780000.0,16.030000686645508,1.5045243056834867,2.707269713833762,2.5455027100385847,2.490009103046829,2.897951240487561
2024-04-09,2.0285078131164562,71620.0,45723.87624,2037025.0,652897941.3013152,83126997340024.69,44.14476198693474,2883.6518987341774,1.9378595696202536,76.0,5202.39013671875,3278180000.0,15.1899995803833,1.6759323599007467,1.5045243056834867,2.707269713833762,2.5716526030715916,2.862618063646237
2024-04-10,2.891066073303421,69146.0,39293.90242,1804157.0,603310755.8860255,83126997340024.73,71.77854609436461,3108.294520547945,1.8030561095890407,80.0,5209.91015625,3400680000.0,14.979999542236328,2.4812848028787213,1.6759323599007467,1.5045243056834867,2.495565943748224,2.9152849035412505
2024-04-11,2.425257708459224,70631.08,42006.02377,1852170.0,626404079.729565,83450993523979.81,84.6271165249844,3516.9139072847684,1.7193999999999994,78.0,5160.64013671875,3845930000.0,15.800000190734863,2.0285078131164562,2.4812848028787213,1.6759323599007467,2.1856170192037814,2.9168387804264997
2024-04-12,3.303449110695405,70006.23,31917.25595,1658995.0,566860609.5352726,86388558925171.22,47.99213180790637,3607.886363636364,1.7256640530303038,76.0,5199.06005859375,3509380000.0,14.90999984741211,2.891066073303421,2.0285078131164562,2.4812848028787213,2.2620125398221687,2.8922073804502273
2024-04-13,7.066645311614721,67116.52,56072.86229,2496617.0,584038203.763614,86388558925171.23,133.33525726849084,3297.7132352941176,1.7724817794117642,79.0,5123.41015625,3963220000.0,17.309999465942383,2.425257708459224,2.891066073303421,2.0285078131164562,2.2448346824536882,2.8835348298053987
2024-04-14,3.6840992621479614,63924.51,71395.22019,3341340.0,704281363.3620051,86388558925171.36,216.77164814441997,3092.518292682927,1.853496408536585,72.0,5123.41015625,3963220000.0,17.309999465942383,3.303449110695405,2.425257708459224,2.891066073303421,2.3300031677196373,2.9260397276026944
2024-04-15,3.6614957430425754,65661.84,61599.17818,2657953.0,674220573.4624075,86388558925171.34,186.68363593011443,3014.828025477707,1.9331880955414016,72.0,5123.41015625,3963220000.0,17.309999465942383,7.066645311614721,3.303449110695405,2.425257708459224,3.1245918828526706,3.045263747158546
2024-04-16,3.4766542567860483,63419.99,52389.53069,2539048.0,605510196.549041,86388558925171.27,60.99584890773067,3569.9148936170213,1.686045219858155,74.0,5061.81982421875,3950210000.0,19.229999542236328,3.6840992621479614,7.066645311614721,3.303449110695405,3.411472868887987,2.9445129259297103
2024-04-17,3.8768422999818792,63793.39,53435.29331,2604354.0,708575761.9190906,86388558925171.38,92.08239646627888,2755.569696969697,1.936371860606061,65.0,5051.41015625,4006200000.0,18.399999618530273,3.6614957430425754,3.6840992621479614,7.066645311614721,3.5800744317685376,2.9653306832600226
2024-04-18,3.101451273611691,61277.37,50610.54509,2458327.0,588332602.3206996,86388558925171.23,58.53900243125233,2814.6423357664235,2.018377401459854,67.0,5022.2099609375,3596130000.0,18.209999084472656,3.4766542567860483,3.6614957430425754,3.6840992621479614,3.786952495149908,2.958886336171376
2024-04-19,5.548581503174148,63470.08,43601.60918,2142511.0,622687790.7773827,86388558925171.28,79.86404301720097,2883.4137931034484,1.9263953862068963,57.0,5011.1201171875,3619760000.0,18.0,3.8768422999818792,3.4766542567860483,3.6614957430425754,3.9277776703896876,2.988379534794032
2024-04-20,1.9499114059094305,63818.01,69774.30271,2828284.0,648454182.1198951,86388558925171.31,111.22965947170478,2603.907284768212,1.7760530463576158,66.0,4967.22998046875,3878750000.0,18.709999084472656,3.101451273611691,3.8768422999818792,3.4766542567860483,4.024376751125755,2.9211928000150156
2024-04-21,1.4963239246829332,64940.59,23137.42975,1376712.0,558271812.4211017,86388558925171.2,74.48814151895657,4853.853846153847,1.452106761538461,66.0,4967.22998046875,3878750000.0,18.709999084472656,5.548581503174148,3.101451273611691,3.8768422999818792,4.345109950051289,2.9227000967483985
2024-04-22,2.1686622785785095,64941.15,19316.42152,1390153.0,601215797.9919556,86388558925171.25,75.35260540606616,4583.342857142857,1.4780855357142864,72.0,4967.22998046875,3878750000.0,18.709999084472656,1.9499114059094305,5.548581503174148,3.101451273611691,3.6141479635219618,2.895067410000955
2024-04-23,1.651371681628211,66819.32,31397.99371,1816591.0,652748580.6769805,86388558925171.31,55.672713569432815,4419.546052631579,1.5226677697368425,73.0,5010.60009765625,3820250000.0,16.940000534057617,1.4963239246829332,1.9499114059094305,5.548581503174148,3.3016086295983866,2.8142208895706418
2024-04-24,2.4476017515853736,66414.0,22599.90004,1433915.0,721458957.5903468,86388558925171.38,54.688849963665405,5517.916666666667,1.4325509345238092,71.0,5070.5498046875,3751400000.0,15.6899995803833,2.1686622785785095,1.4963239246829332,1.9499114059094305,3.0883467061035197,2.802036413246691
2024-04-25,2.1127148393352924,64289.59,33595.69637,1784897.0,671772263.1512126,87185497750595.1,629.0194938144091,3914.277419354839,1.5689909419354835,72.0,5071.6298828125,3656740000.0,15.970000267028809,1.651371681628211,2.1686622785785095,1.4963239246829332,2.8275920525095435,2.7763258709212235
2024-04-26,1.9013843122717096,64498.34,31341.46338,1375324.0,630674365.8262494,88104191118792.72,223.6417869041853,3654.4583333333335,1.5657279722222228,72.0,5048.419921875,3958050000.0,15.369999885559082,2.4476017515853736,1.651371681628211,2.1686622785785095,2.6234148313100425,2.738956647122076
2024-04-27,1.9593746067504514,63770.01,27085.19346,1025561.0,578118168.6740619,88104191118792.78,39.10932868283574,3351.1136363636365,1.5762955984848483,70.0,5099.9599609375,3604140000.0,15.029999732971191,2.1127148393352924,2.4476017515853736,1.651371681628211,2.482166769270557,2.735956912239723
2024-04-28,1.338731312824973,63461.98,20933.06052,912422.0,613155633.4421867,88104191118792.75,212.86352749911129,3235.4785714285717,1.5567707142857137,67.0,5099.9599609375,3604140000.0,15.029999732971191,1.9013843122717096,2.1127148393352924,2.4476017515853736,1.9611385991416372,2.7070147308830097
2024-04-29,2.6226866593192133,63118.62,16949.20005,790652.0,613155633.4421867,88104191118792.75,367.2449150868956,3482.292857142857,1.6641852999999998,65.0,5099.9599609375,3604140000.0,15.029999732971191,1.9593746067504514,1.9013843122717096,2.1127148393352924,1.9624904849760687,2.7055807997008468
2024-04-30,4.03790889252543,63866.0,28150.22947,1152296.0,573738485.5780463,88104191118792.8,304.78371524305925,3076.8244274809163,1.6545935343511455,67.0,5116.169921875,3447450000.0,14.670000076293945,1.338731312824973,1.9593746067504514,1.9013843122717096,1.9399772547106457,2.6818236559392377
2024-05-01,6.224308957463919,60672.0,54947.65535,1985671.0,617535316.5382024,88104191118792.73,98.1015624403408,3532.517730496454,1.5915449503546095,67.0,5035.68994140625,4082470000.0,15.649999618530273,2.6226866593192133,1.338731312824973,1.9593746067504514,2.0048378805307463,2.7433364670975635
2024-05-02,2.842007647928619,58364.97,81166.46823,2401089.0,578118168.6740619,88104191118792.78,74.7613701346817,3627.886363636364,1.6143356212121212,54.0,5018.39013671875,4544170000.0,15.390000343322754,4.03790889252543,2.6226866593192133,1.338731312824973,2.3457717678017778,2.8411191681908305
2024-05-03,3.429172339413136,59060.61,47583.81961,1572898.0,635054048.9222649,88104191118792.72,212.77418829785807,3860.958620689655,1.6322128344827578,43.0,5064.2001953125,4381660000.0,14.680000305175781,6.224308957463919,4.03790889252543,2.6226866593192133,2.88530136864157,2.9481330861682182
2024-05-04,2.6841972804588154,62882.01,43628.40143,1558661.0,564979119.3860149,88104191118792.81,280.69559487518706,3432.108527131783,1.6088620620155043,48.0,5127.7900390625,3924990000.0,13.489999771118164,2.842007647928619,6.224308957463919,4.03790889252543,2.9894860555834737,2.902928331601587
2024-05-05,1.4790700014120175,63892.04,24368.69282,1113509.0,617535316.5382024,88104191118792.73,93.18877877310452,4682.7163120567375,1.4929564609929076,67.0,5127.7900390625,3924990000.0,13.489999771118164,3.429172339413136,2.842007647928619,6.224308957463919,3.207741488032249,2.9386908286162012
2024-05-06,2.907080857830139,64012.0,18526.75029,992921.0,608775950.3461711,88104191118792.75,99.18324675577648,4503.582733812949,1.4613777050359713,69.0,5127.7900390625,3924990000.0,13.489999771118164,2.6841972804588154,3.429172339413136,2.842007647928619,3.3112875842763008,2.9433139809635422
2024-05-07,2.6016477508735547,63165.19,34674.91949,1392557.0,534321337.7139056,88104191118792.86,56.59358459040497,4260.795081967213,1.5617405901639343,71.0,5180.740234375,3683250000.0,13.489999771118164,1.4790700014120175,2.6841972804588154,3.429172339413136,3.3313359683601647,2.902373990549484
2024-05-08,1.7920216443115804,62312.08,25598.79472,1272898.0,534321337.7139056,88104191118792.86,159.73572534408672,3054.4508196721317,1.7684268278688529,68.0,5187.7001953125,3987890000.0,13.229999542236328,2.907080857830139,1.4790700014120175,2.6841972804588154,3.3719637110045824,2.949125875621039
2024-05-09,2.4158490805854487,61193.03,26121.19004,1415152.0,556219753.1939834,88104191118792.81,455.7211701605123,3550.047244094488,1.7020589055118125,64.0,5187.669921875,3842100000.0,13.0,2.6016477508735547,2.907080857830139,1.4790700014120175,3.166783547911457,2.9799830553201327
2024-05-10,3.5816927356171124,63074.01,30660.8061,1381957.0,613867438.0566123,85164867739885.7,58.7141534235918,3566.848275862069,1.839527096551724,55.0,5214.080078125,3727370000.0,12.6899995803833,1.7920216443115804,2.6016477508735547,2.907080857830139,2.533599646032552,2.957007616701228
2024-05-11,1.0667974455480982,60799.99,36529.34025,1500643.0,599332437.5790136,83148355189240.0,46.57154126632134,4922.696551724138,1.5388563793103438,66.0,5222.68017578125,3617900000.0,12.550000190734863,2.4158490805854487,1.7920216443115804,2.6016477508735547,2.472719850697813,2.969918992283527
2024-05-12,1.0719056878472824,60825.99,13374.56936,753281.0,657199017.7590562,83148355189240.0,632.4209650327638,4523.937106918239,1.6065006289308177,53.0,5222.68017578125,3617900000.0,12.550000190734863,3.5816927356171124,2.4158490805854487,1.7920216443115804,2.4945084787269525,2.9929398810273176
2024-05-13,2.4073371623945254,61483.99,12753.13236,727113.0,545599184.5546882,83148355189240.0,471.458631735414,4220.939393939394,1.7265135454545448,56.0,5222.68017578125,3617900000.0,12.550000190734863,1.0667974455480982,3.5816927356171124,2.4158490805854487,2.2634513594539927,2.947657872263613
2024-05-14,1.5119956415394085,62940.08,32733.41839,1371433.0,607599091.8904481,83148355189240.0,93.06636178434287,3774.013605442177,1.648835653061224,57.0,5221.419921875,4255710000.0,13.600000381469727,1.0719056878472824,1.0667974455480982,3.5816927356171124,2.2052850289447448,2.8732730915020093
2024-05-15,2.804214601441155,61577.49,29088.72041,1127939.0,562132493.1775575,83148355189240.0,123.9807551674548,3103.2573529411766,1.6161000147058815,66.0,5246.68017578125,4763580000.0,13.420000076293945,2.4073371623945254,1.0719056878472824,1.0667974455480982,2.1338930724539433,2.7179628198613357
2024-05-16,2.0333043705138687,66206.5,43559.74719,1729454.0,582799128.9561441,83148355189240.0,632.3935360278972,3496.5390070921985,1.6269408581560276,64.0,5308.14990234375,4360810000.0,12.449999809265137,1.5119956415394085,2.4073371623945254,1.0719056878472824,1.978228485406208,2.645559365841051
2024-05-17,2.1699329849355182,65235.21,31106.3671,1269793.0,586932456.1118613,83148355189240.0,144.80883766533114,3356.7535211267605,1.6284132676056338,70.0,5297.10009765625,3817470000.0,12.420000076293945,2.804214601441155,1.5119956415394085,2.4073371623945254,2.1228274792818618,2.6169833277876706
2024-05-18,0.641651019458505,67024.0,26292.23409,1117254.0,640665709.1361867,83148355189240.0,293.1846907787329,3699.9483870967742,1.5331870645161287,74.0,5303.27001953125,3578120000.0,11.989999771118164,2.0333043705138687,2.804214601441155,1.5119956415394085,2.0681782349859215,2.568871664911931
2024-05-19,1.467414397152803,66915.2,14441.25774,734067.0,529065875.9318188,83148355189240.0,1190.1427956146963,3134.875,1.4535821249999996,73.0,5303.27001953125,3578120000.0,11.989999771118164,2.1699329849355182,2.0333043705138687,2.804214601441155,1.8664982706028366,2.511974687743719
2024-05-20,3.9277465972464327,66274.01,18025.30409,823729.0,636532381.9804695,83148355189240.0,966.1891662142388,4182.590909090909,1.583084435064935,72.0,5303.27001953125,3578120000.0,11.989999771118164,0.641651019458505,2.1699329849355182,2.0333043705138687,1.805763066875752,2.4299813459386126
2024-05-21,2.0933361064947156,71446.62,50816.7011,1930939.0,644799036.2919042,83148355189240.0,36.860633587130536,4019.198717948718,1.7674085897435896,70.0,5308.1298828125,3420100000.0,12.149999618530273,1.467414397152803,0.641651019458505,2.1699329849355182,1.862264311062255,2.293942442404568
2024-05-22,1.722929669410716,70148.34,49607.4336,2137448.0,570399147.4889922,83148355189240.0,74.9098390808586,3949.572463768116,1.6516070289855074,76.0,5321.41015625,3662240000.0,11.859999656677246,3.9277465972464327,1.467414397152803,0.641651019458505,2.0794656588982416,2.3598702821158013
2024-05-23,2.7600877402589323,69166.62,27673.18026,1371973.0,632399054.8247522,83148355189240.0,60.8005941062282,3812.281045751634,1.660516326797386,76.0,5307.009765625,3847130000.0,12.289999961853027,2.0933361064947156,3.9277465972464327,1.467414397152803,2.162514296749,2.379770688176194
2024-05-24,2.1091485664401852,67969.65,40513.17374,1827855.0,706194547.0096976,84060416283612.4,135.51981826828458,4406.869822485207,1.5842213905325435,76.0,5267.83984375,3869520000.0,12.770000457763672,1.722929669410716,2.0933361064947156,3.9277465972464327,2.0080450207446514,2.364912934537267
2024-05-25,0.9012231077681424,68549.99,28095.83664,1165907.0,671140034.7624127,84381461788831.33,62.79757946992656,4602.74375,1.6429644687500002,74.0,5304.72021484375,3005510000.0,11.930000305175781,2.7600877402589323,1.722929669410716,2.0933361064947156,2.1118712164225175,2.401870136491625
2024-05-26,1.1400745782045223,69290.57,12130.39418,703803.0,671140034.7624127,84381461788831.33,55.26725286388357,5219.0,1.5662918812500002,76.0,5304.72021484375,3005510000.0,11.930000305175781,2.1091485664401852,2.7600877402589323,1.722929669410716,2.1031877280660414,2.390588363653452
2024-05-27,2.2665277277738376,68507.67,11872.11797,722849.0,704697036.5005332,84381461788831.36,95.81215528838736,5075.327380952381,1.6659022619047608,75.0,5304.72021484375,3005510000.0,11.930000305175781,0.9012231077681424,2.1091485664401852,2.7600877402589323,2.140269454967418,2.350205305934547
2024-05-28,2.454036681452629,69436.43,23136.92737,1219341.0,515938901.7236049,84381461788831.12,74.42606488879723,4484.634146341464,1.5982980569105687,74.0,5304.72021484375,3005510000.0,11.930000305175781,1.1400745782045223,0.9012231077681424,2.1091485664401852,2.0935066236890925,2.3248283147989737
2024-05-29,1.351145625765369,68398.39,32622.97042,1459351.0,562079779.1135205,84381461788831.19,57.02379104207142,4453.656716417911,1.572531126865672,72.0,5306.0400390625,3751540000.0,12.920000076293945,2.2665277277738376,1.1400745782045223,0.9012231077681424,1.8561896423358646,2.33506675216642
2024-05-30,1.925755667894942,67652.42,23159.83149,1221044.0,574663654.7653158,84381461788831.22,63.8510012571971,5295.094890510949,1.5050856715328471,72.0,5266.9501953125,3552750000.0,14.279999732971191,2.454036681452629,2.2665277277738376,1.1400745782045223,1.9077182959012806,2.372243597787342
2024-05-31,1.605279531869554,68352.17,28478.2184,1272851.0,515938901.7236049,84381461788831.12,132.60663135814937,4149.731707317073,1.519309162601626,73.0,5235.47998046875,3818750000.0,14.470000267028809,1.351145625765369,2.454036681452629,2.2665277277738376,1.854606289666231,2.3298588966688807
2024-06-01,0.47864773916644665,67540.01,26690.32184,1177860.0,620804532.1552316,84381461788831.27,76.65129433589172,4739.668918918919,1.496344763513514,73.0,5277.509765625,5437160000.0,12.920000076293945,1.925755667894942,1.351145625765369,2.454036681452629,1.7354159936142324,2.259453789181198
2024-06-02,1.4436367237511385,67766.85,8837.66133,638484.0,591442155.634376,84381461788831.23,70.941886987105,5248.439716312057,1.501787468085106,72.0,5277.509765625,5437160000.0,12.920000076293945,1.605279531869554,1.925755667894942,1.351145625765369,1.663434702961285,2.1054861416613857
2024-06-03,2.6358874524359295,67765.63,15426.32529,812348.0,587247530.4171109,84381461788831.23,103.00224887809064,5208.585714285714,1.5169477714285724,73.0,5277.509765625,5437160000.0,12.920000076293945,0.47864773916644665,1.605279531869554,1.925755667894942,1.603066793161043,2.0267074780359797
2024-06-04,1.7610747127380693,68809.9,29633.374,1253789.0,658556159.1106174,84381461788831.31,113.08853456325303,4899.515923566879,1.5421512038216565,73.0,5283.39990234375,4046920000.0,13.109999656677246,1.4436367237511385,0.47864773916644665,1.605279531869554,1.6464328139534163,1.9605229575139131
2024-06-05,1.6720732873176953,70537.84,29619.78489,1254515.0,562079779.1135205,84381461788831.19,106.9498750378506,4686.417910447762,1.5753560149253734,73.0,5291.33984375,3707900000.0,13.15999984741211,2.6358874524359295,1.4436367237511385,0.47864773916644665,1.6991984889051441,1.9589126299131503
2024-06-06,1.3160008639919814,71108.0,28703.18082,1055115.0,515938901.7236049,84381461788831.12,81.30241285185974,4569.504065040651,1.5443658292682925,75.0,5354.02978515625,3591460000.0,12.630000114440918,1.7610747127380693,2.6358874524359295,1.4436367237511385,1.6002039219459212,1.968312786957352
2024-06-07,2.2026135293633504,70799.06,21842.00449,900226.0,554910858.050012,83931592439295.94,177.14436606150096,4612.571428571428,1.584500593984962,78.0,5352.9599609375,3609990000.0,12.579999923706055,1.6720732873176953,1.7610747127380693,2.6358874524359295,1.6460507307391108,1.9271458679402707
2024-06-08,0.5353434842584227,69355.6,35598.45045,1516415.0,590944002.9609013,83716654861184.77,145.58833945709574,1859.0281690140848,1.328911873239437,77.0,5346.990234375,3692760000.0,12.220000267028809,1.3160008639919814,1.6720732873176953,1.7610747127380693,1.5589429016101164,1.8842909717108849
2024-06-09,0.7424445614287302,69310.46,9773.82967,714103.0,715791327.5301057,83716654861184.62,231.3877763048882,2964.6918604651164,1.4258036627906978,72.0,5346.990234375,3692760000.0,12.220000267028809,2.2026135293633504,1.3160008639919814,1.6720732873176953,1.644276329823516,1.897977367879277
2024-06-10,1.0655865302882894,69648.14,9890.56709,575583.0,636721355.302943,83716654861184.7,392.05677700017446,5019.084967320261,1.533861274509804,75.0,5346.990234375,3692760000.0,12.220000267028809,0.5353434842584227,2.2026135293633504,1.3160008639919814,1.6523757219795123,1.8352938480017096
2024-06-11,2.094790263112032,69540.0,17122.66941,936731.0,578459270.5039809,83716654861184.78,96.75695069654,4734.079136690648,1.5598734244604306,72.0,5360.7900390625,3622280000.0,12.739999771118164,0.7424445614287302,0.5353434842584227,2.2026135293633504,1.5522054130763112,1.7406522421954302
2024-06-12,3.7257937386406,67314.24,41436.01588,1782415.0,511874030.7337383,83716654861184.88,189.6615260873729,3770.2195121951218,1.5732289105691053,74.0,5375.31982421875,3568030000.0,12.850000381469727,1.0655865302882894,0.7424445614287302,0.5353434842584227,1.3278767099123627,1.7406118783534368
2024-06-13,2.0641584541407023,68263.99,37175.32356,1670745.0,607590312.9034619,83716654861184.73,159.3317833427632,4729.86301369863,1.55141256849315,72.0,5421.02978515625,3962840000.0,12.039999961853027,2.094790263112032,1.0655865302882894,0.7424445614287302,1.375550359965786,1.7747080308622616
2024-06-14,2.2489866030261063,66773.01,29079.55571,1518202.0,603428735.4178218,83716654861184.75,174.13683377349736,5043.131034482759,1.5501268482758623,70.0,5433.740234375,3530380000.0,11.9399995803833,3.7257937386406,2.094790263112032,1.0655865302882894,1.668938995869058,1.8186565834037973
2024-06-15,0.6235096219959042,66043.99,28408.18797,1736314.0,532681918.1619392,83716654861184.84,163.57151510868022,4721.4765625,1.4722452656249998,74.0,5431.60009765625,3438650000.0,12.65999984741211,2.0641584541407023,3.7257937386406,2.094790263112032,1.7758186516045897,1.837062010490507
2024-06-16,0.9441205917180914,66228.25,11451.80242,700886.0,557651383.07578,83716654861184.81,569.6633619582827,3380.186567164179,1.4738273358208949,74.0,5431.60009765625,3438650000.0,12.65999984741211,2.2489866030261063,2.0641584541407023,3.7257937386406,1.7824433764135548,1.8185544105433389
2024-06-17,2.172403965546513,66676.87,9392.52223,703295.0,678337130.1593444,83716654861184.66,1399.240864965075,2832.8098159509204,1.572709165644172,71.0,5431.60009765625,3438650000.0,12.65999984741211,0.6235096219959042,2.2489866030261063,2.0641584541407023,1.7950385389474806,1.7715612522594066
2024-06-18,2.0803357976430643,66504.33,27386.16851,1542620.0,582620847.9896209,83716654861184.77,837.8801006724076,3151.535714285714,1.5872569428571428,71.0,5473.22998046875,3447840000.0,12.75,0.9441205917180914,0.6235096219959042,2.2489866030261063,1.8238494004173893,1.7307008391521592
2024-06-19,1.118825011780129,65175.32,42350.10244,2151711.0,632559777.8173028,83716654861184.7,368.7663169704089,4060.5394736842095,1.5836148289473686,74.0,5487.02978515625,3544330000.0,12.300000190734863,2.172403965546513,0.9441205917180914,0.6235096219959042,1.9819661768828498,1.7817259373550927
2024-06-20,1.7722173616768317,64974.37,20060.79576,1078458.0,570136115.5327007,83716654861184.78,230.99916054205025,4631.78102189781,1.6080518759124085,64.0,5487.02978515625,3544330000.0,12.300000190734863,2.0803357976430643,2.172403965546513,0.9441205917180914,1.979901253244426,1.8021566507047682
2024-06-21,2.132421706982709,64869.99,24265.29031,1282687.0,553323137.1046984,83691445854747.97,92.06088997121452,4005.684210526316,1.6200196090225556,60.0,5473.169921875,3847060000.0,13.279999732971191,1.118825011780129,2.0803357976430643,2.172403965546513,1.607477149407216,1.7085259311892247
2024-06-22,0.5471741760050655,64143.56,25993.56442,1362617.0,582332779.002438,83675262295060.0,224.45097585155557,4234.592857142857,1.614444571428572,63.0,5464.6201171875,6773800000.0,13.199999809265137,1.7722173616768317,1.118825011780129,2.0803357976430643,1.5657712790552343,1.6978219730286286
2024-06-23,1.1947358617111712,64262.01,7308.95542,562832.0,632247017.2026471,83675262295060.0,54.3084726590478,4483.026315789473,1.6139125855263152,53.0,5464.6201171875,6773800000.0,13.199999809265137,2.132421706982709,1.7722173616768317,1.118825011780129,1.549119151049035,1.7114717076143615
2024-06-24,3.6792649800605712,63210.01,8224.45447,592759.0,465866223.2019504,83675262295060.0,211.9210391459017,4396.0,1.6591048660714285,55.0,5464.6201171875,6773800000.0,13.199999809265137,0.5471741760050655,2.132421706982709,1.7722173616768317,1.538214087336058,1.6377079221392326
2024-06-25,2.5373275097100856,60293.3,52161.35414,2190787.0,632247017.2026471,83675262295060.0,445.4309480386077,3475.8289473684213,1.6085714473684205,51.0,5447.8701171875,3696750000.0,13.329999923706055,1.1947358617111712,0.5471741760050655,2.132421706982709,1.5740162687636408,1.6072274986482655
2024-06-26,1.3447769194713652,61806.01,31189.24361,1277481.0,515780461.4021594,83675262295060.0,48.12585932472312,4325.379032258064,1.5685320645161285,30.0,5469.2998046875,3591960000.0,12.84000015258789,3.6792649800605712,1.1947358617111712,0.5471741760050655,1.7892821279799347,1.6998288943913464
2024-06-27,1.7224925445918426,60864.99,22485.66463,1112152.0,503301901.8521072,83675262295060.0,86.98738317636483,4056.338842975207,1.6195580165289254,46.0,5477.89990234375,3563920000.0,12.550000190734863,2.5373275097100856,3.6792649800605712,1.1947358617111712,1.8545666582752234,1.7464039921081986
2024-06-28,1.9317781813362176,61706.47,18344.28631,1062176.0,540737580.5022639,83675262295060.0,179.48114470796372,3189.4153846153845,1.6669941153846162,40.0,5482.8701171875,3589530000.0,12.239999771118164,1.3447769194713652,2.5373275097100856,3.6792649800605712,1.8868455022311141,1.7156789651647832
2024-06-29,0.8348885607270395,60427.84,24821.19255,1479626.0,561535179.7523509,83675262295060.0,83.06682856008237,4399.881481481481,1.6269656592592592,47.0,5460.47998046875,7199220000.0,12.4399995803833,1.7224925445918426,1.3447769194713652,2.5373275097100856,1.8797419569332585,1.6912941606027565
2024-06-30,1.9885311955637444,60986.68,11509.55904,767669.0,653044616.4527341,83675262295060.0,130.46958878570882,4536.617834394904,1.6387906496815283,30.0,5460.47998046875,7199220000.0,12.4399995803833,1.9317781813362176,1.7224925445918426,1.3447769194713652,1.8510785961266172,1.710648579121785
2024-07-01,1.9886718698527677,62772.01,17326.30136,1108912.0,503301901.8521072,83675262295060.0,71.25363443866522,4174.603305785124,1.587947661157025,47.0,5460.47998046875,7199220000.0,12.4399995803833,0.8348885607270395,1.9317781813362176,1.7224925445918426,1.892180651086899,1.6742863422161882
2024-07-02,1.4562665250511717,62899.99,24547.10538,1461508.0,586492298.8524554,83675262295060.0,189.83739447797436,4333.77304964539,1.6537716524822694,53.0,5475.08984375,3488760000.0,12.220000267028809,1.9885311955637444,0.8348885607270395,1.9317781813362176,2.0055799844944096,1.6870613976726612
2024-07-03,2.434439827911872,62135.47,18573.11875,1308816.0,615608937.8025774,83675262295060.0,799.9388003810303,4001.925675675676,1.6382458175675665,51.0,5509.009765625,3329950000.0,12.029999732971191,1.9886718698527677,1.9885311955637444,0.8348885607270395,1.7640666830361518,1.7373955353622053
2024-07-04,4.332955080191482,60208.58,32160.11127,1839372.0,603130378.2525251,83675262295060.0,332.0442412416332,3758.9241379310342,1.6488930965517232,50.0,5537.02001953125,2179470000.0,12.09000015258789,1.4562665250511717,1.9886718698527677,1.9885311955637444,1.6096293995134499,1.7378165287388732
2024-07-05,4.9754091366181665,57050.01,54568.77276,2523236.0,582332779.002438,83675262295060.0,219.4821559817718,3843.55,1.540278085714286,44.0,5537.02001953125,2179470000.0,12.09000015258789,2.434439827911872,1.4562665250511717,1.9886718698527677,1.765295529290665,1.7311016079214048
2024-07-06,1.8037556299885948,56628.79,81348.24756,3749255.0,481691507.2021622,80082477459597.12,103.21137422878496,4054.0247933884298,1.5924181322314042,29.0,5567.18994140625,3253080000.0,12.479999542236328,4.332955080191482,2.434439827911872,1.4562665250511717,2.138218748662042,1.8168309535031848
2024-07-07,2.376206479793196,58230.13,21651.31558,1411065.0,652035052.9717106,79495195323031.3,1593.9529934338836,3988.133333333333,1.5184160121212114,26.0,5567.18994140625,3253080000.0,12.479999542236328,4.9754091366181665,4.332955080191482,2.434439827911872,2.5730231708451776,1.9269421484798672
2024-07-08,4.748125320913948,55857.81,19118.93918,1289229.0,557193590.72128,79495195323031.17,976.2868456145228,4778.382978723404,1.5714191276595744,29.0,5567.18994140625,3253080000.0,12.479999542236328,1.8037556299885948,4.9754091366181665,4.332955080191482,2.711432752168257,1.9432006406797544
2024-07-09,2.151300588712727,56714.62,48090.2049,2554389.0,628324687.409103,79495195323031.27,243.17943310403143,3729.622641509434,1.6093622012578623,28.0,5572.85009765625,3185670000.0,12.369999885559082,2.376206479793196,1.8037556299885948,4.9754091366181665,2.7668149356296077,1.9489870723607494
2024-07-10,2.827766523808224,58050.0,27732.20788,1757693.0,608566049.4402633,79495195323031.25,81.20666373034778,4246.993506493506,1.5649307142857145,27.0,5576.97998046875,3232920000.0,12.510000228881836,4.748125320913948,2.376206479793196,1.8037556299885948,3.16102257149549,2.0894131335826
2024-07-11,2.5226867960964743,57725.85,24951.73799,1766696.0,537434952.7524403,79495195323031.14,222.10155948054864,4645.183823529412,1.550128764705882,28.0,5633.91015625,3336100000.0,12.850000381469727,2.151300588712727,4.748125320913948,2.376206479793196,3.2603131520185693,2.1363750011587332
2024-07-12,2.265555762295733,57339.89,29761.05735,2157661.0,553241863.127512,79495195323031.17,128.68471308329987,4586.185714285714,1.5906161785714292,29.0,5584.5400390625,4020950000.0,12.920000076293945,2.827766523808224,2.151300588712727,4.748125320913948,3.3165026800037625,2.1951143342760644
2024-07-13,2.1792582129477838,57889.1,23652.4569,1749738.0,592759139.0651915,79495195323031.23,452.5638822597545,4389.033333333334,1.5721853666666672,25.0,5615.35009765625,3700280000.0,12.460000038146973,2.5226867960964743,2.827766523808224,2.151300588712727,3.057892925133047,2.2093775520422128
2024-07-14,2.9266806165172876,59204.02,15357.74519,1114391.0,608566049.4402633,79495195323031.25,572.0761854818223,4777.181818181818,1.557888032467532,25.0,5615.35009765625,3700280000.0,12.460000038146973,2.265555762295733,2.5226867960964743,2.827766523808224,2.6707710145155565,2.160702952830717
2024-07-15,2.866782894480925,60797.91,21178.33907,1456088.0,659938508.1592464,79495195323031.31,11600.296769124392,3512.263473053892,1.6551219041916163,33.0,5615.35009765625,3700280000.0,12.460000038146973,2.1792582129477838,2.265555762295733,2.5226867960964743,2.724414240652584,2.1645396114576196
2024-07-16,3.078107265728948,64724.14,38690.9782,2600425.0,604614321.8464954,79495195323031.23,924.5922361676828,3613.732026143791,1.63372854248366,52.0,5631.22021484375,3620470000.0,13.119999885559082,2.9266806165172876,2.1792582129477838,2.265555762295733,2.8030534030417393,2.1871294119073257
2024-07-17,1.7485727283580836,65043.99,42530.52915,2484783.0,580903956.2838876,79495195323031.2,62.033397143761285,3599.020408163265,1.5783363129251688,65.0,5667.2001953125,4041760000.0,13.1899995803833,2.866782894480925,2.9266806165172876,2.1792582129477838,2.5342901992655937,2.2619051876568266
2024-07-18,2.0110143163945087,64087.99,29567.52954,1868671.0,628324687.409103,79495195323031.27,76.81679522311592,3873.396226415094,1.6037711446540888,69.0,5588.27001953125,4246450000.0,14.479999542236328,3.078107265728948,2.866782894480925,2.9266806165172876,2.6666911531250537,2.3330380767905217
2024-07-19,2.4517616116057193,63987.92,22568.7225,1696742.0,515102118.2359712,80326252623417.58,89.40303346776993,3454.062015503876,1.6533775271317823,61.0,5544.58984375,4007510000.0,15.930000305175781,1.7485727283580836,3.078107265728948,2.866782894480925,2.5125206109178904,2.3189103688842407
2024-07-20,1.2563078542193822,66660.0,35634.72739,2184889.0,599556361.5235602,82047728459932.77,123.0145394782667,3455.374149659864,1.5824888707482991,60.0,5505.0,3760570000.0,16.520000457763672,2.0110143163945087,1.7485727283580836,3.078107265728948,2.4394245423890384,2.3165996528426223
2024-07-21,2.252840317014094,67139.96,14386.92434,995093.0,672971426.1999145,82047728459932.67,1366.410227610119,4123.242424242424,1.6002470060606069,74.0,5505.0,3760570000.0,16.520000457763672,2.4517616116057193,2.0110143163945087,1.7485727283580836,2.4660253780047507,2.3610308728368086
2024-07-22,2.156642613448464,68165.34,21819.11191,1322942.0,689285885.0168821,82047728459932.66,96.47675866543226,5086.5621301775145,1.5801124852070998,74.0,5505.0,3760570000.0,16.520000457763672,1.2563078542193822,2.4517616116057193,2.0110143163945087,2.3341753267578365,2.3438338892548938
2024-07-23,2.7838648866171436,67532.01,21451.04303,1558140.0,730072032.0593011,82047728459932.62,144.4741353587211,4608.932960893855,1.599160575418994,70.0,5564.41015625,3375180000.0,14.90999984741211,2.252840317014094,1.2563078542193822,2.4517616116057193,2.237912426828809,2.347847842922606
2024-07-24,2.2088456063188056,65936.01,31406.15316,1772089.0,689285885.0168821,82047728459932.66,124.91402762792968,4964.360946745562,1.591590289940827,71.0,5555.740234375,3500210000.0,14.720000267028809,2.156642613448464,2.252840317014094,1.2563078542193822,2.1364638152527426,2.4014967908373865
2024-07-25,2.6459487771033574,65376.0,23082.56277,1391053.0,571006058.5938667,82047728459932.8,66.72214552880767,4260.414285714286,1.6064718928571426,69.0,5427.1298828125,3945550000.0,18.040000915527344,2.7838648866171436,2.156642613448464,2.252840317014094,2.094429189665342,2.454467758334252
2024-07-26,2.2790212143106032,65799.95,35126.42934,1830360.0,664814196.7914306,82047728459932.69,92.72914305806856,4415.40490797546,1.5924451963190178,68.0,5399.22021484375,4592120000.0,18.459999084472656,2.2088456063188056,2.7838648866171436,2.156642613448464,2.1601824579454454,2.4054537792095263
2024-07-27,2.61967527664257,67907.99,24244.36023,1406982.0,652578352.6787051,82047728459932.7,170.77034913290498,2869.16875,1.77243459375,68.0,5459.10009765625,3638770000.0,16.389999389648438,2.6459487771033574,2.2088456063188056,2.7838648866171436,2.250887380903852,2.4090744881226356
2024-07-28,1.410223187150277,67896.5,31710.21921,1690591.0,628106664.4532535,82047728459932.73,77.2629709122397,2894.3506493506493,1.7683435324675314,72.0,5459.10009765625,3638770000.0,16.389999389648438,2.2790212143106032,2.6459487771033574,2.2088456063188056,2.226210181290264,2.4402159646172765
2024-07-29,3.168076746171862,68249.88,10868.69394,821210.0,603634976.227802,82047728459932.75,235.2123114681014,5092.5878378378375,1.628477418918919,71.0,5459.10009765625,3638770000.0,16.389999389648438,2.61967527664257,2.2790212143106032,2.6459487771033574,2.4209769559221486,2.4701220556856343
2024-07-30,1.7643242985818992,66784.69,36467.29633,1952812.0,725993417.3550591,82047728459932.62,133.83901299825072,4641.1741573033705,1.62134443258427,74.0,5463.5400390625,3379970000.0,16.600000381469727,1.410223187150277,2.61967527664257,2.2790212143106032,2.3006030802273174,2.45273688921277
2024-07-31,2.671414818528608,66188.0,23132.25441,1622083.0,611792205.6362859,82047728459932.75,150.0839375296011,4553.973333333333,1.72703284,67.0,5436.43994140625,3777740000.0,17.690000534057617,3.168076746171862,1.410223187150277,2.61967527664257,2.445093670616374,2.530509828727597
2024-08-01,3.4134634053097552,64628.0,22625.43905,1609976.0,613215974.0238556,87487947532070.14,60.15362800820981,3991.624113475177,1.6711334255319157,61.0,5522.2998046875,4546910000.0,16.360000610351562,1.7643242985818992,3.168076746171862,1.410223187150277,2.2994450151827683,2.5230362654948686
2024-08-02,3.9865342090484694,65354.02,35542.26854,2397257.0,630987879.9602102,90666502495566.0,149.22765448283852,3888.785714285714,1.647649085714286,52.0,5446.68017578125,4703620000.0,18.59000015258789,2.671414818528608,1.7643242985818992,3.168076746171862,2.3655263312127395,2.5457943637840637
2024-08-03,2.387854345225895,61498.33,38820.42937,2457735.0,563382035.6787592,90666502495566.0,4382.763773109804,3280.904,1.623253176,57.0,5346.56005859375,5156450000.0,23.389999389648438,3.4134634053097552,2.671414818528608,1.7643242985818992,2.475171278099368,2.6110342597926834
2024-08-04,3.776938272342763,60697.99,28034.71567,1669555.0,608452598.53306,90666502495566.0,4436.693712843273,3733.792592592592,1.630010562962963,37.0,5346.56005859375,5156450000.0,23.389999389648438,3.9865342090484694,3.4134634053097552,2.671414818528608,2.719101705919063,2.662770739163903
2024-08-05,10.078117154165902,58161.0,31616.52003,1886195.0,644509048.8165007,90666502495566.0,5589.114754052801,3668.496503496504,1.5864102167832166,34.0,5346.56005859375,5156450000.0,23.389999389648438,2.387854345225895,3.9865342090484694,3.4134634053097552,2.6859844300023954,2.597934047998384
2024-08-06,4.905236836926574,54018.81,162065.59186,7568497.0,703100780.5270916,90666502495566.0,1928.667149810699,3518.3141025641025,1.6355677692307693,26.0,5186.330078125,5333250000.0,38.56999969482422,3.776938272342763,2.387854345225895,3.9865342090484694,3.024086585029893,2.5579850191892035
2024-08-07,3.109059888411964,56022.01,55884.77676,3433824.0,630987879.9602102,90666502495566.0,64.00515787412023,3465.5214285714287,1.6217257785714287,17.0,5240.02978515625,4690190000.0,27.709999084472656,10.078117154165902,3.776938272342763,2.387854345225895,4.011235214743327,2.8337970699951134
2024-08-08,5.768196182223183,55134.16,44269.37684,2397504.0,549860866.8224689,90666502495566.0,146.85655559854223,3115.5491803278687,1.6427921721311478,29.0,5199.5,4558260000.0,27.850000381469727,4.905236836926574,10.078117154165902,3.776938272342763,4.459937005935424,2.918098081899559
2024-08-09,2.273333368982377,61685.99,48349.52949,2603042.0,581410260.8204794,90666502495566.0,97.45332926389126,3778.2868217054265,1.585968031007752,20.0,5319.31005859375,4016830000.0,23.790000915527344,3.109059888411964,4.905236836926574,10.078117154165902,4.522457730204474,2.8634625674828267
2024-08-10,1.268991512584845,60837.99,30972.48017,1827809.0,585917317.1059096,90666502495566.0,97.35033220628657,3049.376923076923,1.8428254230769232,48.0,5344.16015625,3516400000.0,20.3700008392334,5.768196182223183,3.109059888411964,4.905236836926574,4.858848126906393,2.9840257539331754
2024-08-11,2.607285065349404,60923.51,9995.20621,800499.0,581410260.8204794,90666502495566.0,242.76200709164937,4254.085271317829,1.6057187596899232,40.0,5344.16015625,3516400000.0,20.3700008392334,2.273333368982377,5.768196182223183,3.109059888411964,4.614105149754094,2.965544648772314
2024-08-12,5.391925125248961,58712.59,19189.84512,1319469.0,725636061.954242,90666502495566.0,364.32973548401714,4005.055900621118,1.5411615900621116,39.0,5344.16015625,3516400000.0,20.3700008392334,1.268991512584845,2.273333368982377,5.768196182223183,4.454267602233943,2.9237548059885925
2024-08-13,3.482577538190433,59346.64,37009.91743,2293837.0,617466711.1039201,90666502495566.0,33.14726957552729,3284.846715328468,1.6727004306569342,25.0,5344.39013671875,3360160000.0,20.709999084472656,2.607285065349404,1.268991512584845,2.273333368982377,4.2871742869491785,2.9351457827570484
2024-08-14,2.809216305560353,60587.15,27858.95851,1713485.0,671551386.529081,90666502495566.0,78.49417379810122,3890.053691275168,1.6035235436241613,31.0,5434.43017578125,3648980000.0,18.1200008392334,5.391925125248961,2.607285065349404,1.268991512584845,3.617718282818187,3.0422346798337547
2024-08-15,3.754850202007743,58683.39,28422.76326,1729342.0,594742777.8026003,90637752282067.48,65.29500300447117,3823.492424242424,1.626691075757575,30.0,5455.2099609375,3380050000.0,16.190000534057617,3.482577538190433,5.391925125248961,2.607285065349404,3.4144812401415954,3.0607645772228596
2024-08-16,2.788213122010936,57541.06,37686.17622,2507858.0,690944705.8016886,86871474313762.0,92.50063570904156,4130.775,1.571723850000001,29.0,5543.22021484375,3723310000.0,15.229999542236328,2.809216305560353,3.482577538190433,5.391925125248961,3.3716464425913655,3.058845690925507
2024-08-17,1.0591731069938028,58874.6,27610.84344,1999539.0,613213426.3989986,86871474313762.0,78.3578532598152,4055.007042253521,1.61170576056338,27.0,5554.25,3357690000.0,14.800000190734863,3.754850202007743,2.809216305560353,3.482577538190433,3.0840255882748737,3.0814037888014667
2024-08-18,2.6305551183144003,59491.99,7721.72931,807159.0,643442257.2778225,86871474313762.0,105.82636781440569,4715.03355704698,1.565858899328859,25.0,5554.25,3357690000.0,14.800000190734863,2.788213122010936,3.754850202007743,2.809216305560353,3.157579838707526,3.116058468589895
2024-08-19,1.8016083749941612,58427.35,13634.85717,1099730.0,673671088.1566465,86871474313762.0,89.55480686360922,4933.98717948718,1.6788531410256415,31.0,5554.25,3357690000.0,14.800000190734863,1.0591731069938028,2.788213122010936,3.754850202007743,3.1276057807659474,3.0843304282765382
2024-08-20,3.4260248107603317,59438.5,22809.31251,1636295.0,561392573.463872,86871474313762.0,68.156258167646,4256.876923076923,1.6723899615384612,28.0,5608.25,3222050000.0,14.649999618530273,2.6305551183144003,1.0591731069938028,2.788213122010936,3.130930074046661,3.090290211833494
2024-08-21,2.561155379195724,59013.8,31477.44548,1904519.0,647760661.689083,86871474313762.0,92.69890748687465,4782.246666666667,1.6206142,30.0,5597.1201171875,2994420000.0,15.880000114440918,1.8016083749941612,2.6305551183144003,1.0591731069938028,2.6180276811531185,3.10846689585932
2024-08-22,2.206954632037672,61156.03,27983.6422,1981525.0,634805448.4553014,86871474313762.0,107.84545901046032,4678.1292517006805,1.6009967414965989,26.0,5620.85009765625,3119670000.0,16.270000457763672,3.4260248107603317,1.8016083749941612,2.6305551183144003,2.6099487200916753,3.1475730456508613
2024-08-23,3.0492365587690515,60375.84,21241.20588,1718280.0,690944705.8016886,86871474313762.0,111.11181615553616,4969.3875,1.5881395374999996,39.0,5570.64013671875,2981530000.0,17.549999237060547,2.561155379195724,3.4260248107603317,1.8016083749941612,2.5745114448967286,3.161056804509103
2024-08-24,1.5293743976075418,64037.24,38118.07089,2555682.0,708218323.4467307,86871474313762.0,111.44118484615925,4877.067073170731,1.641721115853659,34.0,5634.60986328125,3291940000.0,15.859999656677246,2.206954632037672,2.561155379195724,3.4260248107603317,2.353383506329575,3.1418264626897874
2024-08-25,0.7224230623657066,64157.01,15857.15616,1551856.0,660715874.9228647,86871474313762.0,145.99569546366223,5192.026143790849,1.598629601307189,56.0,5634.60986328125,3291940000.0,15.859999656677246,3.0492365587690515,2.206954632037672,2.561155379195724,2.3906725687235917,3.169839494438129
2024-08-26,1.3521213734340498,64220.0,12305.47977,1263065.0,574347786.6976537,86871474313762.0,126.65549530877574,5307.052631578948,1.613048879699248,54.0,5634.60986328125,3291940000.0,15.859999656677246,1.5293743976075418,3.0492365587690515,2.206954632037672,2.457844181668412,3.1326203484549353
2024-08-27,3.1897274815300825,62834.0,19470.05276,2152841.0,578666191.1089141,86871474313762.0,170.4497593608839,4483.0,1.669892850746268,55.0,5616.83984375,2938570000.0,16.149999618530273,0.7224230623657066,1.5293743976075418,3.0492365587690515,2.1852538879614554,3.0807337433901054
2024-08-28,3.5202196405089223,59415.0,35135.94178,2995281.0,613213426.3989986,86871474313762.0,105.36243212389785,4745.147887323944,1.6085227253521124,48.0,5625.7998046875,2798990000.0,15.430000305175781,1.3521213734340498,0.7224230623657066,1.5293743976075418,2.1210414591671536,3.0384819466164883
2024-08-29,2.8388972225050733,59034.9,36868.54275,3664134.0,703794017.3679069,87937390901164.8,562.8454254631474,4556.086956521739,1.659849173913043,30.0,5592.18017578125,3053450000.0,17.110000610351562,3.1897274815300825,1.3521213734340498,0.7224230623657066,2.087284697848547,3.0977987564291487
2024-08-30,3.1696174469528415,59359.01,27020.90743,2743900.0,587091196.5963086,89471664776971.25,146.4338977776354,3972.439393939394,1.602930333333333,29.0,5591.9599609375,3065640000.0,15.649999618530273,3.5202196405089223,3.1897274815300825,1.3521213734340498,2.2242938780361468,3.10953685290705
2024-08-31,0.9011902677620377,59123.99,28519.32195,2845696.0,631567802.399059,89471664776971.3,79.77404676971216,3817.612676056338,1.6535853239436622,34.0,5648.39990234375,4185850000.0,15.0,2.8388972225050733,3.5202196405089223,3.1897274815300825,2.314571390960061,3.1453559503711563
2024-09-01,2.5652465708884282,58973.99,8798.409,895944.0,653806105.3004345,89471664776971.31,85.58372711061728,4775.183673469388,1.623522979591837,29.0,5648.39990234375,4185850000.0,15.0,3.1696174469528415,2.8388972225050733,3.5202196405089223,2.3317686607006025,3.161962704651964
2024-09-02,2.058087087663511,57301.86,20705.15741,2153180.0,631567802.399059,89471664776971.3,54.5635388167837,4590.640845070423,1.6964841830985913,26.0,5648.39990234375,4185850000.0,15.0,0.9011902677620377,3.1696174469528415,2.8388972225050733,2.2420280707226734,3.0782202667337066
2024-09-03,2.280162076038354,59132.13,22895.01461,1966119.0,742759316.9059358,89471664776971.4,101.1297371597582,4520.383233532934,1.7305031497005996,26.0,5648.39990234375,4185850000.0,15.0,2.5652465708884282,0.9011902677620377,3.1696174469528415,2.505288571940205,3.030844012128372
2024-09-04,2.90021079076914,57487.73,22828.18447,2208758.0,662701426.4609846,89471664776971.33,69.51300958172054,3911.080536912752,1.7526985771812091,26.0,5528.93017578125,3866350000.0,20.719999313354492,2.058087087663511,2.5652465708884282,0.9011902677620377,2.606140816830128,3.019851770209626
2024-09-05,2.353899878278892,57970.9,35560.82146,3177549.0,671596747.6215348,89471664776971.34,111.463618740222,4786.331125827815,1.6555278940397355,27.0,5520.06982421875,3478140000.0,21.31999969482422,2.280162076038354,2.058087087663511,2.5652465708884282,2.4762029017598812,2.969959230332812
2024-09-06,4.438323212076781,56180.0,27806.91413,3368058.0,689387389.9426349,89471664776971.36,52.169043759433016,4653.232258064516,1.6668929354838715,29.0,5503.41015625,3521650000.0,19.899999618530273,2.90021079076914,2.280162076038354,2.058087087663511,2.3876302089399117,2.730695684886254
2024-09-07,1.4675394831063882,53962.97,54447.76826,5287281.0,644910784.1398844,89471664776971.31,98.08792631584578,4601.841379310345,1.6243628896551732,22.0,5408.419921875,3822800000.0,22.3799991607666,2.353899878278892,2.90021079076914,2.280162076038354,2.318344874050458,2.6456511195979977
2024-09-08,1.9459152053312567,54160.86,16694.04774,1920923.0,702730371.68346,89471664776971.36,90.70649301415546,4945.734177215189,1.634313088607595,23.0,5408.419921875,3822800000.0,22.3799991607666,4.438323212076781,2.353899878278892,2.90021079076914,2.499588554782449,2.6899598970534915
2024-09-09,3.1954272409818483,54869.95,16274.14779,1796092.0,742759316.9059358,89471664776971.4,485.9551272806429,5449.5988023952095,1.6572379640718555,29.0,5408.419921875,3822800000.0,22.3799991607666,1.4675394831063882,4.438323212076781,2.353899878278892,2.5804955855459277,2.546604673749598
2024-09-10,2.0957479166875945,57042.0,32384.51737,3355912.0,644910784.1398844,89471664776971.31,88.05937344422428,3947.572413793104,1.6977459310344822,26.0,5471.0498046875,3825940000.0,19.450000762939453,1.9459152053312567,1.4675394831063882,4.438323212076781,2.4920196761806177,2.5356907349612277
2024-09-11,3.3895911211186935,57635.99,23626.78126,2843148.0,609329499.4976839,89471664776971.27,337.2502314463928,4150.58394160584,1.6184734306569344,33.0,5495.52001953125,3848180000.0,19.079999923706055,3.1954272409818483,1.9459152053312567,1.4675394831063882,2.6544968409403795,2.599905259241128
2024-09-12,2.0437600902108986,57338.0,33026.56757,4045103.0,495458846.64224994,92286401734175.08,55.538067226298,3809.277777777778,1.6362137314814822,37.0,5554.1298828125,3839450000.0,17.690000534057617,2.0957479166875945,3.1954272409818483,1.9459152053312567,2.6281519610331285,2.5828540209524005
2024-09-13,2.7536704314711935,58132.32,31074.40631,3706764.0,700222814.5578787,92671576265160.66,448.8874101841111,3707.375,1.562302078947368,31.0,5595.759765625,3655070000.0,17.06999969482422,3.3895911211186935,2.0957479166875945,3.1954272409818483,2.6980634367973506,2.5161095541480583
2024-09-14,0.9935664217295054,60498.0,29825.23333,3378012.0,566627672.3067043,92671576265160.8,77.7926598484283,3406.8861788617887,1.648040325203252,32.0,5626.02001953125,3500790000.0,16.559999465942383,2.0437600902108986,3.3895911211186935,2.0957479166875945,2.6537577527876373,2.4681489725487404
2024-09-15,1.1458010820736078,59993.03,12137.90901,1288784.0,640335336.9970075,92671576265160.72,176.5118528822333,4597.043165467626,1.6661516618705032,50.0,5626.02001953125,3500790000.0,16.559999465942383,2.7536704314711935,2.0437600902108986,3.3895911211186935,2.4130930698439816,2.466297443412435
2024-09-16,2.4686150851072064,59132.0,13757.92361,1552950.0,695616085.5147347,92671576265160.66,3261.3726509516923,4718.3708609271525,1.6275773178807944,51.0,5626.02001953125,3500790000.0,16.559999465942383,0.9935664217295054,2.7536704314711935,2.0437600902108986,2.3453826325044274,2.374254650736494
2024-09-17,3.448707835675604,58213.99,26477.5642,3145152.0,575841130.3929921,92671576265160.8,73.12668809207955,4036.32,1.6753117120000005,39.0,5633.08984375,3437070000.0,17.139999389648438,1.1458010820736078,0.9935664217295054,2.7536704314711935,2.2310806148961917,2.319507582738583
2024-09-18,2.9676225505082674,60313.99,33116.25878,3918209.0,691009356.4715909,92671576265160.69,2010.6877167571308,3594.0866666666666,1.850085773333334,33.0,5634.580078125,3443600000.0,17.610000610351562,2.4686150851072064,1.1458010820736078,0.9935664217295054,2.1272503069141,2.3664889820090296
2024-09-19,1.7020196588220822,61759.99,36087.02469,5167671.0,635728607.9538636,92671576265160.72,914.066296392004,3923.7391304347834,1.673340188405796,45.0,5618.259765625,3691390000.0,18.229999542236328,3.448707835675604,2.4686150851072064,1.1458010820736078,2.3205302953409586,2.3937607392544034
2024-09-20,1.8594101637482485,62947.99,34332.52608,4438284.0,562020943.2635604,92671576265160.8,68.99550973303295,3735.3032786885246,1.6243991065573766,49.0,5713.64013671875,4024530000.0,16.329999923706055,2.9676225505082674,3.448707835675604,2.4686150851072064,2.2602490709680403,2.4326278784382067
2024-09-21,0.8253618239490393,63201.05,25466.37794,3969296.0,667975711.255871,92671576265160.69,3559.0086345962054,3630.2758620689656,1.661256979310346,54.0,5702.5498046875,7867260000.0,16.149999618530273,1.7020196588220822,2.9676225505082674,3.448707835675604,2.2114290093410665,2.375161040040265
2024-09-22,2.1922008943707842,63348.96,8375.34608,1283611.0,621908420.8244318,92671576265160.72,629.0815400400353,4129.214814814814,1.6540056296296284,54.0,5702.5498046875,7867260000.0,16.149999618530273,1.8594101637482485,1.7020196588220822,2.9676225505082674,2.0836775425235032,2.3517695328586825
2024-09-23,1.4851029079879856,63578.76,14242.19892,2145736.0,626515149.8675756,92671576265160.72,97.92161104299818,4619.338235294118,1.651272705882354,52.0,5702.5498046875,7867260000.0,16.149999618530273,0.8253618239490393,1.8594101637482485,1.7020196588220822,2.059648314269151,2.305716439255728
2024-09-24,2.0199991002743634,63339.99,24078.05287,3999187.0,672582440.299015,92671576265160.69,67.83499414993865,3973.301369863014,1.6690879452054797,50.0,5718.56982421875,3529550000.0,15.890000343322754,2.1922008943707842,0.8253618239490393,1.8594101637482485,2.209134001740176,2.277148583775786
2024-09-25,1.5738732790904455,64262.7,23185.04759,3870157.0,667975711.255871,92671576265160.69,149.8688978003362,3670.4827586206898,1.7281195793103457,54.0,5732.93017578125,3872710000.0,15.390000343322754,1.4851029079879856,2.1922008943707842,0.8253618239490393,2.068632262151716,2.2756728674551345
2024-09-26,2.0931492218306595,63152.01,17813.11168,3355531.0,657005311.2676694,91782581703877.36,127.5257254043368,3496.25,1.7149650138888892,59.0,5722.259765625,3624910000.0,15.40999984741211,2.0199991002743634,1.4851029079879856,2.1922008943707842,1.8645310142372529,2.3189254020520895
2024-09-27,1.717554453013108,65173.99,28373.30593,4361333.0,571298868.1801282,88404402371000.0,190.79398976629,3652.0461538461536,1.597736115384616,50.0,5745.3701171875,4391180000.0,15.369999885559082,1.5738732790904455,2.0199991002743634,1.4851029079879856,1.6654239754632785,2.326317132240636
2024-09-28,0.8788546709561329,65769.95,22048.80487,3498529.0,602061114.928289,88404402371000.0,61.36546098223734,3297.2481751824816,1.736522875912409,61.0,5738.169921875,3898530000.0,16.959999084472656,2.0931492218306595,1.5738732790904455,2.0199991002743634,1.7212996273216465,2.2897645235839885
2024-09-29,0.8073534565223861,65858.0,9127.23316,1341703.0,566904261.5018196,88404402371000.0,75.53749662018058,3935.7131782945735,1.7755218372093031,64.0,5738.169921875,3898530000.0,16.959999084472656,1.717554453013108,2.0931492218306595,1.5738732790904455,1.701034525788055,2.229675684000795
2024-09-30,2.2041146579798685,65602.01,8337.74111,1413449.0,681164035.1378452,88404402371000.0,127.98278282540404,4435.012903225806,1.6417966709677414,63.0,5738.169921875,3898530000.0,16.959999084472656,0.8788546709561329,1.717554453013108,2.0931492218306595,1.7086763610747828,2.1643409322824967
2024-10-01,2.4708697137361098,63327.59,30011.08752,3978584.0,602061114.928289,88404402371000.0,84.14109712519256,4337.401459854014,1.637883576642336,61.0,5762.47998046875,4425730000.0,16.729999542236328,0.8073534565223861,0.8788546709561329,1.717554453013108,1.510841012810726,2.085598799268148
2024-10-02,3.1086644756458357,60805.78,43671.48108,5607069.0,689953248.4944626,88404402371000.0,74.89910298890489,4031.171974522293,1.612238630573248,50.0,5708.75,4025180000.0,19.260000228881836,2.2041146579798685,0.8073534565223861,0.8788546709561329,1.6135569770952805,2.129029612275409
2024-10-03,2.3757153884928606,60649.28,31534.70118,5313210.0,681164035.1378452,88404402371000.0,355.5431622643604,3812.7806451612905,1.6453081999999997,42.0,5709.5400390625,3829050000.0,18.899999618530273,2.4708697137361098,2.2041146579798685,0.8073534565223861,1.677967064732673,2.1258837170369986
2024-10-04,2.3428423159328178,60752.71,26221.43472,5244004.0,694347855.1727712,88404402371000.0,122.51653870674411,3688.462025316456,1.6471649746835448,37.0,5699.93994140625,3597450000.0,20.489999771118164,3.1086644756458357,2.4708697137361098,2.2041146579798685,1.8972229499548716,2.1609029633030756
2024-10-05,0.9628162016793315,62086.0,21294.65994,3798631.0,742688528.6341666,88404402371000.0,435.20937601010206,3322.041420118343,1.740484810650888,41.0,5751.06982421875,3479400000.0,19.209999084472656,2.3757153884928606,3.1086644756458357,2.4708697137361098,1.9375895451923288,2.164088073718226
2024-10-06,1.230755521491623,62058.0,7807.46141,1183175.0,663585608.4246106,88404402371000.0,30.118084649380727,5017.05298013245,1.533021211920529,49.0,5751.06982421875,3479400000.0,19.209999084472656,2.3428423159328178,2.3757153884928606,3.1086644756458357,2.026916382752287,2.1455091245570155
2024-10-07,3.322720503379613,62819.91,8906.86177,1556553.0,667980215.1029191,88404402371000.0,104.74256847981734,4882.618421052632,1.573013848684211,50.0,5751.06982421875,3479400000.0,19.209999084472656,0.9628162016793315,2.3428423159328178,2.3757153884928606,2.0389108871413155,2.0991396686703636
2024-10-08,1.802711774683024,62224.0,25966.1852,4809342.0,681164035.1378452,88404402371000.0,52.21685606231552,4630.322580645161,1.5931405290322576,50.0,5695.93994140625,3637790000.0,22.639999389648438,1.230755521491623,0.9628162016793315,2.3428423159328178,2.0993968964226353,1.9922207456508583
2024-10-09,2.140924300857168,62160.49,19702.22371,3798438.0,733899315.2775493,88404402371000.0,75.60879729675328,4308.131736526946,1.595826311377245,49.0,5751.1298828125,3393400000.0,21.420000076293945,3.322720503379613,1.230755521491623,0.9628162016793315,2.2591977314797416,2.054060112993299
2024-10-10,2.0849451765081626,60636.02,20011.15684,3668363.0,574966972.3426994,91073716327740.78,61.68359013518666,4227.456692913386,1.5759534960629924,49.0,5792.0400390625,3650340000.0,20.860000610351562,1.802711774683024,3.322720503379613,1.230755521491623,2.163746597329301,2.0492866653050243
2024-10-11,1.9504845114013207,60326.39,23967.92481,3872577.0,709250575.4670075,92049594548484.64,71.87332372947093,4814.264516129032,1.5618437677419352,39.0,5780.0498046875,3208790000.0,20.93000030517578,2.140924300857168,1.802711774683024,3.322720503379613,2.0254980009309196,2.0141365673008687
2024-10-12,0.9968427330141678,62540.0,23641.35209,3222180.0,640613423.0024583,92049594548484.72,47.105668494590205,4523.228571428572,1.624266121428571,32.0,5815.02978515625,3208720000.0,20.459999084472656,2.0849451765081626,2.140924300857168,1.802711774683024,1.98395939921882,2.013776475961554
2024-10-13,1.2968222889228191,63206.22,10911.30116,1770837.0,654340853.4953684,92049594548484.7,42.510536961979504,5149.097902097902,1.5376059440559438,49.0,5815.02978515625,3208720000.0,20.459999084472656,1.9504845114013207,2.0849451765081626,2.140924300857168,1.9279082842857491,1.9658062556376417
2024-10-14,3.4522323693886894,62870.02,11909.21995,2242529.0,631461802.673852,92049594548484.72,97.84718002862591,4701.007246376812,1.5376229927536234,50.0,5815.02978515625,3208720000.0,20.459999084472656,0.9968427330141678,1.9504845114013207,2.0849451765081626,1.9327692173335829,1.9309090103977509
2024-10-15,4.951051710442437,66083.99,37669.95222,4977577.0,636037612.8381552,92049594548484.72,67.42599687566913,4400.597122302158,1.5762032589928054,48.0,5859.85009765625,3005250000.0,19.700000762939453,1.2968222889228191,0.9968427330141678,1.9504845114013207,1.9422073269666107,1.882347405646138
2024-10-16,1.5460119481374979,67074.14,43683.95423,6245619.0,713826385.6313109,92049594548484.64,102.34815476106075,4146.73717948718,1.6123338269230774,65.0,5815.259765625,3882120000.0,20.639999389648438,3.4522323693886894,1.2968222889228191,0.9968427330141678,1.9607090221107646,1.9643029372347776
2024-10-17,1.6954419400132783,67620.01,29938.25544,5109685.0,645189233.1667618,92049594548484.7,55.976922049714666,5023.702127659574,1.5320078652482263,73.0,5842.47021484375,3467230000.0,19.579999923706055,4.951051710442437,3.4522323693886894,1.2968222889228191,2.4104718700763947,2.091144624847072
2024-10-18,2.066440773571283,67421.78,25328.22861,3981960.0,718402195.7956142,92049594548484.64,93.87514734355376,4159.407643312102,1.6180906496815295,71.0,5841.47021484375,3480010000.0,19.110000610351562,1.5460119481374979,4.951051710442437,3.4522323693886894,2.3254843911164422,2.060391186948082
2024-10-19,0.6818046243132617,68428.0,28725.635,4010969.0,622310182.3452455,92049594548484.72,105.51791146289683,3487.345588235294,1.5122127941176475,73.0,5864.669921875,3374490000.0,18.030000686645508,1.6954419400132783,1.5460119481374979,4.951051710442437,2.2698410716171726,2.001948990426004
2024-10-20,0.9368880688987795,68378.0,8193.66737,1152428.0,791615158.4244666,92049594548484.58,210.72693965893103,4251.797687861272,1.6872832023121385,72.0,5864.669921875,3374490000.0,18.030000686645508,2.066440773571283,1.6954419400132783,1.5460119481374979,2.2864062519271675,1.971909597861438
2024-10-21,1.943269574043761,69031.99,12442.47378,1563795.0,791615158.4244666,92049594548484.58,684.93721482875,4497.531791907514,1.5811884450867058,73.0,5864.669921875,3374490000.0,18.030000686645508,0.6818046243132617,2.066440773571283,1.6954419400132783,2.241400807827038,1.9379024300444774
2024-10-22,1.769036979472073,67377.5,31374.42184,3686777.0,782463538.0958601,92049594548484.58,266.66627073784446,4883.105263157895,1.5792821403508777,72.0,5853.97998046875,3407010000.0,18.3700008392334,0.9368880688987795,0.6818046243132617,2.066440773571283,2.1899816335378897,1.9071516935494952
2024-10-23,1.6649485027696038,67426.0,24598.96268,3669291.0,638125714.2515116,93021007793487.48,67.56391340450051,5073.724637681159,1.5767449927536237,70.0,5851.2001953125,3342080000.0,18.200000762939453,1.943269574043761,0.9368880688987795,0.6818046243132617,1.9744155199171856,1.944415285219319
2024-10-24,1.8401302652048899,66668.65,25530.2407,3807365.0,718143298.2753785,95672703408224.0,217.8135157352042,4405.211920529801,1.604572754966887,71.0,5797.419921875,3532650000.0,19.239999771118164,1.769036979472073,1.943269574043761,0.9368880688987795,1.5198419869214193,1.9303098213893621
2024-10-25,2.1405790682483916,68198.28,22589.83877,3797462.0,699119634.7449049,95672703408224.0,40.251326160303925,4638.326530612245,1.5800983265306123,69.0,5809.85986328125,3543030000.0,19.079999923706055,1.6649485027696038,1.769036979472073,1.943269574043761,1.5368329232974343,1.9363046745487495
2024-10-26,0.6963754777520036,66698.33,34479.71125,5332593.0,727655130.0406153,95672703408224.0,164.00427504932043,3424.928104575164,1.748851071895425,72.0,5808.1201171875,3501280000.0,20.329999923706055,1.8401302652048899,1.6649485027696038,1.769036979472073,1.5575026840390933,1.9303090467131
2024-10-28,1.3978793286983222,68021.7,8653.19592,1771989.0,765702457.1015625,95672703408224.0,249.60006692750667,4352.88198757764,1.7305607329192545,74.0,5808.1201171875,3501280000.0,20.329999923706055,0.6963754777520036,2.1405790682483916,1.8401302652048899,1.5701754194842146,1.90264011488241
2024-10-29,2.423369119138863,69962.21,29046.75459,4432446.0,798993868.2798914,95672703408224.0,204.06699448445295,4183.476190476191,1.7032118630952378,72.0,5823.52001953125,3691280000.0,19.799999237060547,0.9879127986579874,0.6963754777520036,2.1405790682483916,1.5774646665926728,1.8783187264039058
2024-10-30,2.1195443933502376,72736.42,50128.60594,5645430.0,746678793.571089,95672703408224.0,72.96679605339473,3917.076433121019,1.7056745286624198,72.0,5832.919921875,3879100000.0,19.34000015258789,1.3978793286983222,0.9879127986579874,0.6963754777520036,1.4995517744004674,1.8956195483286455
2024-10-31,2.086569440977869,72344.74,26885.99056,4040734.0,803749784.1625097,95672703408224.0,87.72738842057913,4036.0887573964496,1.7239887218934913,77.0,5813.669921875,3851120000.0,20.350000381469727,2.423369119138863,1.3978793286983222,0.9879127986579874,1.5930277943528657,1.949486737082528
2024-11-01,3.537779285219226,70292.01,29352.10297,4525542.0,751434709.4537071,95672703408224.0,586.5920420864463,3558.462025316456,1.7295899810126585,77.0,5705.4501953125,4425660000.0,23.15999984741211,2.1195443933502376,2.423369119138863,1.3978793286983222,1.6579700644358137,1.9466677282615406
2024-11-02,0.7274363749457095,69496.01,38301.86755,4569271.0,727655130.0406153,95672703408224.0,261.59219292429987,3580.967320261438,1.764261437908497,75.0,5728.7998046875,3796450000.0,21.8799991607666,2.086569440977869,2.1195443933502376,2.423369119138863,1.6931756609748105,1.933857719169599
2024-11-03,2.134347503731684,69374.74,10521.67243,1603561.0,670584139.4491944,95672703408224.0,224.99245918457987,3862.496453900709,1.7361215390070937,72.0,5728.7998046875,3796450000.0,21.8799991607666,3.537779285219226,2.086569440977869,2.1195443933502376,1.8927756919706442,1.948161546155379
2024-11-04,2.4816944454000303,68775.99,24995.70243,3668029.0,627780896.505629,95672703408224.0,2536.251727863783,3450.0151515151515,1.7792204090909085,74.0,5728.7998046875,3796450000.0,21.8799991607666,0.7274363749457095,3.537779285219226,2.086569440977869,1.8972129629983165,1.8932189123704737
2024-11-05,3.011748214626838,67850.01,29800.39187,5377048.0,720519107.2542773,95989214149657.64,1284.271463714962,3025.337748344371,1.7856359337748349,70.0,5712.68994140625,3602060000.0,21.979999542236328,2.134347503731684,0.7274363749457095,3.537779285219226,2.060989349437416,1.8862690852971027
2024-11-06,4.731145014860337,69372.01,33355.06888,4955644.0,702351988.6923242,101646843652784.64,96.96382242499708,3347.3812949640287,1.7428261294964031,70.0,5782.759765625,3768310000.0,20.489999771118164,2.4816944454000303,2.134347503731684,0.7274363749457095,2.2158200803948027,1.9368983600877925
2024-11-07,2.2392649483917326,75571.99,104126.994787,8434184.0,773092476.7620546,101646843652784.58,71.68171448506725,3278.699346405229,1.6654647777777776,70.0,5929.0400390625,6329530000.0,16.270000457763672,3.011748214626838,2.4816944454000303,2.134347503731684,2.299874236893085,1.9962647831922997
2024-11-08,1.9217290367396702,75857.89,44869.422345,5207722.0,788251152.776997,101646843652784.56,107.9009763313348,3545.173076923077,1.6974526346153846,77.0,5973.10009765625,4925740000.0,15.199999809265137,4.731145014860337,3.011748214626838,2.4816944454000303,2.6729600399659565,2.043212266908324
2024-11-09,0.7508632269383279,76509.78,36521.099583,4877489.0,717510664.7072663,101646843652784.62,51.70310949108229,3501.0281690140846,1.626071633802817,75.0,5995.5400390625,4666740000.0,14.9399995803833,2.2392649483917326,4.731145014860337,3.011748214626838,2.6947736838822225,2.057764039365281
2024-11-10,3.4479784356059797,76677.46,16942.07915,2585264.0,702351988.6923242,101646843652784.64,49.60853457877571,4153.726618705036,1.5508324028776972,75.0,5995.5400390625,4666740000.0,14.9399995803833,1.9217290367396702,2.2392649483917326,4.731145014860337,2.4639093626708575,2.0504575305613644
2024-11-11,3.427399940119691,80370.01,61830.100435,7128598.0,747828016.7371509,101646843652784.6,85.17993910328656,3772.1486486486488,1.63745254054054,78.0,5995.5400390625,4666740000.0,14.9399995803833,0.7508632269383279,1.9217290367396702,2.2392649483917326,2.4672560558126606,2.00598813224237
2024-11-12,4.247773613437644,88647.99,82323.665776,9348890.0,687193312.6773819,101646843652784.64,57.807593990835215,3400.426470588235,1.6281852941176476,76.0,6001.35009765625,4333000000.0,14.970000267028809,3.4479784356059797,0.7508632269383279,1.9217290367396702,2.654917617508988,2.055904596382525
2024-11-13,5.162262003066536,87952.01,97299.887911,11499058.0,737722232.7271894,101646843652784.6,85.24673267514322,3449.8424657534247,1.605913643835616,80.0,5983.990234375,4243400000.0,14.710000038146973,3.427399940119691,3.4479784356059797,0.7508632269383279,2.7900184024689394,2.136923169952709
2024-11-14,4.228420977652848,90375.2,86763.854127,11962100.0,697299096.6873435,101646843652784.64,28.92374928204234,4137.528985507246,1.564433898550725,84.0,5985.3798828125,4220180000.0,14.020000457763672,4.247773613437644,3.427399940119691,3.4479784356059797,2.966593459441912,2.235288214103203
2024-11-15,3.221796741666002,87325.59,56729.51086,9828858.0,641717284.6325549,101646843652784.69,86.1607218073496,3965.086614173229,1.5711467007874016,88.0,5949.169921875,4184570000.0,14.3100004196167,5.162262003066536,4.247773613437644,3.427399940119691,3.0281816006142255,2.2922892018924648
2024-11-16,1.4248112057264963,91032.07,47927.95068,8009111.0,757933800.7471123,101646843652784.6,152.69152442207238,3748.153333333333,1.6060087066666655,80.0,5870.6201171875,4590960000.0,16.139999389648438,4.228420977652848,5.162262003066536,4.247773613437644,3.312346747651528,2.2682015107994786
2024-11-17,1.8430497105679435,90586.92,22717.87689,4239455.0,793304044.7819778,101646843652784.56,230.4101415339105,3838.566878980892,1.6703567643312096,86.0,5870.6201171875,4590960000.0,16.139999389648438,3.221796741666002,4.228420977652848,5.162262003066536,3.498070705498147,2.3240610039170955
2024-11-18,4.209939755159491,89855.99,23867.55609,4930719.0,757933800.7471123,101646843652784.6,101.30377540744772,3989.973333333333,1.704733706666667,90.0,5870.6201171875,4590960000.0,16.139999389648438,1.4248112057264963,3.221796741666002,4.228420977652848,3.5943489881821704,2.3150399794408694
2024-11-19,2.7089422934502156,90464.08,46545.03448,7161125.0,789177471.4803329,101766294632436.23,56.112427435774826,4316.076923076923,1.5984520128205133,83.0,5893.6201171875,3983860000.0,15.579999923706055,1.8430497105679435,1.4248112057264963,3.221796741666002,3.3650734560338798,2.307593610674091
2024-11-20,1.656224419800292,92310.79,43660.04682,5647789.0,889845955.1158988,102289407543324.0,73.75252577910798,4633.171428571429,1.5759867999999997,90.0,5916.97998046875,4036940000.0,16.350000381469727,4.209939755159491,1.8430497105679435,1.4248112057264963,3.476864858182423,2.4251981150356325
2024-11-21,2.9658729792143146,94286.56,42203.198712,7365987.0,747470602.2973549,102289407543324.0,50.24540789496055,4522.897959183673,1.543573904761905,83.0,5917.10986328125,3772620000.0,17.15999984741211,2.7089422934502156,4.209939755159491,1.8430497105679435,3.2570318124699327,2.4842665891873468
2024-11-22,2.1622276481743743,98317.12,69228.360477,9048605.0,732216100.2096539,102289407543324.0,73.64505914599884,3461.8888888888887,1.592671034722222,82.0,5948.7099609375,4230120000.0,16.8700008392334,1.656224419800292,2.7089422934502156,4.209939755159491,2.756169300574755,2.4746984173792312
2024-11-23,1.1334437380350182,98892.0,46189.309243,7271311.0,727131266.1804202,102289407543324.0,99.66954293387168,3778.3566433566434,1.584046202797203,94.0,5969.33984375,4141420000.0,15.239999771118164,2.9658729792143146,1.656224419800292,2.7089422934502156,2.5758053007978217,2.5145929507039724
2024-11-24,2.1772919976721776,97672.4,24757.84367,3839138.0,701707096.0342517,102289407543324.0,96.9685291552618,3222.4565217391305,1.5987473768115943,93.0,5969.33984375,4141420000.0,15.239999771118164,2.1622276481743743,2.9658729792143146,1.656224419800292,2.4244382874418755,2.531168922217465
2024-11-25,3.3822505895885815,97900.04,31200.97838,4964720.0,681367759.9173166,102289407543324.0,344.6907882532905,3457.3805970149256,1.6317732910447762,80.0,5969.33984375,4141420000.0,15.239999771118164,1.1334437380350182,2.1622276481743743,2.9658729792143146,2.38281436348595,2.5076127046451355
2024-11-26,3.5238200761287253,93010.01,50847.45096,8289691.0,859336950.9404964,102289407543324.0,402.374327656638,3579.112426035503,1.6560957218934915,82.0,5987.3701171875,5633150000.0,14.600000381469727,2.1772919976721776,1.1334437380350182,2.1622276481743743,2.4305632616436976,2.508836468959262
2024-11-27,2.083721910221949,91965.16,57858.73138,10225809.0,706791930.0634853,102289407543324.0,57.5005337423613,3422.223021582734,1.5461724892086326,79.0,6021.6298828125,3835170000.0,14.100000381469727,3.3822505895885815,2.1772919976721776,1.1334437380350182,2.3123219522764247,2.5983656393538146
2024-11-28,1.6955875546549544,95863.11,41153.42734,6648690.0,676282925.8880831,102289407543324.0,127.91235615014052,3474.5789473684213,1.640345639097744,75.0,5998.740234375,3363340000.0,14.100000381469727,3.5238200761287253,3.3822505895885815,2.1772919976721776,2.428733064087641,2.682895881936173
2024-11-29,1.9984351357518304,95643.98,28814.54357,4988161.0,722046432.1511863,102289407543324.0,64.36352879013255,3686.478873239437,1.6395232042253516,77.0,5998.740234375,3363340000.0,14.100000381469727,2.083721910221949,3.5238200761287253,3.3822505895885815,2.489804134147877,2.705757301320293
2024-11-30,1.407889067298055,97460.0,27701.78231,5094070.0,615264917.5372787,102289407543324.0,56.095014755638736,2824.6363636363635,1.504183644628099,78.0,6032.3798828125,2444420000.0,13.510000228881836,1.6955875546549544,2.083721910221949,3.5238200761287253,2.3083347877822544,2.6814979158374967
2024-12-01,1.4865726295267805,96407.99,14503.83306,3354759.0,833912780.7943279,102289407543324.0,267.44044206104627,3908.189024390244,1.634260103658536,84.0,6032.3798828125,2444420000.0,13.510000228881836,1.9984351357518304,1.6955875546549544,2.083721910221949,2.2849358574361767,2.6774609405842162
2024-12-02,3.220612070799896,97185.18,16938.60452,3342200.0,803403776.6189257,102289407543324.0,80.95621711392567,4419.132911392405,1.5747089240506325,81.0,6032.3798828125,2444420000.0,13.510000228881836,1.407889067298055,1.9984351357518304,1.6955875546549544,2.324142333045182,2.6548382614615558
2024-12-03,2.6132879151145274,95840.62,37958.66981,7560103.0,649582756.2207783,102892719959890.12,63.495815524346646,2455.2047244094488,1.5333071968503935,80.0,6047.14990234375,4412470000.0,13.34000015258789,1.4865726295267805,1.407889067298055,1.9984351357518304,2.2254681375958394,2.5864647062718076
2024-12-04,2.877268724480955,95849.69,35827.32283,5361712.0,811042070.6273791,103919634711492.0,33.69275514813745,2799.484076433121,1.5476642101910822,76.0,6049.8798828125,4095000000.0,13.300000190734863,3.220612070799896,1.4865726295267805,1.407889067298055,2.202376920626027,2.6695705628002804
2024-12-05,5.28561940347377,98587.32,43850.53728,6648724.0,759383340.0141702,103919634711492.0,112.93121270706888,3421.170068027211,1.5576989183673466,78.0,6086.490234375,4003390000.0,13.449999809265137,2.6132879151145274,3.220612070799896,1.4865726295267805,2.072300897623999,2.6855352431797086
2024-12-06,2.9327089502491797,96945.63,109921.729662,12012364.0,800710324.5047373,103919634711492.0,78.31488770725265,3306.3870967741937,1.59705784516129,84.0,6075.10986328125,4212020000.0,13.539999961853027,2.877268724480955,2.6132879151145274,3.220612070799896,2.1856647282324286,2.698721052482406
2024-12-07,1.3520869779290814,99740.84,45049.5331,6919102.0,702558736.3396405,103919634711492.0,71.9455710572086,3048.845588235294,1.5557603014705887,72.0,6090.27001953125,3924830000.0,12.770000457763672,5.28561940347377,2.877268724480955,2.6132879151145274,2.698526420920831,2.774516758777304
2024-12-08,1.77572052368264,99831.99,14931.9459,2634566.0,733553974.7075658,103919634711492.0,55.89859389234587,3211.978873239437,1.4753816971830982,75.0,6090.27001953125,3924830000.0,12.770000457763672,2.9327089502491797,5.28561940347377,2.877268724480955,2.831994108706166,2.7145688899569316
2024-12-09,3.686852327566142,101109.59,14612.99688,2994709.0,754217466.9528493,103919634711492.0,73.13094765079683,2878.904109589041,1.5827433767123291,79.0,6090.27001953125,3924830000.0,12.770000457763672,1.3520869779290814,2.9327089502491797,5.28561940347377,2.8240223816534558,2.6849962909415104
2024-12-10,3.768222227283375,97276.47,53949.11595,8445872.0,862700801.2405878,103919634711492.0,83.28893598183619,2414.754491017964,1.5128513233532934,78.0,6052.85009765625,4556460000.0,14.1899995803833,1.77572052368264,1.3520869779290814,2.9327089502491797,2.8653292236757215,2.680129340506276
2024-12-11,2.6582336339478267,96593.0,51708.68933,11556189.0,795544451.4434165,103919634711492.0,123.43249148849006,2869.7662337662337,1.6000454610389612,78.0,6034.91015625,4048410000.0,14.180000305175781,3.686852327566142,1.77572052368264,1.3520869779290814,2.9319349746423278,2.777995643860536
2024-12-12,2.7363643479717354,101125.0,37753.78291,8250511.0,733553974.7075658,103919634711492.0,65.03736473864122,3388.507042253521,1.571591711267606,74.0,6084.18994140625,4269950000.0,13.579999923706055,3.768222227283375,3.686852327566142,1.77572052368264,3.0969255906664483,2.7886704369164494
2024-12-13,2.2507134079114834,100004.29,29232.08745,8066322.0,764549213.0754911,103919634711492.0,70.00930607404412,3209.310810810811,1.580802655405405,83.0,6051.25,3678010000.0,13.920000076293945,2.6582336339478267,3.768222227283375,3.686852327566142,3.0656348634474306,2.763031560044054
2024-12-14,1.5084732490009305,101424.25,21904.03923,5481660.0,878198420.4245505,103919634711492.0,93.47637702916084,3079.9117647058824,1.6034352588235294,76.0,6051.08984375,3584960000.0,13.8100004196167,2.7363643479717354,2.6582336339478267,3.768222227283375,2.7014555698042826,2.7126512511951906
2024-12-15,1.8362684141255894,101420.0,14191.70326,3374538.0,821373816.7500207,103919634711492.0,75.2994848544508,3254.603773584906,1.5554226540880502,83.0,6051.08984375,3584960000.0,13.8100004196167,2.2507134079114834,2.7363643479717354,2.6582336339478267,2.604027635184612,2.6155996313566887
2024-12-16,2.646066508439149,104463.99,22228.921775,3638809.0,707724609.4009614,103919634711492.0,77.58042695483219,2762.970802919708,1.501376270072993,80.0,6051.08984375,3584960000.0,13.8100004196167,1.5084732490009305,2.2507134079114834,2.7363643479717354,2.626368531052019,2.524934707068291
2024-12-17,2.5836265049147844,106058.66,41302.40274,8048054.0,796354777.917631,108242734681593.58,37.10981315572218,2788.8310810810813,1.59929022972973,83.0,6074.080078125,4391100000.0,14.6899995803833,1.8362684141255894,1.5084732490009305,2.2507134079114834,2.6350182296867257,2.478750429483611
2024-12-18,3.4224506689462366,106133.74,29064.936466,7212799.0,733677850.1420219,108522647629298.0,23.457013257039115,3086.080882352941,1.613485889705882,87.0,6050.60986328125,4544500000.0,15.869999885559082,2.646066508439149,1.8362684141255894,1.5084732490009305,2.4863345412400126,2.5194589395740326
2024-12-19,3.9072441954824235,100204.01,50307.99755,8762120.0,776835370.7386113,108522647629298.0,57.28013602275788,2877.5416666666665,1.5915474513888896,81.0,5872.16015625,5246960000.0,27.6200008392334,2.5836265049147844,2.646066508439149,1.8362684141255894,2.3171065809016427,2.5441448327189273
2024-12-20,4.613626184382434,97461.86,55147.398,7273941.0,782230060.8131851,108522647629298.0,50.07723390808204,3017.751724137931,1.557361875862069,75.0,5867.080078125,4896880000.0,24.09000015258789,3.4224506689462366,2.5836265049147844,2.646066508439149,2.4262804430442726,2.5178951965118186
2024-12-21,2.0551191732198753,97805.44,62884.1357,7429007.0,814598201.2606272,108522647629298.0,57.44131854235336,2640.198675496689,1.5462122185430456,74.0,5930.85009765625,8223220000.0,18.360000610351562,3.9072441954824235,3.4224506689462366,2.5836265049147844,2.593548992688657,2.5578385932462258
2024-12-22,2.768344815580024,97291.99,23483.54143,3717638.0,782230060.8131851,108522647629298.0,162.97210136860716,2277.4137931034484,1.6188503034482762,73.0,5930.85009765625,8223220000.0,18.360000610351562,4.613626184382434,3.9072441954824235,3.4224506689462366,2.931107960755935,2.6564186520656308
2024-12-23,3.5452927054583223,95186.27,19353.83036,3633551.0,836176961.5589218,108522647629298.0,139.79086539188916,2169.141935483871,1.6410781419354843,73.0,5930.85009765625,8223220000.0,18.360000610351562,2.0551191732198753,4.613626184382434,3.9072441954824235,3.009200235644356,2.6260601918658164
2024-12-24,3.283048449877577,94881.47,32810.76703,5464919.0,749861920.3657429,108522647629298.0,54.697088697337016,2105.6187050359717,1.6732517913669065,70.0,5974.06982421875,3593280000.0,16.780000686645508,2.768344815580024,2.0551191732198753,4.613626184382434,3.1423540072807037,2.6462640974460045
2024-12-25,1.5029052536798384,98663.58,23674.22488,3421549.0,712099089.8437271,108522647629298.0,61.77757909796318,2474.0151515151515,1.561172409090909,73.0,6040.0400390625,1757720000.0,14.270000457763672,3.5452927054583223,2.768344815580024,2.0551191732198753,3.270814892569157,2.7266590630267813
2024-12-26,2.578174732861645,99429.6,14474.1651,3283028.0,814598201.2606272,108522647629298.0,87.63879610001112,2687.6225165562914,1.618173079470199,73.0,6040.0400390625,1757720000.0,14.270000457763672,3.283048449877577,3.5452927054583223,2.768344815580024,3.3707323132781277,2.7635176114336275
2024-12-27,2.6452996254889194,95791.6,21192.36727,5203490.0,706704399.7691535,108522647629298.0,50.48326403706187,2281.8015267175574,1.6209581297709923,79.0,6037.58984375,2904530000.0,14.729999542236328,1.5029052536798384,3.283048449877577,3.5452927054583223,3.0965115396686422,2.7008727669033363
2024-12-28,0.8196609119616085,94299.03,26501.26429,5718866.0,852361031.782643,108522647629298.0,37.76231787460898,2204.0569620253164,1.5462555063291137,74.0,5970.83984375,3159610000.0,15.949999809265137,2.578174732861645,1.5029052536798384,3.283048449877577,2.9066444735799593,2.6693512554611
2024-12-29,1.3311350971818514,95300.0,8385.8929,2732061.0,771440680.6640378,108522647629298.0,27.702121705273075,2087.972027972028,1.685794076923076,72.0,5970.83984375,3159610000.0,15.949999809265137,2.6452996254889194,2.578174732861645,1.5029052536798384,2.6254549651666004,2.688070512636666
2024-12-30,3.6688284647634775,93738.2,13576.00578,2865838.0,853049703.3260739,108610329323384.5,19.40468570065866,2652.6075949367087,1.7151760886075953,73.0,5970.83984375,3159610000.0,15.949999809265137,0.8196609119616085,2.6452996254889194,2.578174732861645,2.4489609278439906,2.658872957880221
2024-12-31,2.201527408348764,92792.05,27619.4225,5560563.0,867710155.9849901,109782075598904.52,20.44318623371309,2356.735849056604,1.759092691823898,65.0,5906.93994140625,3433250000.0,17.399999618530273,1.3311350971818514,0.8196609119616085,2.6452996254889194,2.243645253787109,2.636629623261222
